,fit_time,score_time,test_score,subject,session,task,acquisition,run,processing,space,recording,split,description,condition,pipeline
0,0.02816462516784668,0.0038912296295166016,0.7853535353535354,PA01,01,cvsa,,,ica,,,,,overt,tLDA
1,0.029967069625854492,0.003680706024169922,0.5353535353535354,PA01,01,cvsa,,,ica,,,,,overt,tLDA
2,0.029931068420410156,0.0036258697509765625,0.6338383838383839,PA01,01,cvsa,,,ica,,,,,overt,tLDA
3,0.02986907958984375,0.00357818603515625,0.7171717171717171,PA01,01,cvsa,,,ica,,,,,overt,tLDA
4,0.02971816062927246,0.0036182403564453125,0.5959595959595959,PA01,01,cvsa,,,ica,,,,,overt,tLDA
5,0.03890085220336914,0.004086494445800781,0.8777777777777778,PA01,01,cvsa,,,ica,,,,,overt,tLDA
6,0.04140782356262207,0.00524449348449707,0.7583333333333333,PA01,01,cvsa,,,ica,,,,,overt,tLDA
7,0.04518485069274902,0.003907203674316406,0.6027777777777777,PA01,01,cvsa,,,ica,,,,,overt,tLDA
8,0.043152570724487305,0.003671407699584961,0.5,PA01,01,cvsa,,,ica,,,,,overt,tLDA
9,0.033158302307128906,0.0039730072021484375,0.6988636363636364,PA01,01,cvsa,,,ica,,,,,overt,tLDA
20,0.03045177459716797,0.003891468048095703,0.4419191919191919,PA01,01,cvsa,,,ica,,,,,covert,tLDA
21,0.03022623062133789,0.0037407875061035156,0.5227272727272727,PA01,01,cvsa,,,ica,,,,,covert,tLDA
22,0.03070855140686035,0.003983974456787109,0.755050505050505,PA01,01,cvsa,,,ica,,,,,covert,tLDA
23,0.030359268188476562,0.003686189651489258,0.7222222222222222,PA01,01,cvsa,,,ica,,,,,covert,tLDA
24,0.031075000762939453,0.003782510757446289,0.6022727272727273,PA01,01,cvsa,,,ica,,,,,covert,tLDA
25,0.030832290649414062,0.003612041473388672,0.6789772727272727,PA01,01,cvsa,,,ica,,,,,covert,tLDA
26,0.03022933006286621,0.003728628158569336,0.6051136363636365,PA01,01,cvsa,,,ica,,,,,covert,tLDA
27,0.030321359634399414,0.003645181655883789,0.48863636363636365,PA01,01,cvsa,,,ica,,,,,covert,tLDA
28,0.030836820602416992,0.004292011260986328,0.5116279069767442,PA01,01,cvsa,,,ica,,,,,covert,tLDA
29,0.0294191837310791,0.004047393798828125,0.6821705426356589,PA01,01,cvsa,,,ica,,,,,covert,tLDA
40,0.030968666076660156,0.003889799118041992,0.712121212121212,PA01,01,cvsa,,,ica,,,,,free,tLDA
41,0.03078317642211914,0.0038111209869384766,0.6287878787878788,PA01,01,cvsa,,,ica,,,,,free,tLDA
42,0.031322479248046875,0.003832101821899414,0.7878787878787878,PA01,01,cvsa,,,ica,,,,,free,tLDA
43,0.030778169631958008,0.003812551498413086,0.611111111111111,PA01,01,cvsa,,,ica,,,,,free,tLDA
44,0.03033161163330078,0.0046367645263671875,0.5738636363636364,PA01,01,cvsa,,,ica,,,,,free,tLDA
45,0.034708499908447266,0.003841400146484375,0.8522727272727273,PA01,01,cvsa,,,ica,,,,,free,tLDA
46,0.03117084503173828,0.004000186920166016,0.7045454545454546,PA01,01,cvsa,,,ica,,,,,free,tLDA
47,0.031033992767333984,0.003772258758544922,0.813953488372093,PA01,01,cvsa,,,ica,,,,,free,tLDA
48,0.04013395309448242,0.0038785934448242188,0.648578811369509,PA01,01,cvsa,,,ica,,,,,free,tLDA
49,0.031162261962890625,0.0037994384765625,0.6408268733850129,PA01,01,cvsa,,,ica,,,,,free,tLDA
60,0.02249598503112793,0.004037380218505859,0.7751937984496124,PB01,01,cvsa,,,ica,,,,,overt,tLDA
61,0.029808521270751953,0.0036928653717041016,0.7751937984496124,PB01,01,cvsa,,,ica,,,,,overt,tLDA
62,0.030315160751342773,0.0036568641662597656,0.9819121447028424,PB01,01,cvsa,,,ica,,,,,overt,tLDA
63,0.030495643615722656,0.003772258758544922,0.9354005167958657,PB01,01,cvsa,,,ica,,,,,overt,tLDA
64,0.030825138092041016,0.0038230419158935547,0.9819121447028424,PB01,01,cvsa,,,ica,,,,,overt,tLDA
65,0.04443359375,0.003831624984741211,0.8630490956072351,PB01,01,cvsa,,,ica,,,,,overt,tLDA
66,0.04208087921142578,0.0038161277770996094,0.9328165374677002,PB01,01,cvsa,,,ica,,,,,overt,tLDA
67,0.033142805099487305,0.003916740417480469,0.9121447028423773,PB01,01,cvsa,,,ica,,,,,overt,tLDA
68,0.04067206382751465,0.003831148147583008,0.9761904761904762,PB01,01,cvsa,,,ica,,,,,overt,tLDA
69,0.03325819969177246,0.0041506290435791016,0.9470899470899471,PB01,01,cvsa,,,ica,,,,,overt,tLDA
80,0.032013893127441406,0.003969907760620117,0.6744186046511628,PB01,01,cvsa,,,ica,,,,,covert,tLDA
81,0.03195476531982422,0.0040056705474853516,0.45348837209302334,PB01,01,cvsa,,,ica,,,,,covert,tLDA
82,0.03156590461730957,0.00398564338684082,0.7616279069767442,PB01,01,cvsa,,,ica,,,,,covert,tLDA
83,0.03167152404785156,0.00439763069152832,0.7202380952380952,PB01,01,cvsa,,,ica,,,,,covert,tLDA
84,0.03175759315490723,0.004469156265258789,0.7261904761904762,PB01,01,cvsa,,,ica,,,,,covert,tLDA
85,0.03175067901611328,0.0039017200469970703,0.7767857142857142,PB01,01,cvsa,,,ica,,,,,covert,tLDA
86,0.0321042537689209,0.003993511199951172,0.7232142857142858,PB01,01,cvsa,,,ica,,,,,covert,tLDA
87,0.03207898139953613,0.00437474250793457,0.7940199335548173,PB01,01,cvsa,,,ica,,,,,covert,tLDA
88,0.03183603286743164,0.0039000511169433594,0.6843853820598007,PB01,01,cvsa,,,ica,,,,,covert,tLDA
89,0.03180956840515137,0.0039136409759521484,0.6843853820598006,PB01,01,cvsa,,,ica,,,,,covert,tLDA
100,0.03320002555847168,0.004069805145263672,0.9500000000000001,PB01,01,cvsa,,,ica,,,,,free,tLDA
101,0.032949209213256836,0.004047870635986328,0.7138888888888888,PB01,01,cvsa,,,ica,,,,,free,tLDA
102,0.04364824295043945,0.00411534309387207,0.9777777777777777,PB01,01,cvsa,,,ica,,,,,free,tLDA
103,0.03394055366516113,0.004083156585693359,0.9416666666666667,PB01,01,cvsa,,,ica,,,,,free,tLDA
104,0.03343081474304199,0.004436016082763672,0.9722222222222222,PB01,01,cvsa,,,ica,,,,,free,tLDA
105,0.03356504440307617,0.0040435791015625,0.8737373737373737,PB01,01,cvsa,,,ica,,,,,free,tLDA
106,0.033507585525512695,0.00406956672668457,0.9318181818181819,PB01,01,cvsa,,,ica,,,,,free,tLDA
107,0.0333552360534668,0.004495382308959961,0.9646464646464646,PB01,01,cvsa,,,ica,,,,,free,tLDA
108,0.03344416618347168,0.004033088684082031,0.9494949494949495,PB01,01,cvsa,,,ica,,,,,free,tLDA
109,0.033312082290649414,0.004048347473144531,0.9368686868686869,PB01,01,cvsa,,,ica,,,,,free,tLDA
120,0.025757551193237305,0.003900766372680664,0.7676767676767676,PB02,01,cvsa,,,ica,,,,,overt,tLDA
121,0.031246185302734375,0.0038521289825439453,0.6515151515151515,PB02,01,cvsa,,,ica,,,,,overt,tLDA
122,0.03153252601623535,0.003919124603271484,0.8207070707070706,PB02,01,cvsa,,,ica,,,,,overt,tLDA
123,0.03989243507385254,0.0039293766021728516,0.9744318181818181,PB02,01,cvsa,,,ica,,,,,overt,tLDA
124,0.0341494083404541,0.004006385803222656,0.9403409090909091,PB02,01,cvsa,,,ica,,,,,overt,tLDA
125,0.03243088722229004,0.004361629486083984,0.8409090909090909,PB02,01,cvsa,,,ica,,,,,overt,tLDA
126,0.03258466720581055,0.004040956497192383,0.8294573643410852,PB02,01,cvsa,,,ica,,,,,overt,tLDA
127,0.03264570236206055,0.004013538360595703,0.8294573643410854,PB02,01,cvsa,,,ica,,,,,overt,tLDA
128,0.03447580337524414,0.004044294357299805,0.8217054263565892,PB02,01,cvsa,,,ica,,,,,overt,tLDA
129,0.03309440612792969,0.003996610641479492,0.8449612403100776,PB02,01,cvsa,,,ica,,,,,overt,tLDA
140,0.034445762634277344,0.004083871841430664,0.7855297157622738,PB02,01,cvsa,,,ica,,,,,covert,tLDA
141,0.03397321701049805,0.004594564437866211,0.6098191214470284,PB02,01,cvsa,,,ica,,,,,covert,tLDA
142,0.06060647964477539,0.0045185089111328125,0.607235142118863,PB02,01,cvsa,,,ica,,,,,covert,tLDA
143,0.03299570083618164,0.004149198532104492,0.5167958656330749,PB02,01,cvsa,,,ica,,,,,covert,tLDA
144,0.041036367416381836,0.005079030990600586,0.6459948320413437,PB02,01,cvsa,,,ica,,,,,covert,tLDA
145,0.03233671188354492,0.003650665283203125,0.5943152454780362,PB02,01,cvsa,,,ica,,,,,covert,tLDA
146,0.042722225189208984,0.004183530807495117,0.6453488372093024,PB02,01,cvsa,,,ica,,,,,covert,tLDA
147,0.058019399642944336,0.004586458206176758,0.7703488372093024,PB02,01,cvsa,,,ica,,,,,covert,tLDA
148,0.06537127494812012,0.00422215461730957,0.4215116279069767,PB02,01,cvsa,,,ica,,,,,covert,tLDA
149,0.06175541877746582,0.004259824752807617,0.5873015873015873,PB02,01,cvsa,,,ica,,,,,covert,tLDA
160,0.03733038902282715,0.004333972930908203,0.8477272727272727,PB02,01,cvsa,,,ica,,,,,free,tLDA
161,0.03830432891845703,0.004706859588623047,0.6863636363636364,PB02,01,cvsa,,,ica,,,,,free,tLDA
162,0.03671908378601074,0.004416704177856445,0.8863636363636362,PB02,01,cvsa,,,ica,,,,,free,tLDA
163,0.03570294380187988,0.0044825077056884766,0.8156565656565656,PB02,01,cvsa,,,ica,,,,,free,tLDA
164,0.06872367858886719,0.0043222904205322266,0.5732323232323232,PB02,01,cvsa,,,ica,,,,,free,tLDA
165,0.07553219795227051,0.004357099533081055,0.8888888888888888,PB02,01,cvsa,,,ica,,,,,free,tLDA
166,0.03943967819213867,0.00439143180847168,0.7558139534883721,PB02,01,cvsa,,,ica,,,,,free,tLDA
167,0.03558707237243652,0.0042209625244140625,0.8186046511627907,PB02,01,cvsa,,,ica,,,,,free,tLDA
168,0.03598141670227051,0.0043926239013671875,0.7697674418604652,PB02,01,cvsa,,,ica,,,,,free,tLDA
169,0.03747367858886719,0.00425410270690918,0.8418604651162791,PB02,01,cvsa,,,ica,,,,,free,tLDA
180,0.022594928741455078,0.003680706024169922,0.4797979797979798,PB03,01,cvsa,,,ica,,,,,overt,tLDA
181,0.03586602210998535,0.004525423049926758,0.2904040404040404,PB03,01,cvsa,,,ica,,,,,overt,tLDA
182,0.03365635871887207,0.004328250885009766,0.6515151515151516,PB03,01,cvsa,,,ica,,,,,overt,tLDA
183,0.033547401428222656,0.004096508026123047,0.5631313131313131,PB03,01,cvsa,,,ica,,,,,overt,tLDA
184,0.04415392875671387,0.00417637825012207,0.7095959595959596,PB03,01,cvsa,,,ica,,,,,overt,tLDA
185,0.038277387619018555,0.0041544437408447266,0.5,PB03,01,cvsa,,,ica,,,,,overt,tLDA
186,0.03063201904296875,0.0045206546783447266,0.6818181818181819,PB03,01,cvsa,,,ica,,,,,overt,tLDA
187,0.034882545471191406,0.004166603088378906,0.5883838383838383,PB03,01,cvsa,,,ica,,,,,overt,tLDA
188,0.03047943115234375,0.00400853157043457,0.5568181818181819,PB03,01,cvsa,,,ica,,,,,overt,tLDA
189,0.03012681007385254,0.004114627838134766,0.48295454545454547,PB03,01,cvsa,,,ica,,,,,overt,tLDA
200,0.032215118408203125,0.004243135452270508,0.711111111111111,PB03,01,cvsa,,,ica,,,,,covert,tLDA
201,0.04382467269897461,0.004387855529785156,0.471604938271605,PB03,01,cvsa,,,ica,,,,,covert,tLDA
202,0.06367826461791992,0.0045337677001953125,0.528395061728395,PB03,01,cvsa,,,ica,,,,,covert,tLDA
203,0.05743718147277832,0.0047245025634765625,0.7166666666666667,PB03,01,cvsa,,,ica,,,,,covert,tLDA
204,0.039855241775512695,0.0046689510345458984,0.6444444444444444,PB03,01,cvsa,,,ica,,,,,covert,tLDA
205,0.03442859649658203,0.007614612579345703,0.55,PB03,01,cvsa,,,ica,,,,,covert,tLDA
206,0.03639578819274902,0.004296302795410156,0.3194444444444444,PB03,01,cvsa,,,ica,,,,,covert,tLDA
207,0.03330683708190918,0.004243373870849609,0.6972222222222222,PB03,01,cvsa,,,ica,,,,,covert,tLDA
208,0.04014229774475098,0.004330158233642578,0.4015151515151515,PB03,01,cvsa,,,ica,,,,,covert,tLDA
209,0.036528587341308594,0.00447392463684082,0.5252525252525253,PB03,01,cvsa,,,ica,,,,,covert,tLDA
220,0.03519487380981445,0.00445866584777832,0.4949494949494949,PB03,01,cvsa,,,ica,,,,,free,tLDA
221,0.04171299934387207,0.004591464996337891,0.43434343434343436,PB03,01,cvsa,,,ica,,,,,free,tLDA
222,0.0420534610748291,0.004533529281616211,0.26767676767676774,PB03,01,cvsa,,,ica,,,,,free,tLDA
223,0.054593563079833984,0.005014181137084961,0.3409090909090909,PB03,01,cvsa,,,ica,,,,,free,tLDA
224,0.04816722869873047,0.004488468170166016,0.3838383838383838,PB03,01,cvsa,,,ica,,,,,free,tLDA
225,0.03781867027282715,0.005565643310546875,0.5303030303030303,PB03,01,cvsa,,,ica,,,,,free,tLDA
226,0.03850221633911133,0.004582643508911133,0.38131313131313127,PB03,01,cvsa,,,ica,,,,,free,tLDA
227,0.04098939895629883,0.0045855045318603516,0.6186868686868686,PB03,01,cvsa,,,ica,,,,,free,tLDA
228,0.03381228446960449,0.004404544830322266,0.3282828282828283,PB03,01,cvsa,,,ica,,,,,free,tLDA
229,0.03239178657531738,0.005051851272583008,0.5813953488372092,PB03,01,cvsa,,,ica,,,,,free,tLDA
240,0.025226593017578125,0.003689289093017578,0.8666666666666667,PB04,01,cvsa,,,ica,,,,,overt,tLDA
241,0.029962539672851562,0.003920078277587891,0.8722222222222221,PB04,01,cvsa,,,ica,,,,,overt,tLDA
242,0.028673171997070312,0.003960847854614258,0.8805555555555554,PB04,01,cvsa,,,ica,,,,,overt,tLDA
243,0.028365373611450195,0.0041844844818115234,0.7803030303030303,PB04,01,cvsa,,,ica,,,,,overt,tLDA
244,0.02872157096862793,0.004495143890380859,0.7878787878787878,PB04,01,cvsa,,,ica,,,,,overt,tLDA
245,0.049009084701538086,0.004230976104736328,0.7727272727272727,PB04,01,cvsa,,,ica,,,,,overt,tLDA
246,0.04075360298156738,0.004528522491455078,0.8358585858585859,PB04,01,cvsa,,,ica,,,,,overt,tLDA
247,0.029412031173706055,0.0047185420989990234,0.861111111111111,PB04,01,cvsa,,,ica,,,,,overt,tLDA
248,0.03136730194091797,0.004338502883911133,0.8434343434343434,PB04,01,cvsa,,,ica,,,,,overt,tLDA
249,0.029471635818481445,0.00429081916809082,0.8181818181818181,PB04,01,cvsa,,,ica,,,,,overt,tLDA
260,0.0317540168762207,0.004303455352783203,0.6793478260869565,PB04,01,cvsa,,,ica,,,,,covert,tLDA
261,0.04075455665588379,0.00437617301940918,0.5093167701863353,PB04,01,cvsa,,,ica,,,,,covert,tLDA
262,0.03203105926513672,0.0042994022369384766,0.5372670807453417,PB04,01,cvsa,,,ica,,,,,covert,tLDA
263,0.04193615913391113,0.00439763069152832,0.4361111111111111,PB04,01,cvsa,,,ica,,,,,covert,tLDA
264,0.04351663589477539,0.004366636276245117,0.5416666666666667,PB04,01,cvsa,,,ica,,,,,covert,tLDA
265,0.03340005874633789,0.005298137664794922,0.5444444444444444,PB04,01,cvsa,,,ica,,,,,covert,tLDA
266,0.039933204650878906,0.004607200622558594,0.37777777777777777,PB04,01,cvsa,,,ica,,,,,covert,tLDA
267,0.04292035102844238,0.004400014877319336,0.4,PB04,01,cvsa,,,ica,,,,,covert,tLDA
268,0.032152652740478516,0.004204273223876953,0.5555555555555556,PB04,01,cvsa,,,ica,,,,,covert,tLDA
269,0.0424046516418457,0.004461765289306641,0.6027777777777777,PB04,01,cvsa,,,ica,,,,,covert,tLDA
280,0.029474973678588867,0.004303693771362305,0.8039772727272727,PB04,01,cvsa,,,ica,,,,,free,tLDA
281,0.02893519401550293,0.004347085952758789,0.8892045454545454,PB04,01,cvsa,,,ica,,,,,free,tLDA
282,0.02943897247314453,0.004327535629272461,0.8920454545454546,PB04,01,cvsa,,,ica,,,,,free,tLDA
283,0.02928471565246582,0.004309415817260742,0.9276485788113695,PB04,01,cvsa,,,ica,,,,,free,tLDA
284,0.02936267852783203,0.004270792007446289,0.7906976744186046,PB04,01,cvsa,,,ica,,,,,free,tLDA
285,0.02892470359802246,0.0043752193450927734,0.8888888888888888,PB04,01,cvsa,,,ica,,,,,free,tLDA
286,0.028895854949951172,0.004342317581176758,0.7080103359173127,PB04,01,cvsa,,,ica,,,,,free,tLDA
287,0.028819561004638672,0.00470423698425293,0.9040697674418605,PB04,01,cvsa,,,ica,,,,,free,tLDA
288,0.028976917266845703,0.0046045780181884766,1.0,PB04,01,cvsa,,,ica,,,,,free,tLDA
289,0.028885364532470703,0.0047168731689453125,0.7877906976744187,PB04,01,cvsa,,,ica,,,,,free,tLDA
300,0.021257400512695312,0.003609895706176758,0.4289405684754522,PC02,01,cvsa,,,ica,,,,,overt,tLDA
301,0.027390480041503906,0.003641366958618164,0.648578811369509,PC02,01,cvsa,,,ica,,,,,overt,tLDA
302,0.028628110885620117,0.004022121429443359,0.6761363636363636,PC02,01,cvsa,,,ica,,,,,overt,tLDA
303,0.0298612117767334,0.004042863845825195,0.7926136363636364,PC02,01,cvsa,,,ica,,,,,overt,tLDA
304,0.030275344848632812,0.0041391849517822266,0.8238636363636364,PC02,01,cvsa,,,ica,,,,,overt,tLDA
305,0.047013282775878906,0.004341602325439453,0.7102272727272727,PC02,01,cvsa,,,ica,,,,,overt,tLDA
306,0.03384995460510254,0.004642486572265625,0.6802325581395349,PC02,01,cvsa,,,ica,,,,,overt,tLDA
307,0.031039714813232422,0.004622936248779297,0.7965116279069767,PC02,01,cvsa,,,ica,,,,,overt,tLDA
308,0.03133106231689453,0.004235506057739258,0.6947674418604651,PC02,01,cvsa,,,ica,,,,,overt,tLDA
309,0.03172469139099121,0.004256248474121094,0.8517441860465116,PC02,01,cvsa,,,ica,,,,,overt,tLDA
320,0.032804250717163086,0.004368782043457031,0.4576719576719577,PC02,01,cvsa,,,ica,,,,,covert,tLDA
321,0.031929969787597656,0.004599571228027344,0.5211640211640212,PC02,01,cvsa,,,ica,,,,,covert,tLDA
322,0.03174257278442383,0.004297018051147461,0.48546511627906974,PC02,01,cvsa,,,ica,,,,,covert,tLDA
323,0.0318150520324707,0.004385471343994141,0.502906976744186,PC02,01,cvsa,,,ica,,,,,covert,tLDA
324,0.04001188278198242,0.004812955856323242,0.7441860465116279,PC02,01,cvsa,,,ica,,,,,covert,tLDA
325,0.0317232608795166,0.004813671112060547,0.5930232558139534,PC02,01,cvsa,,,ica,,,,,covert,tLDA
326,0.03167390823364258,0.004250526428222656,0.5697674418604651,PC02,01,cvsa,,,ica,,,,,covert,tLDA
327,0.03185772895812988,0.004259586334228516,0.6511627906976745,PC02,01,cvsa,,,ica,,,,,covert,tLDA
328,0.03195667266845703,0.004787445068359375,0.6190476190476191,PC02,01,cvsa,,,ica,,,,,covert,tLDA
329,0.03205680847167969,0.0044193267822265625,0.6488095238095238,PC02,01,cvsa,,,ica,,,,,covert,tLDA
340,0.03270721435546875,0.004387378692626953,0.9037037037037037,PC02,01,cvsa,,,ica,,,,,free,tLDA
341,0.033051252365112305,0.0044057369232177734,0.7555555555555554,PC02,01,cvsa,,,ica,,,,,free,tLDA
342,0.03280901908874512,0.0044248104095458984,0.5777777777777777,PC02,01,cvsa,,,ica,,,,,free,tLDA
343,0.03305792808532715,0.004266500473022461,0.8172839506172839,PC02,01,cvsa,,,ica,,,,,free,tLDA
344,0.0328824520111084,0.0047986507415771484,0.6666666666666666,PC02,01,cvsa,,,ica,,,,,free,tLDA
345,0.03313446044921875,0.004399299621582031,0.582716049382716,PC02,01,cvsa,,,ica,,,,,free,tLDA
346,0.032654523849487305,0.004434347152709961,0.638888888888889,PC02,01,cvsa,,,ica,,,,,free,tLDA
347,0.03296208381652832,0.00471806526184082,0.7929292929292928,PC02,01,cvsa,,,ica,,,,,free,tLDA
348,0.03322410583496094,0.004431486129760742,0.7095959595959596,PC02,01,cvsa,,,ica,,,,,free,tLDA
349,0.0332181453704834,0.004407167434692383,0.797979797979798,PC02,01,cvsa,,,ica,,,,,free,tLDA
360,0.019474029541015625,0.004490375518798828,0.6902173913043479,PC03,01,cvsa,,,ica,,,,,overt,tLDA
361,0.02716350555419922,0.00413203239440918,0.8839506172839506,PC03,01,cvsa,,,ica,,,,,overt,tLDA
362,0.027531862258911133,0.0041501522064208984,0.6765432098765432,PC03,01,cvsa,,,ica,,,,,overt,tLDA
363,0.03086996078491211,0.00445866584777832,0.7432098765432098,PC03,01,cvsa,,,ica,,,,,overt,tLDA
364,0.027809619903564453,0.004523038864135742,0.6333333333333334,PC03,01,cvsa,,,ica,,,,,overt,tLDA
365,0.05051302909851074,0.004201173782348633,0.7888888888888889,PC03,01,cvsa,,,ica,,,,,overt,tLDA
366,0.040372610092163086,0.0048062801361083984,0.6805555555555556,PC03,01,cvsa,,,ica,,,,,overt,tLDA
367,0.030837535858154297,0.004358768463134766,0.6305555555555556,PC03,01,cvsa,,,ica,,,,,overt,tLDA
368,0.03197813034057617,0.004431962966918945,0.661111111111111,PC03,01,cvsa,,,ica,,,,,overt,tLDA
369,0.04436850547790527,0.0040073394775390625,0.6611111111111111,PC03,01,cvsa,,,ica,,,,,overt,tLDA
380,0.029011249542236328,0.004281520843505859,0.35511363636363635,PC03,01,cvsa,,,ica,,,,,covert,tLDA
381,0.028633832931518555,0.004242658615112305,0.5681818181818181,PC03,01,cvsa,,,ica,,,,,covert,tLDA
382,0.0304872989654541,0.004190921783447266,0.6022727272727272,PC03,01,cvsa,,,ica,,,,,covert,tLDA
383,0.02921915054321289,0.004251718521118164,0.4318181818181818,PC03,01,cvsa,,,ica,,,,,covert,tLDA
384,0.02901911735534668,0.004140377044677734,0.5174418604651163,PC03,01,cvsa,,,ica,,,,,covert,tLDA
385,0.048806190490722656,0.005273103713989258,0.5319767441860466,PC03,01,cvsa,,,ica,,,,,covert,tLDA
386,0.03172016143798828,0.004708528518676758,0.6715116279069767,PC03,01,cvsa,,,ica,,,,,covert,tLDA
387,0.029074430465698242,0.0042269229888916016,0.5668604651162791,PC03,01,cvsa,,,ica,,,,,covert,tLDA
388,0.02889394760131836,0.00424647331237793,0.2848837209302325,PC03,01,cvsa,,,ica,,,,,covert,tLDA
389,0.028836488723754883,0.00417017936706543,0.436046511627907,PC03,01,cvsa,,,ica,,,,,covert,tLDA
400,0.029624462127685547,0.004347562789916992,0.7474747474747474,PC03,01,cvsa,,,ica,,,,,free,tLDA
401,0.029221534729003906,0.004267692565917969,0.5883838383838383,PC03,01,cvsa,,,ica,,,,,free,tLDA
402,0.031533241271972656,0.004342794418334961,0.6287878787878788,PC03,01,cvsa,,,ica,,,,,free,tLDA
403,0.029045581817626953,0.004360675811767578,0.6439393939393939,PC03,01,cvsa,,,ica,,,,,free,tLDA
404,0.029078006744384766,0.004349708557128906,0.5277777777777777,PC03,01,cvsa,,,ica,,,,,free,tLDA
405,0.029229402542114258,0.004428386688232422,0.5883838383838383,PC03,01,cvsa,,,ica,,,,,free,tLDA
406,0.028996706008911133,0.004339694976806641,0.5994318181818181,PC03,01,cvsa,,,ica,,,,,free,tLDA
407,0.029045820236206055,0.004678964614868164,0.6718346253229973,PC03,01,cvsa,,,ica,,,,,free,tLDA
408,0.029049396514892578,0.004639148712158203,0.7855297157622738,PC03,01,cvsa,,,ica,,,,,free,tLDA
409,0.028969287872314453,0.004647016525268555,0.5943152454780362,PC03,01,cvsa,,,ica,,,,,free,tLDA
420,0.024587392807006836,0.0041656494140625,0.45679012345679004,PC04,01,cvsa,,,ica,,,,,overt,tLDA
421,0.03033614158630371,0.004316568374633789,0.6790123456790124,PC04,01,cvsa,,,ica,,,,,overt,tLDA
422,0.03126335144042969,0.004057168960571289,0.6694444444444444,PC04,01,cvsa,,,ica,,,,,overt,tLDA
423,0.03200650215148926,0.004102230072021484,0.6944444444444444,PC04,01,cvsa,,,ica,,,,,overt,tLDA
424,0.03250551223754883,0.004175662994384766,0.538888888888889,PC04,01,cvsa,,,ica,,,,,overt,tLDA
425,0.04881763458251953,0.004607200622558594,0.7722222222222223,PC04,01,cvsa,,,ica,,,,,overt,tLDA
426,0.04242706298828125,0.004233837127685547,0.6805555555555556,PC04,01,cvsa,,,ica,,,,,overt,tLDA
427,0.035689592361450195,0.004424095153808594,0.725,PC04,01,cvsa,,,ica,,,,,overt,tLDA
428,0.03743457794189453,0.004380464553833008,0.8222222222222222,PC04,01,cvsa,,,ica,,,,,overt,tLDA
429,0.04486656188964844,0.004376888275146484,0.5732323232323233,PC04,01,cvsa,,,ica,,,,,overt,tLDA
440,0.03430986404418945,0.004807233810424805,0.6161616161616161,PC04,01,cvsa,,,ica,,,,,covert,tLDA
441,0.03395986557006836,0.0044023990631103516,0.5353535353535354,PC04,01,cvsa,,,ica,,,,,covert,tLDA
442,0.03402876853942871,0.004361629486083984,0.5303030303030303,PC04,01,cvsa,,,ica,,,,,covert,tLDA
443,0.0342555046081543,0.004800558090209961,0.7424242424242424,PC04,01,cvsa,,,ica,,,,,covert,tLDA
444,0.03370809555053711,0.005057811737060547,0.6969696969696969,PC04,01,cvsa,,,ica,,,,,covert,tLDA
445,0.033796072006225586,0.004271984100341797,0.5833333333333334,PC04,01,cvsa,,,ica,,,,,covert,tLDA
446,0.03445935249328613,0.004305362701416016,0.6388888888888888,PC04,01,cvsa,,,ica,,,,,covert,tLDA
447,0.034166812896728516,0.004293918609619141,0.669250645994832,PC04,01,cvsa,,,ica,,,,,covert,tLDA
448,0.03393816947937012,0.004812717437744141,0.5503875968992248,PC04,01,cvsa,,,ica,,,,,covert,tLDA
449,0.03421759605407715,0.004352569580078125,0.6330749354005167,PC04,01,cvsa,,,ica,,,,,covert,tLDA
460,0.03532266616821289,0.004433870315551758,0.6022727272727273,PC04,01,cvsa,,,ica,,,,,free,tLDA
461,0.03445553779602051,0.004450082778930664,0.5840909090909091,PC04,01,cvsa,,,ica,,,,,free,tLDA
462,0.03470873832702637,0.004825592041015625,0.4704545454545455,PC04,01,cvsa,,,ica,,,,,free,tLDA
463,0.03516983985900879,0.0044558048248291016,0.5545454545454546,PC04,01,cvsa,,,ica,,,,,free,tLDA
464,0.0430755615234375,0.00439143180847168,0.6090909090909091,PC04,01,cvsa,,,ica,,,,,free,tLDA
465,0.034619808197021484,0.004292011260986328,0.38863636363636367,PC04,01,cvsa,,,ica,,,,,free,tLDA
466,0.03499794006347656,0.0044252872467041016,0.6772727272727272,PC04,01,cvsa,,,ica,,,,,free,tLDA
467,0.03501582145690918,0.004544734954833984,0.4818181818181818,PC04,01,cvsa,,,ica,,,,,free,tLDA
468,0.034657955169677734,0.004746913909912109,0.7113636363636364,PC04,01,cvsa,,,ica,,,,,free,tLDA
469,0.03498077392578125,0.004435539245605469,0.6287878787878788,PC04,01,cvsa,,,ica,,,,,free,tLDA
480,0.017334699630737305,0.0034444332122802734,0.375,PD01,01,cvsa,,,ica,,,,,overt,tLDA
481,0.0157623291015625,0.0034780502319335938,0.0,PD01,01,cvsa,,,ica,,,,,overt,tLDA
482,0.0169222354888916,0.003616809844970703,0.5,PD01,01,cvsa,,,ica,,,,,overt,tLDA
483,0.016514301300048828,0.003642559051513672,1.0,PD01,01,cvsa,,,ica,,,,,overt,tLDA
484,0.016849279403686523,0.0037484169006347656,1.0,PD01,01,cvsa,,,ica,,,,,overt,tLDA
485,0.017133235931396484,0.004133939743041992,0.75,PD01,01,cvsa,,,ica,,,,,overt,tLDA
486,0.01712322235107422,0.003751516342163086,0.8571428571428572,PD01,01,cvsa,,,ica,,,,,overt,tLDA
487,0.038141489028930664,0.004387855529785156,0.7142857142857142,PD01,01,cvsa,,,ica,,,,,overt,tLDA
488,0.04059553146362305,0.005183696746826172,0.5,PD01,01,cvsa,,,ica,,,,,overt,tLDA
489,0.020852327346801758,0.004133939743041992,0.8571428571428572,PD01,01,cvsa,,,ica,,,,,overt,tLDA
500,0.02260613441467285,0.006482839584350586,0.8,PD01,01,cvsa,,,ica,,,,,covert,tLDA
501,0.023115873336791992,0.00457000732421875,1.0,PD01,01,cvsa,,,ica,,,,,covert,tLDA
502,0.024605512619018555,0.004193782806396484,0.9,PD01,01,cvsa,,,ica,,,,,covert,tLDA
503,0.020015954971313477,0.0038225650787353516,0.5,PD01,01,cvsa,,,ica,,,,,covert,tLDA
504,0.020345449447631836,0.0040547847747802734,0.30000000000000004,PD01,01,cvsa,,,ica,,,,,covert,tLDA
505,0.01902174949645996,0.003747701644897461,0.8,PD01,01,cvsa,,,ica,,,,,covert,tLDA
506,0.02331066131591797,0.0050961971282958984,0.05555555555555558,PD01,01,cvsa,,,ica,,,,,covert,tLDA
507,0.022006988525390625,0.004088401794433594,0.16666666666666669,PD01,01,cvsa,,,ica,,,,,covert,tLDA
508,0.02707386016845703,0.004037618637084961,0.5,PD01,01,cvsa,,,ica,,,,,covert,tLDA
509,0.018616914749145508,0.004292488098144531,0.8333333333333334,PD01,01,cvsa,,,ica,,,,,covert,tLDA
520,0.018141984939575195,0.003956794738769531,1.0,PD01,01,cvsa,,,ica,,,,,free,tLDA
521,0.018093109130859375,0.003922700881958008,0.8333333333333334,PD01,01,cvsa,,,ica,,,,,free,tLDA
522,0.017568111419677734,0.003965139389038086,1.0,PD01,01,cvsa,,,ica,,,,,free,tLDA
523,0.017547607421875,0.0040318965911865234,0.8333333333333334,PD01,01,cvsa,,,ica,,,,,free,tLDA
524,0.01775813102722168,0.0039081573486328125,0.8333333333333334,PD01,01,cvsa,,,ica,,,,,free,tLDA
525,0.017987966537475586,0.004324674606323242,0.8333333333333334,PD01,01,cvsa,,,ica,,,,,free,tLDA
526,0.017777681350708008,0.0038080215454101562,0.8333333333333334,PD01,01,cvsa,,,ica,,,,,free,tLDA
527,0.017908573150634766,0.003914594650268555,1.0,PD01,01,cvsa,,,ica,,,,,free,tLDA
528,0.01730513572692871,0.004191160202026367,0.16666666666666663,PD01,01,cvsa,,,ica,,,,,free,tLDA
529,0.017565250396728516,0.0038874149322509766,0.8333333333333334,PD01,01,cvsa,,,ica,,,,,free,tLDA
