,index,block,rank,F_tr,F_rt,log_loss,mse,nmse,dataset,subject,session
0,0,1,"(22, 4, 16)",0.0003279242085862787,0.34013538081331396,0.0004449210364098236,3.191722891666206e-06,3.191722891666207e-06,BNCI2014-001,1,0train
1,1,2,"(2, 2, 2)",0.00032792425018687274,0.34176505943829055,0.0014631521069399635,3.0422368605092796e-06,3.0422368605092804e-06,BNCI2014-001,1,0train
2,2,3,"(2, 2, 2)",0.0003279242593946824,0.34339393642057836,0.005676072739773468,3.006526592045118e-06,3.0065265920451187e-06,BNCI2014-001,1,0train
3,3,4,"(4, 4, 4)",0.0003279242724980236,0.35639779820210565,0.006097500003057048,2.9188267179141685e-06,2.9188267179141694e-06,BNCI2014-001,1,0train
4,4,5,"(2, 2, 2)",0.00032792427529471427,0.35802005494465244,0.004229140940681438,2.908156444167618e-06,2.908156444167619e-06,BNCI2014-001,1,0train
5,5,6,"(1, 1, 1)",0.00032792427975891455,0.3582228238347933,0.0026867304625580735,2.9056913019746356e-06,2.9056913019746364e-06,BNCI2014-001,1,0train
6,6,7,"(2, 2, 2)",0.00032792428136477707,0.3598443033657875,0.006180599835600223,2.891995311333002e-06,2.891995311333003e-06,BNCI2014-001,1,0train
7,7,8,"(1, 1, 1)",0.00032792428290059336,0.3600469463123346,0.005054038672563272,2.889200915466025e-06,2.889200915466026e-06,BNCI2014-001,1,0train
8,8,9,"(4, 4, 4)",0.000327924284849719,0.37299423416656907,0.00058095542369843,2.8319242689217322e-06,2.831924268921733e-06,BNCI2014-001,1,0train
9,9,10,"(1, 1, 1)",0.0003279242863380694,0.3731962176612482,0.00031755380147882513,2.8283641356282875e-06,2.8283641356282883e-06,BNCI2014-001,1,0train
10,0,1,"(22, 4, 16)",0.0004283993387259141,0.42093190842665995,0.0032301646331000695,1.6070807594946478e-06,1.6070807594946478e-06,BNCI2014-001,1,1test
11,1,2,"(22, 4, 16)",0.0004283993723849018,0.7792393153450667,1.1939419334116157e-06,4.3657859671738994e-12,4.3657859671738994e-12,BNCI2014-001,1,1test
12,2,3,"(2, 2, 2)",0.00042839937238513417,0.7812574749368485,1.011627851577584e-06,4.186694805840301e-12,4.186694805840301e-12,BNCI2014-001,1,1test
13,3,4,"(2, 2, 2)",0.00042839937238516696,0.7832755183503883,8.305375286747223e-07,4.14685866554395e-12,4.14685866554395e-12,BNCI2014-001,1,1test
14,4,5,"(2, 2, 2)",0.00042839937238518805,0.7852934463952601,1.3093277596865838e-06,4.112379287623442e-12,4.112379287623442e-12,BNCI2014-001,1,1test
15,5,6,"(22, 4, 16)",0.00042839937238380726,1.1391773910689589,1.646595668844332e-12,3.795179578665142e-17,3.795179578665142e-17,BNCI2014-001,1,1test
16,6,7,"(2, 2, 2)",0.0004283993723838071,1.1411829749313336,1.6184183626638053e-12,3.776783381854674e-17,3.776783381854674e-17,BNCI2014-001,1,1test
17,7,8,"(2, 2, 2)",0.00042839937238380726,1.1431885177085974,1.6463343038405234e-12,3.762096574713121e-17,3.762096574713121e-17,BNCI2014-001,1,1test
18,8,9,"(2, 2, 2)",0.00042839937238380726,1.145194019600595,1.649322654149894e-12,3.7483859241494415e-17,3.7483859241494415e-17,BNCI2014-001,1,1test
19,9,10,"(2, 2, 2)",0.00042839937238380726,1.1471994808058659,1.6343708797563563e-12,3.739678348251372e-17,3.739678348251372e-17,BNCI2014-001,1,1test
20,0,1,"(22, 4, 16)",0.00011765236579471561,0.36133240095821945,0.0031004990185031544,1.3004379632224224e-06,1.3004379632224224e-06,BNCI2014-001,2,0train
21,1,2,"(4, 4, 4)",0.00011765237811595901,0.37579041684574616,0.0013828281380725694,1.2560279663146362e-06,1.2560279663146362e-06,BNCI2014-001,2,0train
22,2,3,"(2, 2, 2)",0.000117652381894285,0.3775958237543253,0.0011052131156934777,1.2518713908217099e-06,1.2518713908217099e-06,BNCI2014-001,2,0train
23,3,4,"(2, 2, 2)",0.00011765238556174227,0.3794008627826291,0.0014257609903167504,1.2388870297456585e-06,1.2388870297456585e-06,BNCI2014-001,2,0train
24,4,5,"(1, 1, 1)",0.00011765238687258086,0.37962646852184007,0.0016298477363888174,1.237834268490581e-06,1.237834268490581e-06,BNCI2014-001,2,0train
25,5,6,"(4, 4, 4)",0.00011765238851884778,0.39405231850062933,0.0006172293949401616,1.2219333890149673e-06,1.2219333890149673e-06,BNCI2014-001,2,0train
26,6,7,"(8, 4, 8)",0.00011765239775668977,0.4515486190442674,0.0004135861492484273,1.0919456565640745e-06,1.0919456565640745e-06,BNCI2014-001,2,0train
27,7,8,"(4, 4, 4)",0.00011765240074246676,0.4658794637974794,0.0005387006606153073,1.0564185014564928e-06,1.0564185014564928e-06,BNCI2014-001,2,0train
28,8,9,"(2, 2, 2)",0.00011765240225529321,0.4676697935347054,0.0004250245666176194,1.0496760208730099e-06,1.0496760208730099e-06,BNCI2014-001,2,0train
29,9,10,"(1, 1, 1)",0.00011765240277389965,0.467893579621336,0.0005417346171115277,1.0489325845804372e-06,1.0489325845804372e-06,BNCI2014-001,2,0train
30,0,1,"(8, 4, 8)",0.0003959275191358685,0.056880027349331515,0.3660543192357226,0.6672981304953846,0.6672981304953844,BNCI2014-001,2,1test
31,1,2,"(2, 2, 2)",0.00042857831670673965,0.06522338781465002,0.3279599570116869,0.6464490587540657,0.6464490587540656,BNCI2014-001,2,1test
32,2,3,"(8, 4, 8)",0.0004103509923996209,0.11002328243702576,0.1824305841788246,0.6070314715846827,0.6070314715846826,BNCI2014-001,2,1test
33,3,4,"(2, 2, 2)",0.0004283058708315381,0.12086895537554199,0.16495248181139685,0.6015947076433994,0.6015947076433993,BNCI2014-001,2,1test
34,4,5,"(16, 4, 16)",0.00021592610143666678,0.26537399060072014,0.01607746726957711,0.2881908375382048,0.28819083753820474,BNCI2014-001,2,1test
35,5,6,"(2, 2, 2)",0.00021695282669189015,0.2674378906775262,0.017153355740538143,0.27860807759391903,0.278608077593919,BNCI2014-001,2,1test
36,6,7,"(4, 4, 4)",0.00021772808243115458,0.2766133691094982,0.01774347882854695,0.27028802233963756,0.2702880223396375,BNCI2014-001,2,1test
37,7,8,"(2, 2, 2)",0.0002183315286752997,0.27981749240760007,0.020405947681201513,0.2679599907388326,0.26795999073883253,BNCI2014-001,2,1test
38,8,9,"(1, 1, 1)",0.00021885420457341289,0.2810211028764994,0.01893850405410013,0.26702832809925875,0.2670283280992587,BNCI2014-001,2,1test
39,9,10,"(2, 2, 2)",0.0002192042531676002,0.28310942787564697,0.01620918859757878,0.2658276858121068,0.26582768581210675,BNCI2014-001,2,1test
40,0,1,"(8, 4, 8)",0.0025040912334360864,0.12131155437854313,0.24551408299891975,0.6958451414783818,0.6958451414783815,BNCI2014-001,3,0train
41,1,2,"(1, 1, 1)",0.002596129674281738,0.12938211246480116,0.24264601769569807,0.6945653079460044,0.694565307946004,BNCI2014-001,3,0train
42,2,3,"(1, 1, 1)",0.002669287320182274,0.13141858297625733,0.27742095595047567,0.6937786815730768,0.6937786815730764,BNCI2014-001,3,0train
43,3,4,"(2, 2, 2)",0.002679193501752209,0.13637589575316983,0.25212103230868305,0.6895744512865494,0.689574451286549,BNCI2014-001,3,0train
44,4,5,"(2, 2, 2)",0.002665450290716821,0.14922363906553537,0.18532118059606162,0.6747038840614793,0.674703884061479,BNCI2014-001,3,0train
45,5,6,"(2, 2, 2)",0.0026579661484255153,0.16745406167433602,0.14489248698923557,0.6664285361443442,0.6664285361443438,BNCI2014-001,3,0train
46,6,7,"(22, 4, 16)",0.0001213716620388124,0.3306601102281862,1.3777672364574724e-05,2.9562979012869496e-06,2.9562979012869484e-06,BNCI2014-001,3,0train
47,7,8,"(8, 4, 8)",0.00012137170049650247,0.37276054944091735,2.6363528382346918e-06,2.577135081711181e-06,2.57713508171118e-06,BNCI2014-001,3,0train
48,8,9,"(1, 1, 1)",0.00012137170147323494,0.3729241130401592,3.2335850735656852e-06,2.575685735685679e-06,2.5756857356856776e-06,BNCI2014-001,3,0train
49,9,10,"(4, 4, 4)",0.00012137171036027933,0.38337881007254254,3.309360997350397e-06,2.5286271000471724e-06,2.528627100047171e-06,BNCI2014-001,3,0train
50,0,1,"(8, 4, 8)",0.0025951778725036454,0.12940573057481958,0.1772412613046604,0.7571846769052175,0.7571846769052173,BNCI2014-001,3,1test
51,1,2,"(1, 1, 1)",0.0027296479971628805,0.15221853683537453,0.1473601895387051,0.754804244083075,0.7548042440830748,BNCI2014-001,3,1test
52,2,3,"(8, 4, 8)",0.002535911378347303,0.2236375131887369,0.07823976173103163,0.7273781474469837,0.7273781474469836,BNCI2014-001,3,1test
53,3,4,"(2, 2, 2)",0.002538940268677479,0.23693598957702638,0.07375282172371346,0.7210842216334726,0.7210842216334725,BNCI2014-001,3,1test
54,4,5,"(2, 2, 2)",0.0025550276746934943,0.23974576245531556,0.072937655749113,0.7170180559902833,0.7170180559902832,BNCI2014-001,3,1test
55,5,6,"(1, 1, 1)",0.002561899851817449,0.2524066462114714,0.05171986059821796,0.7126823585882506,0.7126823585882505,BNCI2014-001,3,1test
56,6,7,"(2, 2, 2)",0.0025763668283076907,0.254362030629801,0.05381035824760746,0.7099017328748158,0.7099017328748157,BNCI2014-001,3,1test
57,7,8,"(2, 2, 2)",0.002584524979316883,0.2564869077033056,0.05489869271271039,0.7068571994146587,0.7068571994146586,BNCI2014-001,3,1test
58,8,9,"(1, 1, 1)",0.002586806570908227,0.2661468579759318,0.05032944499243027,0.7038181518627278,0.7038181518627277,BNCI2014-001,3,1test
59,9,10,"(4, 4, 4)",0.002534492227334306,0.28590355678310836,0.040797565565737055,0.6935882605126751,0.693588260512675,BNCI2014-001,3,1test
60,0,1,"(4, 4, 4)",0.0013716206854693569,0.023436628626002928,0.7777030994079337,0.9136470564193495,0.91364705641935,BNCI2014-001,4,0train
61,1,2,"(2, 2, 2)",0.0014584151490298677,0.033952213086575575,0.6301463471772232,0.909503159818612,0.9095031598186124,BNCI2014-001,4,0train
62,2,3,"(2, 2, 2)",0.0015060212615456068,0.04160473611544716,0.5575115992924918,0.8987662451541633,0.8987662451541637,BNCI2014-001,4,0train
63,3,4,"(8, 4, 8)",0.0006717968923349243,0.11070260204398058,0.11888406661102476,0.7970087730574626,0.797008773057463,BNCI2014-001,4,0train
64,4,5,"(16, 4, 16)",0.0002807877826790522,0.35133059667212463,0.0020121132050684564,0.36424026703464835,0.3642402670346485,BNCI2014-001,4,0train
65,5,6,"(4, 4, 4)",0.0002809607723565024,0.36585051598222607,0.0041914256960384685,0.35661967994425686,0.35661967994425703,BNCI2014-001,4,0train
66,6,7,"(1, 1, 1)",0.00028113918156876433,0.3666166909661858,0.0018605464835164973,0.35570685885170034,0.3557068588517005,BNCI2014-001,4,0train
67,7,8,"(1, 1, 1)",0.00028149751137440535,0.36793574989872496,0.0019220404732710036,0.3544967706678378,0.35449677066783797,BNCI2014-001,4,0train
68,8,9,"(1, 1, 1)",0.00028177334914487065,0.36902749837662135,0.001705814388822164,0.353593170680659,0.35359317068065915,BNCI2014-001,4,0train
69,9,10,"(1, 1, 1)",0.00028212110885210445,0.3700477600317771,0.002266287882931919,0.35314084003387164,0.3531408400338718,BNCI2014-001,4,0train
70,0,1,"(1, 1, 1)",0.017680886370763163,0.023247091339336758,0.9031374595559222,0.9499043542386382,0.9499043542386383,BNCI2014-001,4,1test
71,1,2,"(16, 4, 16)",0.00025724344765903353,0.2981169388364946,0.0021544849046514027,0.5143984930169162,0.5143984930169163,BNCI2014-001,4,1test
72,2,3,"(1, 1, 1)",0.00025789645918163003,0.29944618236449055,0.0024273736287812996,0.5133766055634681,0.5133766055634682,BNCI2014-001,4,1test
73,3,4,"(2, 2, 2)",0.0002583504842035411,0.30241615197056865,0.0034424635885077284,0.5044675000917578,0.5044675000917579,BNCI2014-001,4,1test
74,4,5,"(8, 4, 8)",0.00025862200997587263,0.36628657166910317,0.0032201744074514317,0.4838053263558037,0.48380532635580376,BNCI2014-001,4,1test
75,5,6,"(1, 1, 1)",0.000259006995089426,0.36742099391690214,0.007439218513707043,0.4828058873081996,0.4828058873081997,BNCI2014-001,4,1test
76,6,7,"(4, 4, 4)",0.00025928358964639125,0.38362088899505536,0.010732452573501923,0.4730571369675983,0.4730571369675984,BNCI2014-001,4,1test
77,7,8,"(1, 1, 1)",0.0002598067834175676,0.385538180492149,0.012281015912583732,0.47207322846915645,0.4720732284691565,BNCI2014-001,4,1test
78,8,9,"(1, 1, 1)",0.0002605064665098042,0.3873764992820246,0.011264494052514255,0.4713244039283421,0.47132440392834213,BNCI2014-001,4,1test
79,9,10,"(2, 2, 2)",0.0002607366225779724,0.38951298317621186,0.009812708086406519,0.46962080868395634,0.4696208086839564,BNCI2014-001,4,1test
80,0,1,"(8, 4, 8)",0.00035773539953039973,0.054834781949926394,0.3406766076486373,0.7373684122162564,0.737368412216256,BNCI2014-001,5,0train
81,1,2,"(1, 1, 1)",0.0003791946527197433,0.07059495114258334,0.2813930335460515,0.7352197856802183,0.735219785680218,BNCI2014-001,5,0train
82,2,3,"(1, 1, 1)",0.00038650555840593996,0.07668192845655035,0.23098333977027538,0.7334698649787584,0.7334698649787581,BNCI2014-001,5,0train
83,3,4,"(1, 1, 1)",0.0003999350063627528,0.07965011762644564,0.24149582375535625,0.7322926868630805,0.7322926868630801,BNCI2014-001,5,0train
84,4,5,"(4, 4, 4)",0.00041748517243528187,0.10568212403573876,0.14782724804959604,0.7222429395571068,0.7222429395571065,BNCI2014-001,5,0train
85,5,6,"(1, 1, 1)",0.00042744263420763806,0.11046222240990085,0.13764165343487866,0.7207379247582388,0.7207379247582385,BNCI2014-001,5,0train
86,6,7,"(2, 2, 2)",0.0004383515066465836,0.12101624588244565,0.1354465526037675,0.7164444593146722,0.7164444593146718,BNCI2014-001,5,0train
87,7,8,"(4, 4, 4)",0.00044080807828064905,0.14078182884168933,0.11079998883971462,0.6996842385928392,0.6996842385928389,BNCI2014-001,5,0train
88,8,9,"(1, 1, 1)",0.0004447089882123295,0.14463793884592244,0.10108248782832685,0.6990354789699953,0.699035478969995,BNCI2014-001,5,0train
89,9,10,"(16, 4, 16)",0.000214583537454539,0.33343251884631603,0.00451866930088574,0.4530617724146114,0.45306177241461115,BNCI2014-001,5,0train
90,0,1,"(22, 4, 16)",9.33345126263401e-05,0.2335671540441903,0.00044142949282370683,1.7348152390161197e-06,1.7348152390161188e-06,BNCI2014-001,5,1test
91,1,2,"(4, 4, 4)",9.333452320694862e-05,0.24266232869805154,0.0007699883248417041,1.6954846343505296e-06,1.6954846343505288e-06,BNCI2014-001,5,1test
92,2,3,"(16, 4, 16)",9.333454851695989e-05,0.3861014844403866,5.723495624368218e-07,7.84914734988232e-07,7.849147349882317e-07,BNCI2014-001,5,1test
93,3,4,"(1, 1, 1)",9.333454882162442e-05,0.3862403287021691,7.167416033888036e-07,7.811701555116342e-07,7.811701555116339e-07,BNCI2014-001,5,1test
94,4,5,"(22, 4, 16)",9.333453199276466e-05,0.5806201865011904,5.683844600673509e-12,6.498700129348795e-12,6.498700129348792e-12,BNCI2014-001,5,1test
95,5,6,"(1, 1, 1)",9.33345319927712e-05,0.5807576952902173,4.60082281058176e-12,6.489687880364965e-12,6.489687880364962e-12,BNCI2014-001,5,1test
96,6,7,"(4, 4, 4)",9.333453199281236e-05,0.589557160697937,1.2432608956042701e-12,6.31620039632834e-12,6.316200396328338e-12,BNCI2014-001,5,1test
97,7,8,"(2, 2, 2)",9.333453199282231e-05,0.5906569443419827,1.1416778018257253e-12,6.281341295214827e-12,6.281341295214824e-12,BNCI2014-001,5,1test
98,8,9,"(4, 4, 4)",9.333453199286606e-05,0.5994540515445743,1.3010426069967493e-13,6.033489816323069e-12,6.033489816323067e-12,BNCI2014-001,5,1test
99,9,10,"(1, 1, 1)",9.3334531992873e-05,0.5995914902067078,1.360462668462028e-13,6.024651934797476e-12,6.024651934797474e-12,BNCI2014-001,5,1test
100,0,1,"(8, 4, 8)",0.00048745524530004793,0.08866976229886807,0.2740435529382456,0.7873815163554064,0.7873815163554065,BNCI2014-001,6,0train
101,1,2,"(4, 4, 4)",0.0005033063899985646,0.11676064917289172,0.21135635374847492,0.7751874353058338,0.7751874353058339,BNCI2014-001,6,0train
102,2,3,"(22, 4, 16)",0.00011988323777086424,0.32341567078074174,2.7610733177769556e-05,2.9174775613573605e-06,2.917477561357361e-06,BNCI2014-001,6,0train
103,3,4,"(22, 4, 16)",0.00011988319396840135,0.559943158956244,6.225797924472795e-09,9.753792325279882e-12,9.753792325279884e-12,BNCI2014-001,6,0train
104,4,5,"(2, 2, 2)",0.00011988319396850087,0.5612771396853156,7.4097886449358625e-09,9.587489229343378e-12,9.58748922934338e-12,BNCI2014-001,6,0train
105,5,6,"(4, 4, 4)",0.00011988319396859038,0.5719465205604368,8.158999859209076e-09,9.319569696616127e-12,9.319569696616129e-12,BNCI2014-001,6,0train
106,6,7,"(2, 2, 2)",0.000119883193968604,0.573279891474697,8.784896471868382e-09,9.29211827651619e-12,9.292118276516191e-12,BNCI2014-001,6,0train
107,7,8,"(1, 1, 1)",0.00011988319396861906,0.5734465582147077,6.471503132101198e-09,9.273942162918419e-12,9.27394216291842e-12,BNCI2014-001,6,0train
108,8,9,"(22, 4, 16)",0.00011988319396823865,0.8073686363569103,2.4696294392244424e-14,3.2871082670712206e-17,3.287108267071221e-17,BNCI2014-001,6,0train
109,9,10,"(1, 1, 1)",0.00011988319396823865,0.8075343867657161,2.4721737003225482e-14,3.2810197723745616e-17,3.281019772374562e-17,BNCI2014-001,6,0train
110,0,1,"(8, 4, 8)",0.0006217224558567362,0.08747347092278131,0.28185598931264916,0.8265758667547257,0.8265758667547257,BNCI2014-001,6,1test
111,1,2,"(1, 1, 1)",0.0006297711273463358,0.0942294174392277,0.2505457186978553,0.8227628103061285,0.8227628103061285,BNCI2014-001,6,1test
112,2,3,"(2, 2, 2)",0.0006595598987599018,0.11822645534183349,0.19028014195779214,0.8201620568883686,0.8201620568883686,BNCI2014-001,6,1test
113,3,4,"(1, 1, 1)",0.000666450196801461,0.1285260352344081,0.16310627174166348,0.8180583732078015,0.8180583732078015,BNCI2014-001,6,1test
114,4,5,"(4, 4, 4)",0.0006556602340444524,0.1565976160634055,0.08838416251434439,0.7917905937829082,0.7917905937829082,BNCI2014-001,6,1test
115,5,6,"(1, 1, 1)",0.0006596504924838344,0.15898271166581066,0.07827079868027924,0.7905582008378964,0.7905582008378964,BNCI2014-001,6,1test
116,6,7,"(4, 4, 4)",0.000651685257026616,0.21054004171198493,0.05843870825270122,0.7755182402829427,0.7755182402829427,BNCI2014-001,6,1test
117,7,8,"(2, 2, 2)",0.0006550413272692849,0.21932445233474906,0.04430402193278685,0.7739725088482249,0.7739725088482249,BNCI2014-001,6,1test
118,8,9,"(8, 4, 8)",0.0005746173144578948,0.34324391024451784,0.012163411772619974,0.7373549145031811,0.7373549145031811,BNCI2014-001,6,1test
119,9,10,"(4, 4, 4)",0.0005681585917613459,0.3811498081930829,0.009667759557320445,0.716978751751282,0.716978751751282,BNCI2014-001,6,1test
120,0,1,"(8, 4, 8)",0.0012878788800624297,0.12002388347020736,0.16013510584283652,0.8735361892633599,0.8735361892633602,BNCI2014-001,7,0train
121,1,2,"(22, 4, 16)",0.0002064674359042803,0.3989576848218967,0.00044459215716024744,5.3836621599046645e-06,5.383662159904666e-06,BNCI2014-001,7,0train
122,2,3,"(1, 1, 1)",0.00020646744208761746,0.3991705372754171,0.0004960321832938584,5.333332286649708e-06,5.33333228664971e-06,BNCI2014-001,7,0train
123,3,4,"(8, 4, 8)",0.00020646749011559617,0.45343908586123877,0.000939609658393382,4.855796102758875e-06,4.855796102758877e-06,BNCI2014-001,7,0train
124,4,5,"(2, 2, 2)",0.0002064674974608887,0.4551287635519458,0.0009866006334305318,4.834507121926035e-06,4.8345071219260365e-06,BNCI2014-001,7,0train
125,5,6,"(8, 4, 8)",0.00020646751412372854,0.509035067593118,0.00022847256220880682,4.268863208458286e-06,4.2688632084582874e-06,BNCI2014-001,7,0train
126,6,7,"(1, 1, 1)",0.000206467517545702,0.5092451124509305,0.00030779111546489635,4.265918854090477e-06,4.2659188540904785e-06,BNCI2014-001,7,0train
127,7,8,"(8, 4, 8)",0.00020646751845778828,0.5628894734862341,1.5645704426524934e-05,3.7966846733765123e-06,3.7966846733765135e-06,BNCI2014-001,7,0train
128,8,9,"(1, 1, 1)",0.0002064675212318107,0.5630986212470487,1.2584948843293776e-05,3.7905510061578604e-06,3.7905510061578617e-06,BNCI2014-001,7,0train
129,9,10,"(4, 4, 4)",0.00020646752415271044,0.576476297526988,5.46856772135358e-06,3.74957166275197e-06,3.7495716627519713e-06,BNCI2014-001,7,0train
130,0,1,"(22, 4, 16)",0.0003299584986948876,0.3765974763074983,9.764345846396715e-05,3.889485192012253e-06,3.889485192012253e-06,BNCI2014-001,7,1test
131,1,2,"(2, 2, 2)",0.00032995853688870693,0.3784473554778651,4.466577794887087e-05,3.8035240500899264e-06,3.8035240500899264e-06,BNCI2014-001,7,1test
132,2,3,"(2, 2, 2)",0.00032995860466716566,0.3802964748115835,0.00010124732955855136,3.619182087158836e-06,3.619182087158836e-06,BNCI2014-001,7,1test
133,3,4,"(8, 4, 8)",0.0003299586318195346,0.43913799571686457,9.603652448805425e-05,3.321345282459336e-06,3.321345282459336e-06,BNCI2014-001,7,1test
134,4,5,"(8, 4, 8)",0.00032995863244050685,0.4974755299055433,7.651605237789469e-06,2.9433362144698777e-06,2.9433362144698777e-06,BNCI2014-001,7,1test
135,5,6,"(1, 1, 1)",0.00032995863439965937,0.4977026377506122,1.0022511474724892e-05,2.940693207481475e-06,2.940693207481475e-06,BNCI2014-001,7,1test
136,6,7,"(16, 4, 16)",0.00032995842000874934,0.7281931305712696,1.3339336682602694e-07,1.1736930812370783e-06,1.1736930812370783e-06,BNCI2014-001,7,1test
137,7,8,"(1, 1, 1)",0.00032995842024076877,0.7284167855124029,7.568746010494886e-08,1.1725722711953414e-06,1.1725722711953414e-06,BNCI2014-001,7,1test
138,8,9,"(1, 1, 1)",0.0003299584203766602,0.7286404371217624,2.2977146156405886e-08,1.1699060327453908e-06,1.1699060327453908e-06,BNCI2014-001,7,1test
139,9,10,"(1, 1, 1)",0.000329958420488023,0.7288640865275887,2.723420260242688e-08,1.1664901929042267e-06,1.1664901929042267e-06,BNCI2014-001,7,1test
140,0,1,"(22, 4, 16)",0.00025893630829851945,0.384933326322329,0.0007649026228438072,1.7679691642783136e-06,1.7679691642783139e-06,BNCI2014-001,8,0train
141,1,2,"(22, 4, 16)",0.00025893633081424435,0.7069929267664833,2.6330153136140307e-08,8.929782687450159e-12,8.92978268745016e-12,BNCI2014-001,8,0train
142,2,3,"(1, 1, 1)",0.0002589363308142997,0.7072193256677607,3.049291784558349e-08,8.770651905745153e-12,8.770651905745155e-12,BNCI2014-001,8,0train
143,3,4,"(8, 4, 8)",0.0002589363308144487,0.7651178724049494,1.1966747890874308e-09,7.734781025324218e-12,7.73478102532422e-12,BNCI2014-001,8,0train
144,4,5,"(1, 1, 1)",0.0002589363308144704,0.7653438220831953,1.01755696260009e-09,7.7196826250688e-12,7.719682625068802e-12,BNCI2014-001,8,0train
145,5,6,"(8, 4, 8)",0.00025893633081447936,0.8231386682777356,2.388158012303109e-10,6.906771319438046e-12,6.9067713194380465e-12,BNCI2014-001,8,0train
146,6,7,"(8, 4, 8)",0.00025893633081447003,0.8808489887080494,8.853876747897548e-12,6.1646192652501195e-12,6.16461926525012e-12,BNCI2014-001,8,0train
147,7,8,"(1, 1, 1)",0.0002589363308144742,0.8810742739433925,8.257299946128671e-12,6.155039300532812e-12,6.155039300532813e-12,BNCI2014-001,8,0train
148,8,9,"(2, 2, 2)",0.00025893633081447936,0.8828765175454211,1.0499157886001813e-11,6.138962764970372e-12,6.138962764970373e-12,BNCI2014-001,8,0train
149,9,10,"(1, 1, 1)",0.00025893633081448396,0.8831017932220534,2.3046379626900037e-12,6.131803429778796e-12,6.131803429778797e-12,BNCI2014-001,8,0train
150,0,1,"(22, 4, 16)",0.00024040927355129953,0.2697403136812145,0.0011646157735094637,2.6603449326048486e-06,2.6603449326048486e-06,BNCI2014-001,8,1test
151,1,2,"(1, 1, 1)",0.0002404092825556519,0.2698947217150014,0.0021197879252570955,2.5846377120571538e-06,2.5846377120571538e-06,BNCI2014-001,8,1test
152,2,3,"(2, 2, 2)",0.0002404092903998065,0.2711293858800205,0.003574364786826217,2.553174549428685e-06,2.553174549428685e-06,BNCI2014-001,8,1test
153,3,4,"(2, 2, 2)",0.0002404092947628258,0.2723633348957262,0.011033070579203432,2.523139140762658e-06,2.523139140762658e-06,BNCI2014-001,8,1test
154,4,5,"(1, 1, 1)",0.00024040929672067415,0.27251753640492077,0.008990299675294688,2.5192213505523185e-06,2.5192213505523185e-06,BNCI2014-001,8,1test
155,5,6,"(2, 2, 2)",0.0002404092991286287,0.2737507016057767,0.0062089860652011645,2.5099477073723225e-06,2.5099477073723225e-06,BNCI2014-001,8,1test
156,6,7,"(1, 1, 1)",0.00024040930195862927,0.2739048116439663,0.006288856052309843,2.5075702787803138e-06,2.5075702787803138e-06,BNCI2014-001,8,1test
157,7,8,"(2, 2, 2)",0.000240409305068801,0.27513720252495805,0.0094470014605898,2.4948262165886303e-06,2.4948262165886303e-06,BNCI2014-001,8,1test
158,8,9,"(2, 2, 2)",0.00024040930817254415,0.27636891884705134,0.010697837825365993,2.4865971908012883e-06,2.4865971908012883e-06,BNCI2014-001,8,1test
159,9,10,"(2, 2, 2)",0.00024040931079346008,0.277599952548864,0.013190614935121815,2.4561012594364093e-06,2.4561012594364093e-06,BNCI2014-001,8,1test
160,0,1,"(22, 4, 16)",0.0006296382688692616,0.5125549022712933,1.6526777064674492e-05,2.215133859218181e-06,2.215133859218181e-06,BNCI2014-001,9,0train
161,1,2,"(4, 4, 4)",0.0006296383746244249,0.5321891935999128,2.462320641339765e-05,2.053907196850059e-06,2.053907196850059e-06,BNCI2014-001,9,0train
162,2,3,"(4, 4, 4)",0.0006296383819625518,0.5517747496223186,2.3338029616770585e-06,2.0062343359717125e-06,2.0062343359717125e-06,BNCI2014-001,9,0train
163,3,4,"(1, 1, 1)",0.0006296383893877732,0.5520804605459291,1.4275917108048282e-06,2.001466448337098e-06,2.001466448337098e-06,BNCI2014-001,9,0train
164,4,5,"(4, 4, 4)",0.0006296383945466306,0.5716211915844812,7.570362381988931e-08,1.9112234928475387e-06,1.9112234928475387e-06,BNCI2014-001,9,0train
165,5,6,"(2, 2, 2)",0.0006296383958590562,0.5740608860937457,4.707696246276186e-08,1.9080857998538247e-06,1.9080857998538247e-06,BNCI2014-001,9,0train
166,6,7,"(1, 1, 1)",0.0006296383981967688,0.5743658192345408,5.627146255398305e-08,1.9062732842252177e-06,1.9062732842252177e-06,BNCI2014-001,9,0train
167,7,8,"(4, 4, 4)",0.0006296383982350019,0.5938610410854591,2.8585179141153973e-08,1.876102235497569e-06,1.876102235497569e-06,BNCI2014-001,9,0train
168,8,9,"(2, 2, 2)",0.0006296384026768731,0.5962953848585745,1.3386792367211622e-08,1.8661631750832046e-06,1.8661631750832046e-06,BNCI2014-001,9,0train
169,9,10,"(1, 1, 1)",0.0006296384055415827,0.5965996552032881,1.4666130359123564e-08,1.863393860313983e-06,1.863393860313983e-06,BNCI2014-001,9,0train
170,0,1,"(22, 4, 16)",0.0011129461699609764,0.5676350962563631,2.9156963346814897e-05,1.5854406358264492e-06,1.5854406358264492e-06,BNCI2014-001,9,1test
171,1,2,"(4, 4, 4)",0.0011129463532222625,0.5887750128915908,1.8014734035513793e-05,1.4147333976255674e-06,1.4147333976255674e-06,BNCI2014-001,9,1test
172,2,3,"(1, 1, 1)",0.0011129463623174695,0.5891048451677775,1.0719760090752192e-05,1.4027147621299017e-06,1.4027147621299017e-06,BNCI2014-001,9,1test
173,3,4,"(1, 1, 1)",0.0011129463670961804,0.589434656079018,1.0926715458461695e-05,1.3963024041135809e-06,1.3963024041135809e-06,BNCI2014-001,9,1test
174,4,5,"(2, 2, 2)",0.0011129463693211239,0.5920724163779386,0.00022564554166504914,1.3929686844736754e-06,1.3929686844736754e-06,BNCI2014-001,9,1test
175,5,6,"(2, 2, 2)",0.0011129463735852854,0.5947092372978668,7.370534058823635e-05,1.3786502550858022e-06,1.3786502550858022e-06,BNCI2014-001,9,1test
176,6,7,"(1, 1, 1)",0.001112946375576575,0.595038779238574,7.947946524030285e-06,1.3768836626817268e-06,1.3768836626817268e-06,BNCI2014-001,9,1test
177,7,8,"(1, 1, 1)",0.0011129463771200657,0.5953683080275202,9.727159589627297e-06,1.3753318559148716e-06,1.3753318559148716e-06,BNCI2014-001,9,1test
178,8,9,"(16, 4, 16)",0.0011129457247247285,0.9276558754027376,9.301386822013445e-13,6.330075821370128e-07,6.330075821370128e-07,BNCI2014-001,9,1test
179,9,10,"(2, 2, 2)",0.0011129457247261278,0.9302248831387478,1.241523088168607e-12,6.293210197124208e-07,6.293210197124208e-07,BNCI2014-001,9,1test
