,block,rank,fold,train_score,val_score,n_features,test_score,dataset,subject,session
0,0,"(8, 32)",0,0.8756347656250001,0.804671556122449,256,0.819938775510204,BNCI2014-008,1,0
1,0,"(8, 32)",1,0.8845174984056122,0.7737723214285714,256,0.8098367346938775,BNCI2014-008,1,0
2,0,"(8, 32)",2,0.8734325175382653,0.852423469387755,256,0.8103877551020409,BNCI2014-008,1,0
3,0,"(8, 32)",3,0.8740892059948979,0.8478954081632653,256,0.8057653061224491,BNCI2014-008,1,0
4,0,"(8, 32)",4,0.8695601482780613,0.8398915816326531,256,0.8010612244897959,BNCI2014-008,1,0
5,1,"(8, 48)",0,0.8991798867984694,0.8187500000000001,640,0.8355510204081633,BNCI2014-008,1,0
6,1,"(8, 48)",1,0.9042042012117347,0.7756058673469387,640,0.8200918367346941,BNCI2014-008,1,0
7,1,"(8, 48)",2,0.8932497608418367,0.8590082908163266,640,0.8189795918367346,BNCI2014-008,1,0
8,1,"(8, 48)",3,0.8913594148596938,0.8510841836734695,640,0.8104489795918368,BNCI2014-008,1,0
9,1,"(8, 48)",4,0.8920918367346938,0.836686862244898,640,0.8129897959183674,BNCI2014-008,1,0
10,2,"(1, 1)",0,0.9010453204719386,0.8236926020408163,641,0.8433367346938775,BNCI2014-008,1,0
11,2,"(1, 1)",1,0.9056172273596939,0.7819993622448979,641,0.8247755102040817,BNCI2014-008,1,0
12,2,"(1, 1)",2,0.8944973692602041,0.8629304846938775,641,0.8242142857142858,BNCI2014-008,1,0
13,2,"(1, 1)",3,0.8941236846301021,0.8494419642857143,641,0.819234693877551,BNCI2014-008,1,0
14,2,"(1, 1)",4,0.8949069276147958,0.8392697704081633,641,0.8216530612244897,BNCI2014-008,1,0
15,3,"(8, 48)",0,0.9052594866071427,0.8288584183673469,1025,0.8374183673469388,BNCI2014-008,1,0
16,3,"(8, 48)",1,0.9130879304846939,0.7833545918367346,1025,0.824530612244898,BNCI2014-008,1,0
17,3,"(8, 48)",2,0.9002401546556122,0.8566485969387756,1025,0.8270918367346939,BNCI2014-008,1,0
18,3,"(8, 48)",3,0.9005151865433674,0.8438934948979593,1025,0.8158469387755103,BNCI2014-008,1,0
19,3,"(8, 48)",4,0.8994190449617346,0.8457589285714285,1025,0.8187040816326532,BNCI2014-008,1,0
20,4,"(4, 4)",0,0.9055414939413267,0.829607780612245,1041,0.8370408163265307,BNCI2014-008,1,0
21,4,"(4, 4)",1,0.9141023596938777,0.7850286989795918,1041,0.8246122448979594,BNCI2014-008,1,0
22,4,"(4, 4)",2,0.900245137117347,0.8578443877551021,1041,0.8261224489795919,BNCI2014-008,1,0
23,4,"(4, 4)",3,0.9008679448341836,0.8433673469387756,1041,0.8160816326530611,BNCI2014-008,1,0
24,4,"(4, 4)",4,0.9000418526785714,0.8434151785714287,1041,0.8167142857142857,BNCI2014-008,1,0
25,5,"(2, 2)",0,0.9058185188137755,0.829703443877551,1045,0.8365102040816327,BNCI2014-008,1,0
26,5,"(2, 2)",1,0.9151446906887755,0.7878826530612245,1045,0.8257346938775509,BNCI2014-008,1,0
27,5,"(2, 2)",2,0.9012715242346938,0.8580676020408162,1045,0.8263571428571428,BNCI2014-008,1,0
28,5,"(2, 2)",3,0.9025779257015306,0.8425382653061224,1045,0.8169285714285714,BNCI2014-008,1,0
29,5,"(2, 2)",4,0.9006636639030612,0.8444355867346939,1045,0.8171224489795917,BNCI2014-008,1,0
30,6,"(2, 2)",0,0.9061662946428571,0.8291135204081632,1049,0.8359693877551019,BNCI2014-008,1,0
31,6,"(2, 2)",1,0.9154396524234695,0.7881218112244899,1049,0.8261224489795918,BNCI2014-008,1,0
32,6,"(2, 2)",2,0.9016940369897959,0.8584821428571429,1049,0.8267755102040817,BNCI2014-008,1,0
33,6,"(2, 2)",3,0.9028250558035713,0.8425701530612245,1049,0.8170204081632652,BNCI2014-008,1,0
34,6,"(2, 2)",4,0.9017119738520409,0.8450414540816326,1049,0.8197142857142857,BNCI2014-008,1,0
35,7,"(2, 2)",0,0.9063755580357142,0.8291294642857142,1053,0.8359897959183675,BNCI2014-008,1,0
36,7,"(2, 2)",1,0.9156160315688777,0.7881855867346939,1053,0.8263877551020409,BNCI2014-008,1,0
37,7,"(2, 2)",2,0.9019461495535714,0.858529974489796,1053,0.8264795918367346,BNCI2014-008,1,0
38,7,"(2, 2)",3,0.9033003826530612,0.8424585459183673,1053,0.8170918367346939,BNCI2014-008,1,0
39,7,"(2, 2)",4,0.9017677774234695,0.8455516581632654,1053,0.8197857142857143,BNCI2014-008,1,0
40,8,"(1, 1)",0,0.9065051020408164,0.8291454081632652,1054,0.8359183673469388,BNCI2014-008,1,0
41,8,"(1, 1)",1,0.9155562420280613,0.7878985969387755,1054,0.8260612244897959,BNCI2014-008,1,0
42,8,"(1, 1)",2,0.9019830197704082,0.8581792091836735,1054,0.8262448979591837,BNCI2014-008,1,0
43,8,"(1, 1)",3,0.9034528459821429,0.8424107142857143,1054,0.817612244897959,BNCI2014-008,1,0
44,8,"(1, 1)",4,0.9018146125637754,0.845344387755102,1054,0.8199285714285715,BNCI2014-008,1,0
45,9,"(1, 1)",0,0.9066366390306122,0.828970025510204,1055,0.8359897959183673,BNCI2014-008,1,0
46,9,"(1, 1)",1,0.9160923549107143,0.788201530612245,1055,0.825908163265306,BNCI2014-008,1,0
47,9,"(1, 1)",2,0.902214205994898,0.8576690051020408,1055,0.8255816326530613,BNCI2014-008,1,0
48,9,"(1, 1)",3,0.9055464764030612,0.8409757653061225,1055,0.8212551020408163,BNCI2014-008,1,0
49,9,"(1, 1)",4,0.9020936304209184,0.8455676020408164,1055,0.8201428571428572,BNCI2014-008,1,0
50,0,"(8, 48)",0,0.8519591039540815,0.7687181122448979,384,0.7912244897959183,BNCI2014-008,2,0
51,0,"(8, 48)",1,0.8560516980229591,0.7631536989795917,384,0.7834897959183673,BNCI2014-008,2,0
52,0,"(8, 48)",2,0.8405293367346939,0.8016581632653061,384,0.7869693877551021,BNCI2014-008,2,0
53,0,"(8, 48)",3,0.8368552694515307,0.8048628826530613,384,0.7961428571428573,BNCI2014-008,2,0
54,0,"(8, 48)",4,0.845815728635204,0.7665019132653061,384,0.7936326530612244,BNCI2014-008,2,0
55,1,"(8, 32)",0,0.8722526705994897,0.7839445153061225,640,0.815173469387755,BNCI2014-008,2,0
56,1,"(8, 32)",1,0.8784648038903061,0.7763392857142857,640,0.814030612244898,BNCI2014-008,2,0
57,1,"(8, 32)",2,0.8720683195153062,0.8308035714285713,640,0.8092755102040816,BNCI2014-008,2,0
58,1,"(8, 32)",3,0.8640256297831633,0.8213647959183674,640,0.8161326530612245,BNCI2014-008,2,0
59,1,"(8, 32)",4,0.8734076052295919,0.7967793367346939,640,0.8240102040816326,BNCI2014-008,2,0
60,2,"(8, 8)",0,0.8756915656887755,0.788313137755102,704,0.8179489795918368,BNCI2014-008,2,0
61,2,"(8, 8)",1,0.8841866629464286,0.7800382653061224,704,0.816,BNCI2014-008,2,0
62,2,"(8, 8)",2,0.876532605229592,0.8324139030612244,704,0.8111734693877551,BNCI2014-008,2,0
63,2,"(8, 8)",3,0.8710449218749999,0.8277264030612246,704,0.8193469387755101,BNCI2014-008,2,0
64,2,"(8, 8)",4,0.8804538026147959,0.7951052295918366,704,0.8242244897959183,BNCI2014-008,2,0
65,3,"(2, 2)",0,0.8757872289540816,0.7856983418367347,708,0.8164489795918366,BNCI2014-008,2,0
66,3,"(2, 2)",1,0.8838907047193877,0.7817442602040817,708,0.8153571428571428,BNCI2014-008,2,0
67,3,"(2, 2)",2,0.8760991310586735,0.8321269132653061,708,0.8100204081632653,BNCI2014-008,2,0
68,3,"(2, 2)",3,0.8715541294642857,0.8288424744897959,708,0.8185510204081632,BNCI2014-008,2,0
69,3,"(2, 2)",4,0.881249003507653,0.7948022959183674,708,0.8248265306122449,BNCI2014-008,2,0
70,4,"(1, 1)",0,0.8759944993622448,0.7849968112244897,709,0.8161020408163264,BNCI2014-008,2,0
71,4,"(1, 1)",1,0.8840142697704082,0.7821428571428571,709,0.815204081632653,BNCI2014-008,2,0
72,4,"(1, 1)",2,0.8767837213010204,0.831935586734694,709,0.8092346938775511,BNCI2014-008,2,0
73,4,"(1, 1)",3,0.873500279017857,0.8268016581632653,709,0.8146530612244898,BNCI2014-008,2,0
74,4,"(1, 1)",4,0.881365593112245,0.7947704081632654,709,0.8243061224489796,BNCI2014-008,2,0
75,5,"(8, 48)",0,0.8815698740433674,0.7972576530612245,1093,0.8188775510204083,BNCI2014-008,2,0
76,5,"(8, 48)",1,0.8883978396045917,0.7779496173469387,1093,0.815438775510204,BNCI2014-008,2,0
77,5,"(8, 48)",2,0.8814453124999999,0.8349011479591837,1093,0.8128163265306122,BNCI2014-008,2,0
78,5,"(8, 48)",3,0.8778200733418366,0.8252551020408162,1093,0.8202551020408163,BNCI2014-008,2,0
79,5,"(8, 48)",4,0.8895009566326529,0.7862085459183673,1093,0.822204081632653,BNCI2014-008,2,0
80,6,"(4, 4)",0,0.8818538743622449,0.799888392857143,1109,0.8197551020408163,BNCI2014-008,2,0
81,6,"(4, 4)",1,0.889925462372449,0.7722895408163265,1109,0.8163265306122448,BNCI2014-008,2,0
82,6,"(4, 4)",2,0.8841248804209184,0.8338010204081632,1109,0.8124387755102042,BNCI2014-008,2,0
83,6,"(4, 4)",3,0.8801189811862246,0.8267378826530614,1109,0.8263877551020407,BNCI2014-008,2,0
84,6,"(4, 4)",4,0.8902802136479591,0.7868781887755103,1109,0.8252448979591838,BNCI2014-008,2,0
85,7,"(4, 4)",0,0.8833127391581634,0.8005899234693878,1125,0.8197244897959183,BNCI2014-008,2,0
86,7,"(4, 4)",1,0.890886080994898,0.7724489795918368,1125,0.815234693877551,BNCI2014-008,2,0
87,7,"(4, 4)",2,0.8848433514030611,0.8336734693877552,1125,0.8123469387755101,BNCI2014-008,2,0
88,7,"(4, 4)",3,0.8823032924107143,0.8293048469387755,1125,0.8244489795918367,BNCI2014-008,2,0
89,7,"(4, 4)",4,0.890724649234694,0.7867028061224491,1125,0.8255612244897959,BNCI2014-008,2,0
90,8,"(4, 4)",0,0.8835678411989798,0.8011320153061224,1141,0.8200918367346939,BNCI2014-008,2,0
91,8,"(4, 4)",1,0.8927983498086735,0.7696428571428571,1141,0.8147346938775508,BNCI2014-008,2,0
92,8,"(4, 4)",2,0.8850237165178572,0.8337531887755102,1141,0.813969387755102,BNCI2014-008,2,0
93,8,"(4, 4)",3,0.8827108577806122,0.8301658163265306,1141,0.8244795918367347,BNCI2014-008,2,0
94,8,"(4, 4)",4,0.8909498565051023,0.7865274234693878,1141,0.8258265306122449,BNCI2014-008,2,0
95,9,"(2, 2)",0,0.8834532445790817,0.8020886479591837,1145,0.8214591836734694,BNCI2014-008,2,0
96,9,"(2, 2)",1,0.8928272480867345,0.7692920918367345,1145,0.8150204081632653,BNCI2014-008,2,0
97,9,"(2, 2)",2,0.886246412627551,0.8330994897959183,1145,0.8143775510204082,BNCI2014-008,2,0
98,9,"(2, 2)",3,0.8830187739158164,0.8303093112244898,1145,0.8247244897959185,BNCI2014-008,2,0
99,9,"(2, 2)",4,0.8923210299744898,0.7839604591836736,1145,0.8236632653061224,BNCI2014-008,2,0
100,0,"(8, 32)",0,0.8974988042091836,0.8818080357142857,256,0.8817959183673469,BNCI2014-008,3,0
101,0,"(8, 32)",1,0.893914421237245,0.874186862244898,256,0.8953775510204082,BNCI2014-008,3,0
102,0,"(8, 32)",2,0.9014897560586735,0.8487244897959183,256,0.8908979591836734,BNCI2014-008,3,0
103,0,"(8, 32)",3,0.8999083227040817,0.8682397959183673,256,0.892326530612245,BNCI2014-008,3,0
104,0,"(8, 32)",4,0.8996771364795917,0.8503507653061224,256,0.8892142857142857,BNCI2014-008,3,0
105,1,"(1, 1)",0,0.9034359056122448,0.8995535714285714,257,0.8929693877551022,BNCI2014-008,3,0
106,1,"(1, 1)",1,0.8997977120535715,0.8705835459183673,257,0.8913775510204083,BNCI2014-008,3,0
107,1,"(1, 1)",2,0.9081941565688775,0.8616868622448979,257,0.897030612244898,BNCI2014-008,3,0
108,1,"(1, 1)",3,0.9027682557397959,0.8638711734693878,257,0.8813469387755102,BNCI2014-008,3,0
109,1,"(1, 1)",4,0.903207708864796,0.8689572704081633,257,0.8839591836734694,BNCI2014-008,3,0
110,2,"(2, 2)",0,0.9050741390306122,0.8972895408163265,261,0.889438775510204,BNCI2014-008,3,0
111,2,"(2, 2)",1,0.8999890385841838,0.8699617346938774,261,0.8907755102040817,BNCI2014-008,3,0
112,2,"(2, 2)",2,0.9067193478954082,0.8580676020408163,261,0.892265306122449,BNCI2014-008,3,0
113,2,"(2, 2)",3,0.9052963568239796,0.8689413265306122,261,0.8852959183673469,BNCI2014-008,3,0
114,2,"(2, 2)",4,0.9045659279336735,0.866438137755102,261,0.8827551020408164,BNCI2014-008,3,0
115,3,"(1, 1)",0,0.9081014827806123,0.9003826530612246,262,0.8927857142857143,BNCI2014-008,3,0
116,3,"(1, 1)",1,0.9051608338647958,0.8776147959183673,262,0.890795918367347,BNCI2014-008,3,0
117,3,"(1, 1)",2,0.9093829719387754,0.8626594387755102,262,0.8965714285714286,BNCI2014-008,3,0
118,3,"(1, 1)",3,0.9107501594387755,0.8683354591836735,262,0.8854285714285716,BNCI2014-008,3,0
119,3,"(1, 1)",4,0.9083725286989798,0.8709821428571429,262,0.8823163265306122,BNCI2014-008,3,0
120,4,"(1, 1)",0,0.9101273517219388,0.9,263,0.8944489795918369,BNCI2014-008,3,0
121,4,"(1, 1)",1,0.9068588568239795,0.8753029336734695,263,0.8891122448979591,BNCI2014-008,3,0
122,4,"(1, 1)",2,0.9090092873086735,0.8619419642857143,263,0.8965816326530612,BNCI2014-008,3,0
123,4,"(1, 1)",3,0.9121940768494897,0.8683832908163264,263,0.8868163265306124,BNCI2014-008,3,0
124,4,"(1, 1)",4,0.9095772879464286,0.873453443877551,263,0.881969387755102,BNCI2014-008,3,0
125,5,"(1, 1)",0,0.9108657525510203,0.8985650510204083,264,0.8934591836734693,BNCI2014-008,3,0
126,5,"(1, 1)",1,0.9093132174744897,0.8731026785714285,264,0.8898265306122449,BNCI2014-008,3,0
127,5,"(1, 1)",2,0.9115931919642857,0.8649075255102041,264,0.8978775510204081,BNCI2014-008,3,0
128,5,"(1, 1)",3,0.9125866948341836,0.869451530612245,264,0.8887346938775511,BNCI2014-008,3,0
129,5,"(1, 1)",4,0.9102778220663266,0.8729272959183673,264,0.8821632653061224,BNCI2014-008,3,0
130,6,"(1, 1)",0,0.9102429448341837,0.8958545918367347,265,0.8925816326530613,BNCI2014-008,3,0
131,6,"(1, 1)",1,0.9098592952806123,0.8738520408163266,265,0.8884591836734693,BNCI2014-008,3,0
132,6,"(1, 1)",2,0.9117755500637755,0.8641422193877553,265,0.8978163265306123,BNCI2014-008,3,0
133,6,"(1, 1)",3,0.9133838887117346,0.8691326530612246,265,0.8922040816326531,BNCI2014-008,3,0
134,6,"(1, 1)",4,0.9097148038903061,0.874984056122449,265,0.8808775510204082,BNCI2014-008,3,0
135,7,"(1, 1)",0,0.9111876195790817,0.8956313775510204,266,0.8907551020408163,BNCI2014-008,3,0
136,7,"(1, 1)",1,0.9101672114158164,0.8778858418367348,266,0.8897755102040816,BNCI2014-008,3,0
137,7,"(1, 1)",2,0.9145039461096939,0.8643494897959185,266,0.8979489795918367,BNCI2014-008,3,0
138,7,"(1, 1)",3,0.9137525908801021,0.8676658163265307,266,0.8915714285714286,BNCI2014-008,3,0
139,7,"(1, 1)",4,0.9106325733418368,0.8743144132653061,266,0.8834489795918367,BNCI2014-008,3,0
140,8,"(8, 32)",0,0.9157156808035715,0.8954719387755103,522,0.8858469387755101,BNCI2014-008,3,0
141,8,"(8, 32)",1,0.913948899872449,0.879719387755102,522,0.8849795918367346,BNCI2014-008,3,0
142,8,"(8, 32)",2,0.919662786989796,0.8615433673469388,522,0.8900408163265306,BNCI2014-008,3,0
143,8,"(8, 32)",3,0.9183135363520409,0.8682397959183674,522,0.8863979591836735,BNCI2014-008,3,0
144,8,"(8, 32)",4,0.917482461734694,0.8715561224489796,522,0.8784387755102041,BNCI2014-008,3,0
145,9,"(1, 1)",0,0.9163574218750001,0.8952008928571429,523,0.8859081632653062,BNCI2014-008,3,0
146,9,"(1, 1)",1,0.914663384885204,0.8798469387755103,523,0.8873367346938774,BNCI2014-008,3,0
147,9,"(1, 1)",2,0.9196857063137754,0.8617506377551021,523,0.8902142857142857,BNCI2014-008,3,0
148,9,"(1, 1)",3,0.9194585060586734,0.867920918367347,523,0.8877142857142858,BNCI2014-008,3,0
149,9,"(1, 1)",4,0.9177385602678572,0.8695153061224489,523,0.8769387755102042,BNCI2014-008,3,0
150,0,"(8, 48)",0,0.8586116868622449,0.7652742346938777,384,0.7726020408163264,BNCI2014-008,4,0
151,0,"(8, 48)",1,0.8524324378188776,0.8054846938775511,384,0.7738265306122449,BNCI2014-008,4,0
152,0,"(8, 48)",2,0.8522510762117348,0.8406568877551022,384,0.7664081632653061,BNCI2014-008,4,0
153,0,"(8, 48)",3,0.8481714365433672,0.8272161989795919,384,0.7544285714285714,BNCI2014-008,4,0
154,0,"(8, 48)",4,0.8460239955357143,0.8158482142857144,384,0.7635306122448979,BNCI2014-008,4,0
155,1,"(1, 1)",0,0.8671625876913265,0.7667251275510204,385,0.7866734693877553,BNCI2014-008,4,0
156,1,"(1, 1)",1,0.8600147480867347,0.8100924744897958,385,0.7878979591836734,BNCI2014-008,4,0
157,1,"(1, 1)",2,0.8591159119897958,0.8457110969387756,385,0.7821122448979593,BNCI2014-008,4,0
158,1,"(1, 1)",3,0.8568777901785714,0.8301339285714286,385,0.7717551020408163,BNCI2014-008,4,0
159,1,"(1, 1)",4,0.8539251833545918,0.832063137755102,385,0.7841836734693878,BNCI2014-008,4,0
160,2,"(2, 2)",0,0.8695691167091837,0.768000637755102,389,0.7877755102040818,BNCI2014-008,4,0
161,2,"(2, 2)",1,0.863250358737245,0.806999362244898,389,0.7877755102040815,BNCI2014-008,4,0
162,2,"(2, 2)",2,0.8615662866709183,0.8472098214285716,389,0.7826734693877551,BNCI2014-008,4,0
163,2,"(2, 2)",3,0.8594397720025511,0.8294005102040816,389,0.7701326530612245,BNCI2014-008,4,0
164,2,"(2, 2)",4,0.855747767857143,0.8276945153061224,389,0.7829387755102041,BNCI2014-008,4,0
165,3,"(2, 2)",0,0.8734285315688775,0.7688616071428572,393,0.786204081632653,BNCI2014-008,4,0
166,3,"(2, 2)",1,0.8640615035076532,0.8066645408163265,393,0.7848673469387756,BNCI2014-008,4,0
167,3,"(2, 2)",2,0.8650689572704082,0.8463010204081631,393,0.7816122448979591,BNCI2014-008,4,0
168,3,"(2, 2)",3,0.8656329719387755,0.8282366071428572,393,0.7694693877551021,BNCI2014-008,4,0
169,3,"(2, 2)",4,0.856477200255102,0.8255261479591836,393,0.7808061224489795,BNCI2014-008,4,0
170,4,"(1, 1)",0,0.8748774314413265,0.7650191326530612,394,0.7854795918367345,BNCI2014-008,4,0
171,4,"(1, 1)",1,0.8660983338647958,0.8099170918367347,394,0.7820510204081632,BNCI2014-008,4,0
172,4,"(1, 1)",2,0.8654087611607143,0.8460140306122449,394,0.7810102040816326,BNCI2014-008,4,0
173,4,"(1, 1)",3,0.8658591757015306,0.8249521683673471,394,0.7706836734693878,BNCI2014-008,4,0
174,4,"(1, 1)",4,0.8582280373086735,0.8282844387755103,394,0.7778061224489797,BNCI2014-008,4,0
175,5,"(2, 2)",0,0.8754314811862245,0.7670758928571428,398,0.7862755102040816,BNCI2014-008,4,0
176,5,"(2, 2)",1,0.8674645248724488,0.8099808673469387,398,0.7799285714285714,BNCI2014-008,4,0
177,5,"(2, 2)",2,0.8660624601403061,0.8446588010204081,398,0.7840816326530611,BNCI2014-008,4,0
178,5,"(2, 2)",3,0.8672622369260204,0.8262595663265305,398,0.7694489795918368,BNCI2014-008,4,0
179,5,"(2, 2)",4,0.8595015545280612,0.8325892857142856,398,0.777469387755102,BNCI2014-008,4,0
180,6,"(1, 1)",0,0.8757493622448979,0.7665656887755101,399,0.7854489795918367,BNCI2014-008,4,0
181,6,"(1, 1)",1,0.867888034119898,0.8095982142857143,399,0.778887755102041,BNCI2014-008,4,0
182,6,"(1, 1)",2,0.8668427136479593,0.8444993622448979,399,0.7822346938775508,BNCI2014-008,4,0
183,6,"(1, 1)",3,0.8672612404336733,0.8237404336734695,399,0.7642857142857143,BNCI2014-008,4,0
184,6,"(1, 1)",4,0.8616290656887755,0.8277582908163266,399,0.7759693877551022,BNCI2014-008,4,0
185,7,"(1, 1)",0,0.8760941485969387,0.7667570153061226,400,0.7849795918367347,BNCI2014-008,4,0
186,7,"(1, 1)",1,0.8680803571428571,0.8080994897959184,400,0.7783775510204083,BNCI2014-008,4,0
187,7,"(1, 1)",2,0.8671386718749999,0.843718112244898,400,0.7822040816326531,BNCI2014-008,4,0
188,7,"(1, 1)",3,0.8685586734693878,0.816454081632653,400,0.7619081632653061,BNCI2014-008,4,0
189,7,"(1, 1)",4,0.8640764508928572,0.8279815051020409,400,0.7776224489795918,BNCI2014-008,4,0
190,8,"(1, 1)",0,0.8780024314413265,0.7630420918367347,401,0.7800510204081632,BNCI2014-008,4,0
191,8,"(1, 1)",1,0.8683235012755103,0.8072385204081636,401,0.7779285714285713,BNCI2014-008,4,0
192,8,"(1, 1)",2,0.8673997528698981,0.8430644132653061,401,0.7818367346938776,BNCI2014-008,4,0
193,8,"(1, 1)",3,0.8689632493622449,0.8153061224489796,401,0.7616122448979592,BNCI2014-008,4,0
194,8,"(1, 1)",4,0.8643235809948979,0.8278061224489797,401,0.7777959183673471,BNCI2014-008,4,0
195,9,"(1, 1)",0,0.8784777582908163,0.7628348214285714,402,0.7784081632653062,BNCI2014-008,4,0
196,9,"(1, 1)",1,0.8684151785714286,0.8058514030612245,402,0.7774795918367348,BNCI2014-008,4,0
197,9,"(1, 1)",2,0.867676777742347,0.8427455357142856,402,0.7818775510204081,BNCI2014-008,4,0
198,9,"(1, 1)",3,0.8689722177933674,0.8139508928571428,402,0.7615714285714286,BNCI2014-008,4,0
199,9,"(1, 1)",4,0.8650161431760204,0.8248565051020408,402,0.7799897959183674,BNCI2014-008,4,0
200,0,"(1, 1)",0,0.8631427375637756,0.8414062499999999,1,0.8459489795918369,BNCI2014-008,5,0
201,0,"(1, 1)",1,0.8626464843749999,0.8418686224489796,1,0.8510000000000001,BNCI2014-008,5,0
202,0,"(1, 1)",2,0.8659837372448979,0.8178093112244897,1,0.8418367346938775,BNCI2014-008,5,0
203,0,"(1, 1)",3,0.8538026147959185,0.8744419642857143,1,0.8438061224489796,BNCI2014-008,5,0
204,0,"(1, 1)",4,0.8667012117346939,0.8203603316326532,1,0.8481938775510204,BNCI2014-008,5,0
205,1,"(8, 32)",0,0.898064811862245,0.8518335459183674,257,0.8451734693877551,BNCI2014-008,5,0
206,1,"(8, 32)",1,0.8905691964285715,0.8552933673469387,257,0.8487551020408164,BNCI2014-008,5,0
207,1,"(8, 32)",2,0.8973592952806123,0.8197863520408163,257,0.8311020408163265,BNCI2014-008,5,0
208,1,"(8, 32)",3,0.8920041454081631,0.8691007653061223,257,0.8451020408163266,BNCI2014-008,5,0
209,1,"(8, 32)",4,0.8947843590561224,0.8444355867346939,257,0.8532755102040817,BNCI2014-008,5,0
210,2,"(8, 32)",0,0.9078413982780612,0.8552774234693877,513,0.8431836734693877,BNCI2014-008,5,0
211,2,"(8, 32)",1,0.9024493781887756,0.859406887755102,513,0.8509897959183673,BNCI2014-008,5,0
212,2,"(8, 32)",2,0.9079719387755103,0.8224808673469388,513,0.8359489795918367,BNCI2014-008,5,0
213,2,"(8, 32)",3,0.8999950175382654,0.8729272959183673,513,0.8427142857142856,BNCI2014-008,5,0
214,2,"(8, 32)",4,0.9041822783801021,0.8535395408163264,513,0.850938775510204,BNCI2014-008,5,0
215,3,"(8, 48)",0,0.9172203842474489,0.8557557397959182,897,0.8488979591836734,BNCI2014-008,5,0
216,3,"(8, 48)",1,0.909620137117347,0.8673469387755103,897,0.8483877551020409,BNCI2014-008,5,0
217,3,"(8, 48)",2,0.9149593431122449,0.8205835459183674,897,0.831530612244898,BNCI2014-008,5,0
218,3,"(8, 48)",3,0.906623684630102,0.8723373724489796,897,0.8428877551020408,BNCI2014-008,5,0
219,3,"(8, 48)",4,0.908399433992347,0.858641581632653,897,0.8503979591836734,BNCI2014-008,5,0
220,4,"(4, 4)",0,0.9168925382653061,0.8554209183673469,913,0.848030612244898,BNCI2014-008,5,0
221,4,"(4, 4)",1,0.9096769371811225,0.868016581632653,913,0.8499285714285715,BNCI2014-008,5,0
222,4,"(4, 4)",2,0.9149473852040816,0.8202327806122449,913,0.8313265306122448,BNCI2014-008,5,0
223,4,"(4, 4)",3,0.9068080357142857,0.8714923469387755,913,0.8416530612244899,BNCI2014-008,5,0
224,4,"(4, 4)",4,0.9089574697066326,0.8586575255102041,913,0.8483163265306124,BNCI2014-008,5,0
225,5,"(4, 4)",0,0.9178392059948979,0.8541772959183673,929,0.8471326530612244,BNCI2014-008,5,0
226,5,"(4, 4)",1,0.9097686144770407,0.8686065051020407,929,0.8499897959183674,BNCI2014-008,5,0
227,5,"(4, 4)",2,0.9162248883928572,0.8204719387755102,929,0.8301122448979591,BNCI2014-008,5,0
228,5,"(4, 4)",3,0.9071717554209182,0.871811224489796,929,0.8415204081632653,BNCI2014-008,5,0
229,5,"(4, 4)",4,0.9091139190051021,0.8581313775510204,929,0.8490816326530612,BNCI2014-008,5,0
230,6,"(4, 4)",0,0.9180135921556122,0.8535395408163265,945,0.8466938775510203,BNCI2014-008,5,0
231,6,"(4, 4)",1,0.910383450255102,0.8685586734693878,945,0.8490918367346939,BNCI2014-008,5,0
232,6,"(4, 4)",2,0.9165407764668366,0.8198341836734694,945,0.8293469387755102,BNCI2014-008,5,0
233,6,"(4, 4)",3,0.9071857063137755,0.8720184948979591,945,0.8415102040816326,BNCI2014-008,5,0
234,6,"(4, 4)",4,0.9092713647959184,0.8574776785714286,945,0.8489693877551021,BNCI2014-008,5,0
235,7,"(1, 1)",0,0.9180155851403061,0.8536830357142857,946,0.8469183673469388,BNCI2014-008,5,0
236,7,"(1, 1)",1,0.9107083067602041,0.867904974489796,946,0.8499489795918367,BNCI2014-008,5,0
237,7,"(1, 1)",2,0.9167022082270407,0.8193558673469387,946,0.8285918367346939,BNCI2014-008,5,0
238,7,"(1, 1)",3,0.9072365274234694,0.8725127551020408,946,0.8412755102040816,BNCI2014-008,5,0
239,7,"(1, 1)",4,0.9095025510204082,0.8572544642857143,946,0.8488265306122449,BNCI2014-008,5,0
240,8,"(8, 16)",0,0.9208715322066326,0.8549904336734694,1074,0.8466530612244898,BNCI2014-008,5,0
241,8,"(8, 16)",1,0.9131427375637756,0.8656728316326531,1074,0.8481530612244899,BNCI2014-008,5,0
242,8,"(8, 16)",2,0.9172104193239795,0.8203284438775509,1074,0.8289285714285713,BNCI2014-008,5,0
243,8,"(8, 16)",3,0.9074099170918369,0.8725605867346938,1074,0.842408163265306,BNCI2014-008,5,0
244,8,"(8, 16)",4,0.9103884327168368,0.8577487244897959,1074,0.8487959183673469,BNCI2014-008,5,0
245,9,"(8, 16)",0,0.9216179049744897,0.8538105867346939,1202,0.8456530612244897,BNCI2014-008,5,0
246,9,"(8, 16)",1,0.9148646763392858,0.863998724489796,1202,0.8470102040816326,BNCI2014-008,5,0
247,9,"(8, 16)",2,0.9177555006377551,0.8221619897959184,1202,0.8291836734693877,BNCI2014-008,5,0
248,9,"(8, 16)",3,0.9076729910714286,0.8735012755102041,1202,0.8420918367346938,BNCI2014-008,5,0
249,9,"(8, 16)",4,0.9115473533163265,0.8596619897959183,1202,0.847969387755102,BNCI2014-008,5,0
250,0,"(8, 48)",0,0.900831074617347,0.8886798469387754,384,0.8752346938775509,BNCI2014-008,6,0
251,0,"(8, 48)",1,0.9109255420918366,0.8737244897959184,384,0.8774795918367346,BNCI2014-008,6,0
252,0,"(8, 48)",2,0.9094646843112244,0.835235969387755,384,0.8752755102040817,BNCI2014-008,6,0
253,0,"(8, 48)",3,0.9032415896045918,0.8523437500000001,384,0.8710816326530613,BNCI2014-008,6,0
254,0,"(8, 48)",4,0.9112085459183674,0.8685427295918368,384,0.8696428571428572,BNCI2014-008,6,0
255,1,"(1, 1)",0,0.9186244419642857,0.8969387755102041,385,0.8935510204081633,BNCI2014-008,6,0
256,1,"(1, 1)",1,0.9205426897321428,0.8885044642857143,385,0.8873877551020408,BNCI2014-008,6,0
257,1,"(1, 1)",2,0.9208416374362245,0.856218112244898,385,0.8890510204081632,BNCI2014-008,6,0
258,1,"(1, 1)",3,0.9151088169642857,0.8700095663265306,385,0.8852857142857143,BNCI2014-008,6,0
259,1,"(1, 1)",4,0.9219347895408163,0.8838807397959183,385,0.8852040816326531,BNCI2014-008,6,0
260,2,"(8, 48)",0,0.9260792012117346,0.8994738520408164,769,0.8903163265306122,BNCI2014-008,6,0
261,2,"(8, 48)",1,0.9309420838647958,0.8880102040816327,769,0.8888673469387754,BNCI2014-008,6,0
262,2,"(8, 48)",2,0.932698899872449,0.8610172193877551,769,0.8894897959183673,BNCI2014-008,6,0
263,2,"(8, 48)",3,0.9242785395408164,0.8728794642857143,769,0.8906224489795918,BNCI2014-008,6,0
264,2,"(8, 48)",4,0.9309968909438777,0.8893494897959184,769,0.8865204081632653,BNCI2014-008,6,0
265,3,"(8, 16)",0,0.9296037946428571,0.8985491071428572,897,0.8844285714285715,BNCI2014-008,6,0
266,3,"(8, 16)",1,0.9337621572066327,0.8933195153061224,897,0.885265306122449,BNCI2014-008,6,0
267,3,"(8, 16)",2,0.9360321667729592,0.8635044642857143,897,0.8851734693877551,BNCI2014-008,6,0
268,3,"(8, 16)",3,0.9274354272959182,0.8771524234693878,897,0.8886020408163265,BNCI2014-008,6,0
269,3,"(8, 16)",4,0.9337103396045918,0.8896364795918368,897,0.883,BNCI2014-008,6,0
270,4,"(4, 4)",0,0.9299336336096937,0.8960140306122448,913,0.8828367346938775,BNCI2014-008,6,0
271,4,"(4, 4)",1,0.934195631377551,0.8930484693877551,913,0.8818469387755101,BNCI2014-008,6,0
272,4,"(4, 4)",2,0.937777024872449,0.8604591836734694,913,0.8845510204081632,BNCI2014-008,6,0
273,4,"(4, 4)",3,0.9290497448979592,0.8835778061224491,913,0.8906122448979592,BNCI2014-008,6,0
274,4,"(4, 4)",4,0.9352250079719387,0.8909279336734693,913,0.8808775510204081,BNCI2014-008,6,0
275,5,"(4, 4)",0,0.9312659438775509,0.896875,929,0.8826428571428572,BNCI2014-008,6,0
276,5,"(4, 4)",1,0.9350815130739796,0.8919483418367348,929,0.8814183673469389,BNCI2014-008,6,0
277,5,"(4, 4)",2,0.9389538823341836,0.8614795918367346,929,0.8831122448979593,BNCI2014-008,6,0
278,5,"(4, 4)",3,0.9307587292729591,0.8856186224489796,929,0.8915000000000001,BNCI2014-008,6,0
279,5,"(4, 4)",4,0.9362185108418368,0.8918845663265307,929,0.880061224489796,BNCI2014-008,6,0
280,6,"(2, 2)",0,0.9316894531250001,0.8965082908163267,933,0.8831530612244897,BNCI2014-008,6,0
281,6,"(2, 2)",1,0.9352977519132653,0.8916932397959183,933,0.8813469387755103,BNCI2014-008,6,0
282,6,"(2, 2)",2,0.9393783880739796,0.8631536989795919,933,0.8832244897959183,BNCI2014-008,6,0
283,6,"(2, 2)",3,0.9310825892857143,0.8845503826530612,933,0.8918979591836734,BNCI2014-008,6,0
284,6,"(2, 2)",4,0.9366788903061224,0.8932238520408163,933,0.8806020408163265,BNCI2014-008,6,0
285,7,"(2, 2)",0,0.9317093829719388,0.8965720663265306,937,0.8828571428571429,BNCI2014-008,6,0
286,7,"(2, 2)",1,0.9353854432397959,0.8916454081632653,937,0.8810000000000001,BNCI2014-008,6,0
287,7,"(2, 2)",2,0.9394421635841838,0.8634088010204082,937,0.8833061224489797,BNCI2014-008,6,0
288,7,"(2, 2)",3,0.9311772560586734,0.8846938775510204,937,0.8922653061224489,BNCI2014-008,6,0
289,7,"(2, 2)",4,0.9367456552933674,0.8932238520408163,937,0.880234693877551,BNCI2014-008,6,0
290,8,"(8, 8)",0,0.9335239955357142,0.8985012755102041,1001,0.8831428571428571,BNCI2014-008,6,0
291,8,"(8, 8)",1,0.9366948341836735,0.8885204081632653,1001,0.8823367346938775,BNCI2014-008,6,0
292,8,"(8, 8)",2,0.9412348533163265,0.8673947704081633,1001,0.8824081632653062,BNCI2014-008,6,0
293,8,"(8, 8)",3,0.9336385921556123,0.883657525510204,1001,0.8910408163265305,BNCI2014-008,6,0
294,8,"(8, 8)",4,0.9383858816964286,0.8919961734693879,1001,0.8796428571428572,BNCI2014-008,6,0
295,9,"(2, 2)",0,0.9335329639668366,0.8985172193877552,1005,0.8834387755102041,BNCI2014-008,6,0
296,9,"(2, 2)",1,0.9371213329081634,0.8899872448979592,1005,0.8820918367346938,BNCI2014-008,6,0
297,9,"(2, 2)",2,0.9415726642219387,0.8670599489795918,1005,0.8835306122448979,BNCI2014-008,6,0
298,9,"(2, 2)",3,0.9337292729591835,0.8834502551020409,1005,0.8916224489795918,BNCI2014-008,6,0
299,9,"(2, 2)",4,0.9387834821428571,0.8918048469387754,1005,0.8802551020408164,BNCI2014-008,6,0
300,0,"(8, 16)",0,0.8922951211734693,0.8441485969387754,128,0.8597448979591836,BNCI2014-008,7,0
301,0,"(8, 16)",1,0.8921894929846939,0.8495854591836736,128,0.857561224489796,BNCI2014-008,7,0
302,0,"(8, 16)",2,0.886945950255102,0.8619738520408163,128,0.8473571428571428,BNCI2014-008,7,0
303,0,"(8, 16)",3,0.8865892059948979,0.8524553571428571,128,0.8645408163265306,BNCI2014-008,7,0
304,0,"(8, 16)",4,0.8858199139030613,0.860953443877551,128,0.8604795918367346,BNCI2014-008,7,0
305,1,"(8, 16)",0,0.9029775191326531,0.8514030612244898,256,0.8566224489795919,BNCI2014-008,7,0
306,1,"(8, 16)",1,0.9018863600127554,0.8644451530612246,256,0.8632244897959184,BNCI2014-008,7,0
307,1,"(8, 16)",2,0.9023636798469388,0.8519132653061223,256,0.8523469387755103,BNCI2014-008,7,0
308,1,"(8, 16)",3,0.8983777104591837,0.8679049744897959,256,0.871642857142857,BNCI2014-008,7,0
309,1,"(8, 16)",4,0.8957101004464286,0.8768813775510205,256,0.8650204081632653,BNCI2014-008,7,0
310,2,"(8, 48)",0,0.916794882015306,0.863982780612245,640,0.8606122448979593,BNCI2014-008,7,0
311,2,"(8, 48)",1,0.9128009406887756,0.870360331632653,640,0.8785102040816326,BNCI2014-008,7,0
312,2,"(8, 48)",2,0.9165148676658162,0.8526466836734694,640,0.8587244897959183,BNCI2014-008,7,0
313,2,"(8, 48)",3,0.914207987882653,0.8689094387755103,640,0.8694693877551022,BNCI2014-008,7,0
314,2,"(8, 48)",4,0.9070422114158163,0.8890625,640,0.8684387755102042,BNCI2014-008,7,0
315,3,"(8, 48)",0,0.9200703523596938,0.868606505102041,1024,0.861591836734694,BNCI2014-008,7,0
316,3,"(8, 48)",1,0.9164351482780612,0.8650350765306123,1024,0.8738469387755101,BNCI2014-008,7,0
317,3,"(8, 48)",2,0.9210927535076531,0.8536670918367347,1024,0.8602755102040818,BNCI2014-008,7,0
318,3,"(8, 48)",3,0.9170031489158165,0.8736926020408163,1024,0.8740204081632653,BNCI2014-008,7,0
319,3,"(8, 48)",4,0.911961894132653,0.8856823979591837,1024,0.8693061224489798,BNCI2014-008,7,0
320,4,"(8, 8)",0,0.9219417649872449,0.8711575255102042,1088,0.8590714285714287,BNCI2014-008,7,0
321,4,"(8, 8)",1,0.9193638392857143,0.8666135204081633,1088,0.8743367346938775,BNCI2014-008,7,0
322,4,"(8, 8)",2,0.9221430564413265,0.8552614795918367,1088,0.8573673469387755,BNCI2014-008,7,0
323,4,"(8, 8)",3,0.918587571747449,0.874234693877551,1088,0.8736734693877551,BNCI2014-008,7,0
324,4,"(8, 8)",4,0.9153130978954082,0.8875956632653061,1088,0.8673367346938775,BNCI2014-008,7,0
325,5,"(1, 1)",0,0.9230927136479592,0.8737882653061224,1089,0.8609489795918368,BNCI2014-008,7,0
326,5,"(1, 1)",1,0.922053372130102,0.8675063775510204,1089,0.8754897959183674,BNCI2014-008,7,0
327,5,"(1, 1)",2,0.922542649872449,0.8532366071428572,1089,0.8564489795918367,BNCI2014-008,7,0
328,5,"(1, 1)",3,0.9200593909438776,0.876530612244898,1089,0.8747551020408163,BNCI2014-008,7,0
329,5,"(1, 1)",4,0.9155921157525512,0.8869738520408164,1089,0.8668265306122449,BNCI2014-008,7,0
330,6,"(1, 1)",0,0.9230428890306123,0.8736607142857142,1090,0.8608877551020409,BNCI2014-008,7,0
331,6,"(1, 1)",1,0.9220742984693877,0.8667091836734694,1090,0.8756020408163266,BNCI2014-008,7,0
332,6,"(1, 1)",2,0.9225795200892857,0.8536989795918368,1090,0.8566326530612245,BNCI2014-008,7,0
333,6,"(1, 1)",3,0.9222805723852041,0.8782206632653061,1090,0.8734795918367347,BNCI2014-008,7,0
334,6,"(1, 1)",4,0.9156349649234694,0.8869260204081632,1090,0.8666224489795918,BNCI2014-008,7,0
335,7,"(1, 1)",0,0.9238081951530611,0.8725924744897958,1091,0.8606530612244898,BNCI2014-008,7,0
336,7,"(1, 1)",1,0.9232999840561225,0.8674107142857143,1091,0.8775408163265306,BNCI2014-008,7,0
337,7,"(1, 1)",2,0.9233806999362245,0.85234375,1091,0.8556020408163265,BNCI2014-008,7,0
338,7,"(1, 1)",3,0.9231883769132654,0.8792410714285716,1091,0.8730510204081634,BNCI2014-008,7,0
339,7,"(1, 1)",4,0.9157156808035715,0.8871173469387755,1091,0.8666938775510205,BNCI2014-008,7,0
340,8,"(2, 2)",0,0.9236916055484694,0.87265625,1095,0.8615102040816327,BNCI2014-008,7,0
341,8,"(2, 2)",1,0.9233916613520408,0.8669483418367347,1095,0.8767142857142858,BNCI2014-008,7,0
342,8,"(2, 2)",2,0.9233348612882653,0.8529336734693878,1095,0.8551836734693877,BNCI2014-008,7,0
343,8,"(2, 2)",3,0.9231176259566327,0.8795599489795919,1095,0.8729795918367348,BNCI2014-008,7,0
344,8,"(2, 2)",4,0.9164281728316328,0.8875318877551021,1095,0.868295918367347,BNCI2014-008,7,0
345,9,"(2, 2)",0,0.9236995774872448,0.8728954081632653,1099,0.8617857142857143,BNCI2014-008,7,0
346,9,"(2, 2)",1,0.9239198022959183,0.8669642857142857,1099,0.8758061224489796,BNCI2014-008,7,0
347,9,"(2, 2)",2,0.9234016262755103,0.8534438775510204,1099,0.8552857142857143,BNCI2014-008,7,0
348,9,"(2, 2)",3,0.923304966517857,0.8802933673469389,1099,0.8736836734693878,BNCI2014-008,7,0
349,9,"(2, 2)",4,0.9164690290178571,0.887484056122449,1099,0.8685612244897959,BNCI2014-008,7,0
350,0,"(8, 48)",0,0.968260722257653,0.9248565051020409,384,0.9345510204081633,BNCI2014-008,8,0
351,0,"(8, 48)",1,0.9713578204719389,0.9288424744897958,384,0.939061224489796,BNCI2014-008,8,0
352,0,"(8, 48)",2,0.9607441804846939,0.9487882653061225,384,0.927204081632653,BNCI2014-008,8,0
353,0,"(8, 48)",3,0.9602917729591837,0.962484056122449,384,0.9384285714285714,BNCI2014-008,8,0
354,0,"(8, 48)",4,0.9598762356505102,0.9473533163265306,384,0.9375918367346939,BNCI2014-008,8,0
355,1,"(1, 1)",0,0.9707718829719387,0.9397480867346939,385,0.9400612244897959,BNCI2014-008,8,0
356,1,"(1, 1)",1,0.9751454878826531,0.9324617346938776,385,0.9439591836734694,BNCI2014-008,8,0
357,1,"(1, 1)",2,0.9658492107780612,0.9600446428571429,385,0.9330510204081632,BNCI2014-008,8,0
358,1,"(1, 1)",3,0.965380859375,0.9674426020408162,385,0.9421734693877551,BNCI2014-008,8,0
359,1,"(1, 1)",4,0.9660604671556122,0.959343112244898,385,0.9452857142857143,BNCI2014-008,8,0
360,2,"(4, 4)",0,0.9711884167729593,0.9380102040816326,401,0.9393979591836735,BNCI2014-008,8,0
361,2,"(4, 4)",1,0.9757463727678571,0.9309151785714286,401,0.9425102040816327,BNCI2014-008,8,0
362,2,"(4, 4)",2,0.9666583625637755,0.9592952806122449,401,0.9321938775510203,BNCI2014-008,8,0
363,2,"(4, 4)",3,0.9653878348214286,0.96796875,401,0.9418469387755102,BNCI2014-008,8,0
364,2,"(4, 4)",4,0.9665646922831633,0.9576530612244899,401,0.9455714285714286,BNCI2014-008,8,0
365,3,"(2, 2)",0,0.971826171875,0.9365274234693879,405,0.9392448979591836,BNCI2014-008,8,0
366,3,"(2, 2)",1,0.9759576291454082,0.9335299744897959,405,0.9429285714285713,BNCI2014-008,8,0
367,3,"(2, 2)",2,0.9670330436862244,0.9561702806122448,405,0.9313979591836735,BNCI2014-008,8,0
368,3,"(2, 2)",3,0.9656150350765306,0.9676817602040817,405,0.941173469387755,BNCI2014-008,8,0
369,3,"(2, 2)",4,0.966781927614796,0.9580197704081633,405,0.9457448979591836,BNCI2014-008,8,0
370,4,"(1, 1)",0,0.9722427056760203,0.9369419642857144,406,0.9394591836734695,BNCI2014-008,8,0
371,4,"(1, 1)",1,0.9759157764668368,0.9343112244897959,406,0.9428469387755102,BNCI2014-008,8,0
372,4,"(1, 1)",2,0.9670011559311225,0.9547831632653061,406,0.9310102040816326,BNCI2014-008,8,0
373,4,"(1, 1)",3,0.9655412946428572,0.9678730867346939,406,0.9406734693877551,BNCI2014-008,8,0
374,4,"(1, 1)",4,0.9666593590561223,0.9574936224489796,406,0.9454897959183673,BNCI2014-008,8,0
375,5,"(4, 4)",0,0.9733856823979592,0.9369738520408163,422,0.9408775510204082,BNCI2014-008,8,0
376,5,"(4, 4)",1,0.9769401705994899,0.9336575255102041,422,0.9424897959183673,BNCI2014-008,8,0
377,5,"(4, 4)",2,0.9680913185586735,0.954719387755102,422,0.934,BNCI2014-008,8,0
378,5,"(4, 4)",3,0.966763990752551,0.9656409438775511,422,0.9432551020408164,BNCI2014-008,8,0
379,5,"(4, 4)",4,0.9677584901147959,0.9581473214285714,422,0.9468673469387756,BNCI2014-008,8,0
380,6,"(4, 4)",0,0.9738809390943878,0.9368144132653061,438,0.9415918367346938,BNCI2014-008,8,0
381,6,"(4, 4)",1,0.9776636240433674,0.932828443877551,438,0.9420510204081634,BNCI2014-008,8,0
382,6,"(4, 4)",2,0.9686931999362245,0.9555644132653062,438,0.9353673469387757,BNCI2014-008,8,0
383,6,"(4, 4)",3,0.9675990513392858,0.9648915816326531,438,0.9438877551020409,BNCI2014-008,8,0
384,6,"(4, 4)",4,0.9684440768494899,0.9580357142857143,438,0.9469183673469388,BNCI2014-008,8,0
385,7,"(2, 2)",0,0.9739297672193878,0.936639030612245,442,0.9416122448979591,BNCI2014-008,8,0
386,7,"(2, 2)",1,0.9777861926020407,0.9311224489795918,442,0.9422142857142857,BNCI2014-008,8,0
387,7,"(2, 2)",2,0.9686613121811224,0.9557876275510204,442,0.935561224489796,BNCI2014-008,8,0
388,7,"(2, 2)",3,0.9675631776147959,0.9649553571428572,442,0.9441122448979592,BNCI2014-008,8,0
389,7,"(2, 2)",4,0.9685128348214286,0.9578922193877552,442,0.9467755102040816,BNCI2014-008,8,0
390,8,"(2, 2)",0,0.9740274234693878,0.9365752551020409,446,0.9415816326530614,BNCI2014-008,8,0
391,8,"(2, 2)",1,0.9778649154974489,0.9307557397959184,446,0.9423775510204081,BNCI2014-008,8,0
392,8,"(2, 2)",2,0.9687529894770407,0.9557397959183673,446,0.9354591836734695,BNCI2014-008,8,0
393,8,"(2, 2)",3,0.9677196269132653,0.9645567602040817,446,0.9441224489795919,BNCI2014-008,8,0
394,8,"(2, 2)",4,0.9686413823341836,0.957796556122449,446,0.9467755102040817,BNCI2014-008,8,0
395,9,"(8, 8)",0,0.9746841119260204,0.9363679846938776,510,0.9408877551020409,BNCI2014-008,8,0
396,9,"(8, 8)",1,0.9786192602040816,0.9301020408163266,510,0.9398877551020408,BNCI2014-008,8,0
397,9,"(8, 8)",2,0.969512316645408,0.9552455357142857,510,0.9346632653061223,BNCI2014-008,8,0
398,9,"(8, 8)",3,0.9683284837372448,0.9649234693877551,510,0.9433469387755103,BNCI2014-008,8,0
399,9,"(8, 8)",4,0.9697235730229591,0.9572704081632654,510,0.9458367346938775,BNCI2014-008,8,0
400,0,"(2, 2)",0,0.812335689484127,0.7936011904761905,4,0.7830793650793652,BNCI2015-003,1,0
401,0,"(2, 2)",1,0.8148778521825397,0.7486607142857142,4,0.7954603174603174,BNCI2015-003,1,0
402,0,"(2, 2)",2,0.8244543650793651,0.6989583333333333,4,0.8,BNCI2015-003,1,0
403,0,"(2, 2)",3,0.8005363343253968,0.7985615079365079,4,0.786,BNCI2015-003,1,0
404,0,"(2, 2)",4,0.8216765873015873,0.6706349206349207,4,0.7960634920634921,BNCI2015-003,1,0
405,1,"(1, 1)",0,0.8739304315476191,0.8106150793650794,5,0.8123809523809524,BNCI2015-003,1,0
406,1,"(1, 1)",1,0.8754681299603174,0.7656746031746031,5,0.7704444444444445,BNCI2015-003,1,0
407,1,"(1, 1)",2,0.8772786458333333,0.7013392857142858,5,0.7921587301587302,BNCI2015-003,1,0
408,1,"(1, 1)",3,0.8562655009920634,0.8259920634920636,5,0.7995555555555556,BNCI2015-003,1,0
409,1,"(1, 1)",4,0.8832248263888889,0.7246031746031746,5,0.769904761904762,BNCI2015-003,1,0
410,2,"(8, 8)",0,0.8961929563492064,0.7956845238095238,69,0.7967936507936508,BNCI2015-003,1,0
411,2,"(8, 8)",1,0.8990017361111111,0.775595238095238,69,0.7602539682539682,BNCI2015-003,1,0
412,2,"(8, 8)",2,0.8989056299603174,0.6909722222222222,69,0.8167301587301588,BNCI2015-003,1,0
413,2,"(8, 8)",3,0.8854352678571428,0.8206349206349206,69,0.8204444444444444,BNCI2015-003,1,0
414,2,"(8, 8)",4,0.8988002232142858,0.7461309523809524,69,0.7761587301587303,BNCI2015-003,1,0
415,3,"(1, 1)",0,0.9043743799603176,0.7890873015873017,70,0.7771111111111111,BNCI2015-003,1,0
416,3,"(1, 1)",1,0.900297619047619,0.7788194444444445,70,0.7620317460317461,BNCI2015-003,1,0
417,3,"(1, 1)",2,0.9109747023809524,0.702827380952381,70,0.7934285714285714,BNCI2015-003,1,0
418,3,"(1, 1)",3,0.9018694196428573,0.7612103174603174,70,0.7713968253968254,BNCI2015-003,1,0
419,3,"(1, 1)",4,0.915296378968254,0.7623015873015873,70,0.7814920634920636,BNCI2015-003,1,0
420,4,"(1, 1)",0,0.9154017857142857,0.8049107142857143,71,0.7723809523809524,BNCI2015-003,1,0
421,4,"(1, 1)",1,0.9134548611111111,0.7825396825396825,71,0.7825396825396825,BNCI2015-003,1,0
422,4,"(1, 1)",2,0.9242962549603174,0.710515873015873,71,0.7970158730158731,BNCI2015-003,1,0
423,4,"(1, 1)",3,0.9087363591269841,0.7629960317460318,71,0.7677777777777778,BNCI2015-003,1,0
424,4,"(1, 1)",4,0.9263547867063492,0.7692956349206349,71,0.7825714285714286,BNCI2015-003,1,0
425,5,"(8, 39)",0,0.9192057291666668,0.8055059523809525,383,0.7769206349206349,BNCI2015-003,1,0
426,5,"(8, 39)",1,0.917218501984127,0.7856150793650793,383,0.8031111111111111,BNCI2015-003,1,0
427,5,"(8, 39)",2,0.9220517113095238,0.7072916666666667,383,0.7921904761904761,BNCI2015-003,1,0
428,5,"(8, 39)",3,0.9124131944444445,0.7484623015873015,383,0.7642539682539683,BNCI2015-003,1,0
429,5,"(8, 39)",4,0.9296409970238095,0.7720238095238094,383,0.7893333333333333,BNCI2015-003,1,0
430,6,"(8, 39)",0,0.9199249751984128,0.8119047619047619,695,0.7991428571428572,BNCI2015-003,1,0
431,6,"(8, 39)",1,0.9196056547619047,0.7856150793650793,695,0.824031746031746,BNCI2015-003,1,0
432,6,"(8, 39)",2,0.9243148561507937,0.7054563492063493,695,0.8065079365079365,BNCI2015-003,1,0
433,6,"(8, 39)",3,0.9113219246031745,0.7458829365079365,695,0.7644444444444444,BNCI2015-003,1,0
434,6,"(8, 39)",4,0.9339254712301588,0.7822420634920635,695,0.8071746031746032,BNCI2015-003,1,0
435,7,"(8, 39)",0,0.9223555307539683,0.8248015873015873,1007,0.8076825396825397,BNCI2015-003,1,0
436,7,"(8, 39)",1,0.9214223710317461,0.7890873015873017,1007,0.8343174603174602,BNCI2015-003,1,0
437,7,"(8, 39)",2,0.9263981894841271,0.7083333333333333,1007,0.8017777777777778,BNCI2015-003,1,0
438,7,"(8, 39)",3,0.9150297619047619,0.7331349206349207,1007,0.7592380952380953,BNCI2015-003,1,0
439,7,"(8, 39)",4,0.9341362847222223,0.7737103174603174,1007,0.8158095238095238,BNCI2015-003,1,0
440,8,"(4, 4)",0,0.9244233630952381,0.8234126984126984,1023,0.8135873015873016,BNCI2015-003,1,0
441,8,"(4, 4)",1,0.919859871031746,0.7815972222222222,1023,0.8340634920634921,BNCI2015-003,1,0
442,8,"(4, 4)",2,0.928484623015873,0.7048611111111112,1023,0.795079365079365,BNCI2015-003,1,0
443,8,"(4, 4)",3,0.9160590277777777,0.738343253968254,1023,0.766984126984127,BNCI2015-003,1,0
444,8,"(4, 4)",4,0.9352368551587301,0.7637400793650793,1023,0.8119047619047619,BNCI2015-003,1,0
445,9,"(8, 16)",0,0.9261563740079365,0.8270833333333334,1151,0.8023174603174603,BNCI2015-003,1,0
446,9,"(8, 16)",1,0.9209356398809523,0.7853174603174604,1151,0.8382539682539681,BNCI2015-003,1,0
447,9,"(8, 16)",2,0.9298394097222222,0.7019345238095238,1151,0.7841587301587302,BNCI2015-003,1,0
448,9,"(8, 16)",3,0.9201109871031746,0.7307539682539683,1151,0.777968253968254,BNCI2015-003,1,0
449,9,"(8, 16)",4,0.9350756448412698,0.7508928571428571,1151,0.7921587301587301,BNCI2015-003,1,0
450,0,"(1, 1)",0,0.9522166418650794,0.9034722222222221,1,0.9636507936507936,BNCI2015-003,2,0
451,0,"(1, 1)",1,0.945765128968254,0.9291170634920636,1,0.9590158730158731,BNCI2015-003,2,0
452,0,"(1, 1)",2,0.9493024553571429,0.9106150793650793,1,0.9626031746031746,BNCI2015-003,2,0
453,0,"(1, 1)",3,0.9433748759920635,0.950892857142857,1,0.9663174603174604,BNCI2015-003,2,0
454,0,"(1, 1)",4,0.947305927579365,0.9226190476190477,1,0.9583492063492064,BNCI2015-003,2,0
455,1,"(1, 1)",0,0.9665953621031746,0.9105158730158731,2,0.9518730158730159,BNCI2015-003,2,0
456,1,"(1, 1)",1,0.9596664186507936,0.9425099206349206,2,0.9445079365079365,BNCI2015-003,2,0
457,1,"(1, 1)",2,0.9633184523809524,0.940029761904762,2,0.9534285714285714,BNCI2015-003,2,0
458,1,"(1, 1)",3,0.9631231398809524,0.9555555555555555,2,0.9537142857142857,BNCI2015-003,2,0
459,1,"(1, 1)",4,0.9652126736111112,0.9084821428571429,2,0.9382539682539682,BNCI2015-003,2,0
460,2,"(4, 4)",0,0.9741040426587302,0.9136904761904762,18,0.9499047619047619,BNCI2015-003,2,0
461,2,"(4, 4)",1,0.9691623263888889,0.9284722222222223,18,0.9432380952380952,BNCI2015-003,2,0
462,2,"(4, 4)",2,0.9709418402777777,0.9327380952380953,18,0.9444761904761905,BNCI2015-003,2,0
463,2,"(4, 4)",3,0.9691964285714286,0.9597718253968253,18,0.9542539682539682,BNCI2015-003,2,0
464,2,"(4, 4)",4,0.9715060763888889,0.9203869047619048,18,0.9438412698412698,BNCI2015-003,2,0
465,3,"(8, 8)",0,0.978329613095238,0.908531746031746,82,0.9448888888888889,BNCI2015-003,2,0
466,3,"(8, 8)",1,0.970786830357143,0.9187996031746032,82,0.940063492063492,BNCI2015-003,2,0
467,3,"(8, 8)",2,0.9730840773809524,0.9330853174603175,82,0.9416190476190476,BNCI2015-003,2,0
468,3,"(8, 8)",3,0.9729228670634921,0.9513392857142857,82,0.9476507936507936,BNCI2015-003,2,0
469,3,"(8, 8)",4,0.9724888392857143,0.9164682539682539,82,0.9410158730158731,BNCI2015-003,2,0
470,4,"(2, 2)",0,0.9799386160714286,0.9166170634920634,86,0.9458730158730159,BNCI2015-003,2,0
471,4,"(2, 2)",1,0.9719742063492064,0.9177579365079365,86,0.9385714285714287,BNCI2015-003,2,0
472,4,"(2, 2)",2,0.9742373511904763,0.926686507936508,86,0.937904761904762,BNCI2015-003,2,0
473,4,"(2, 2)",3,0.9747705853174603,0.9440972222222223,86,0.9515238095238094,BNCI2015-003,2,0
474,4,"(2, 2)",4,0.9720765128968254,0.920436507936508,86,0.9401269841269841,BNCI2015-003,2,0
475,5,"(8, 39)",0,0.9820591517857142,0.9112103174603176,398,0.9510476190476191,BNCI2015-003,2,0
476,5,"(8, 39)",1,0.9719773065476192,0.9204365079365079,398,0.9368571428571428,BNCI2015-003,2,0
477,5,"(8, 39)",2,0.9736328125,0.9296626984126984,398,0.9449206349206349,BNCI2015-003,2,0
478,5,"(8, 39)",3,0.9718998015873016,0.936954365079365,398,0.9563809523809523,BNCI2015-003,2,0
479,5,"(8, 39)",4,0.972336929563492,0.9227678571428571,398,0.9402857142857144,BNCI2015-003,2,0
480,6,"(2, 2)",0,0.9827628968253967,0.9053075396825396,402,0.9500952380952381,BNCI2015-003,2,0
481,6,"(2, 2)",1,0.9721912202380952,0.9202876984126984,402,0.9365396825396826,BNCI2015-003,2,0
482,6,"(2, 2)",2,0.9759176587301588,0.9241071428571429,402,0.9395873015873015,BNCI2015-003,2,0
483,6,"(2, 2)",3,0.9728484623015873,0.9378968253968253,402,0.9544126984126984,BNCI2015-003,2,0
484,6,"(2, 2)",4,0.9727523561507937,0.9302083333333333,402,0.939015873015873,BNCI2015-003,2,0
485,7,"(8, 39)",0,0.9835317460317461,0.9034226190476191,714,0.9488253968253968,BNCI2015-003,2,0
486,7,"(8, 39)",1,0.9721602182539683,0.920436507936508,714,0.9353015873015873,BNCI2015-003,2,0
487,7,"(8, 39)",2,0.9760912698412698,0.9247023809523809,714,0.9389206349206349,BNCI2015-003,2,0
488,7,"(8, 39)",3,0.9734343998015873,0.9359623015873015,714,0.9538412698412698,BNCI2015-003,2,0
489,7,"(8, 39)",4,0.9727771577380953,0.9264880952380953,714,0.9363492063492064,BNCI2015-003,2,0
490,8,"(8, 39)",0,0.9836743551587301,0.8996527777777777,1026,0.9497142857142857,BNCI2015-003,2,0
491,8,"(8, 39)",1,0.9734312996031745,0.9205357142857142,1026,0.9386666666666666,BNCI2015-003,2,0
492,8,"(8, 39)",2,0.9763268849206348,0.9254464285714286,1026,0.9376190476190477,BNCI2015-003,2,0
493,8,"(8, 39)",3,0.9747922867063492,0.936954365079365,1026,0.9522222222222222,BNCI2015-003,2,0
494,8,"(8, 39)",4,0.9732514880952381,0.9273313492063493,1026,0.9372063492063494,BNCI2015-003,2,0
495,9,"(1, 1)",0,0.9838696676587301,0.8983134920634921,1027,0.9508888888888889,BNCI2015-003,2,0
496,9,"(1, 1)",1,0.9734375,0.9200396825396826,1027,0.940063492063492,BNCI2015-003,2,0
497,9,"(1, 1)",2,0.9749348958333333,0.9258432539682538,1027,0.9364761904761905,BNCI2015-003,2,0
498,9,"(1, 1)",3,0.9749069940476189,0.9301091269841271,1027,0.948984126984127,BNCI2015-003,2,0
499,9,"(1, 1)",4,0.9735801091269841,0.9287698412698413,1027,0.9388571428571428,BNCI2015-003,2,0
500,0,"(8, 39)",0,0.8815266927083333,0.7392361111111111,312,0.8169444444444444,BNCI2015-003,3,0
501,0,"(8, 39)",1,0.8590711805555556,0.8321180555555555,312,0.8108888888888889,BNCI2015-003,3,0
502,0,"(8, 39)",2,0.8654459635416666,0.7684027777777779,312,0.7987222222222222,BNCI2015-003,3,0
503,0,"(8, 39)",3,0.8615505642361112,0.7901909722222222,312,0.7931111111111111,BNCI2015-003,3,0
504,0,"(8, 39)",4,0.87080078125,0.7580729166666668,312,0.802,BNCI2015-003,3,0
505,1,"(2, 2)",0,0.8848578559027778,0.7274305555555556,316,0.8387777777777778,BNCI2015-003,3,0
506,1,"(2, 2)",1,0.8671495225694444,0.8299479166666667,316,0.8275555555555556,BNCI2015-003,3,0
507,1,"(2, 2)",2,0.8742621527777779,0.7873263888888888,316,0.8264444444444444,BNCI2015-003,3,0
508,1,"(2, 2)",3,0.868115234375,0.8125868055555556,316,0.8132222222222222,BNCI2015-003,3,0
509,1,"(2, 2)",4,0.886013454861111,0.7471354166666666,316,0.8198333333333334,BNCI2015-003,3,0
510,2,"(1, 1)",0,0.8893337673611111,0.73515625,317,0.8172222222222222,BNCI2015-003,3,0
511,2,"(1, 1)",1,0.8714192708333334,0.8287326388888889,317,0.8191666666666667,BNCI2015-003,3,0
512,2,"(1, 1)",2,0.8794053819444444,0.7947916666666667,317,0.8231111111111112,BNCI2015-003,3,0
513,2,"(1, 1)",3,0.8785807291666666,0.8041666666666666,317,0.801611111111111,BNCI2015-003,3,0
514,2,"(1, 1)",4,0.8919325086805555,0.7438368055555555,317,0.8011666666666667,BNCI2015-003,3,0
515,3,"(8, 8)",0,0.8983072916666668,0.7371527777777778,381,0.816,BNCI2015-003,3,0
516,3,"(8, 8)",1,0.8775173611111111,0.8138888888888889,381,0.8142222222222222,BNCI2015-003,3,0
517,3,"(8, 8)",2,0.8868543836805556,0.7953993055555555,381,0.8257777777777777,BNCI2015-003,3,0
518,3,"(8, 8)",3,0.8855088975694445,0.7947048611111112,381,0.8057777777777778,BNCI2015-003,3,0
519,3,"(8, 8)",4,0.8968804253472222,0.7375868055555556,381,0.7958333333333333,BNCI2015-003,3,0
520,4,"(4, 4)",0,0.901416015625,0.7371527777777778,397,0.8153333333333334,BNCI2015-003,3,0
521,4,"(4, 4)",1,0.8819227430555555,0.80859375,397,0.8146666666666667,BNCI2015-003,3,0
522,4,"(4, 4)",2,0.8900065104166667,0.788888888888889,397,0.8254444444444444,BNCI2015-003,3,0
523,4,"(4, 4)",3,0.8895345052083333,0.7909722222222222,397,0.8086666666666668,BNCI2015-003,3,0
524,4,"(4, 4)",4,0.8992241753472223,0.7513020833333334,397,0.8020555555555556,BNCI2015-003,3,0
525,5,"(8, 8)",0,0.9053710937499999,0.7394965277777777,461,0.8143333333333334,BNCI2015-003,3,0
526,5,"(8, 8)",1,0.8837131076388889,0.807204861111111,461,0.8183888888888888,BNCI2015-003,3,0
527,5,"(8, 8)",2,0.8918782552083334,0.7982638888888889,461,0.823611111111111,BNCI2015-003,3,0
528,5,"(8, 8)",3,0.891086154513889,0.79140625,461,0.8138333333333333,BNCI2015-003,3,0
529,5,"(8, 8)",4,0.9020779079861112,0.7510416666666667,461,0.8003888888888888,BNCI2015-003,3,0
530,6,"(2, 2)",0,0.9095106336805555,0.7247395833333333,465,0.8095,BNCI2015-003,3,0
531,6,"(2, 2)",1,0.8853352864583333,0.8036458333333333,465,0.8140555555555556,BNCI2015-003,3,0
532,6,"(2, 2)",2,0.8934950086805554,0.7960069444444444,465,0.8275555555555555,BNCI2015-003,3,0
533,6,"(2, 2)",3,0.8942599826388891,0.7876736111111111,465,0.8131111111111111,BNCI2015-003,3,0
534,6,"(2, 2)",4,0.9033365885416667,0.7518229166666668,465,0.7967222222222222,BNCI2015-003,3,0
535,7,"(4, 4)",0,0.9109700520833334,0.7180555555555556,481,0.809888888888889,BNCI2015-003,3,0
536,7,"(4, 4)",1,0.8862955729166665,0.8039930555555556,481,0.8140555555555556,BNCI2015-003,3,0
537,7,"(4, 4)",2,0.8957899305555556,0.7933159722222222,481,0.8238888888888888,BNCI2015-003,3,0
538,7,"(4, 4)",3,0.896630859375,0.7848958333333333,481,0.812611111111111,BNCI2015-003,3,0
539,7,"(4, 4)",4,0.9039550781250001,0.7504340277777778,481,0.797611111111111,BNCI2015-003,3,0
540,8,"(8, 16)",0,0.9139865451388889,0.7155381944444444,609,0.8093888888888888,BNCI2015-003,3,0
541,8,"(8, 16)",1,0.8882975260416666,0.8052083333333333,609,0.8122777777777778,BNCI2015-003,3,0
542,8,"(8, 16)",2,0.9006130642361112,0.7878472222222221,609,0.8244444444444445,BNCI2015-003,3,0
543,8,"(8, 16)",3,0.8986436631944444,0.78359375,609,0.8113333333333334,BNCI2015-003,3,0
544,8,"(8, 16)",4,0.9062228732638891,0.7526909722222223,609,0.8016666666666666,BNCI2015-003,3,0
545,9,"(4, 4)",0,0.9143825954861111,0.715625,625,0.8082777777777778,BNCI2015-003,3,0
546,9,"(4, 4)",1,0.8881184895833334,0.8019965277777777,625,0.8128888888888888,BNCI2015-003,3,0
547,9,"(4, 4)",2,0.9016167534722224,0.7858506944444444,625,0.8238333333333333,BNCI2015-003,3,0
548,9,"(4, 4)",3,0.8980740017361111,0.7850694444444445,625,0.8127777777777778,BNCI2015-003,3,0
549,9,"(4, 4)",4,0.9062662760416667,0.7496527777777778,625,0.7999444444444445,BNCI2015-003,3,0
550,0,"(8, 32)",0,0.9151529947916667,0.9013888888888888,256,0.8597222222222223,BNCI2015-003,4,0
551,0,"(8, 32)",1,0.9188639322916666,0.8331597222222221,256,0.8519444444444444,BNCI2015-003,4,0
552,0,"(8, 32)",2,0.9088921440972222,0.8996527777777777,256,0.8487222222222223,BNCI2015-003,4,0
553,0,"(8, 32)",3,0.9274522569444444,0.8381076388888888,256,0.8416666666666666,BNCI2015-003,4,0
554,0,"(8, 32)",4,0.9217827690972222,0.8791666666666668,256,0.8514444444444444,BNCI2015-003,4,0
555,1,"(1, 1)",0,0.9254231770833333,0.9010416666666666,257,0.8711111111111111,BNCI2015-003,4,0
556,1,"(1, 1)",1,0.9257975260416667,0.8389756944444444,257,0.8505555555555555,BNCI2015-003,4,0
557,1,"(1, 1)",2,0.9158311631944445,0.9140625,257,0.8516666666666668,BNCI2015-003,4,0
558,1,"(1, 1)",3,0.9312499999999999,0.8533854166666667,257,0.8538333333333332,BNCI2015-003,4,0
559,1,"(1, 1)",4,0.9273220486111111,0.8693576388888888,257,0.8513888888888889,BNCI2015-003,4,0
560,2,"(8, 8)",0,0.9355685763888888,0.8963541666666667,321,0.8658888888888888,BNCI2015-003,4,0
561,2,"(8, 8)",1,0.9347981770833333,0.8346354166666666,321,0.8473888888888889,BNCI2015-003,4,0
562,2,"(8, 8)",2,0.9233940972222224,0.91640625,321,0.8415555555555556,BNCI2015-003,4,0
563,2,"(8, 8)",3,0.9360731336805556,0.8633680555555555,321,0.8458333333333333,BNCI2015-003,4,0
564,2,"(8, 8)",4,0.9350965711805556,0.8817708333333333,321,0.8498333333333333,BNCI2015-003,4,0
565,3,"(8, 8)",0,0.9387315538194445,0.8934895833333333,385,0.8634444444444445,BNCI2015-003,4,0
566,3,"(8, 8)",1,0.9392740885416666,0.8372395833333333,385,0.8483888888888887,BNCI2015-003,4,0
567,3,"(8, 8)",2,0.9256239149305556,0.9261284722222222,385,0.8494444444444446,BNCI2015-003,4,0
568,3,"(8, 8)",3,0.9385308159722222,0.86953125,385,0.8478333333333332,BNCI2015-003,4,0
569,3,"(8, 8)",4,0.9405870225694445,0.8798611111111111,385,0.8426111111111112,BNCI2015-003,4,0
570,4,"(8, 39)",0,0.9430609809027778,0.88359375,697,0.8582777777777777,BNCI2015-003,4,0
571,4,"(8, 39)",1,0.9488606770833333,0.8447048611111111,697,0.840388888888889,BNCI2015-003,4,0
572,4,"(8, 39)",2,0.9329644097222222,0.9267361111111111,697,0.8570555555555555,BNCI2015-003,4,0
573,4,"(8, 39)",3,0.9486762152777778,0.872829861111111,697,0.8499444444444444,BNCI2015-003,4,0
574,4,"(8, 39)",4,0.9469129774305556,0.8872395833333333,697,0.8455,BNCI2015-003,4,0
575,5,"(8, 8)",0,0.9427842881944445,0.8847222222222223,761,0.8534444444444446,BNCI2015-003,4,0
576,5,"(8, 8)",1,0.9508463541666666,0.8508680555555556,761,0.838111111111111,BNCI2015-003,4,0
577,5,"(8, 8)",2,0.9346733940972223,0.9297743055555555,761,0.8548888888888889,BNCI2015-003,4,0
578,5,"(8, 8)",3,0.9506456163194444,0.8638888888888889,761,0.8477777777777777,BNCI2015-003,4,0
579,5,"(8, 8)",4,0.9488389756944444,0.8836805555555556,761,0.8484444444444444,BNCI2015-003,4,0
580,6,"(1, 1)",0,0.9430013020833334,0.8893229166666667,762,0.8525555555555555,BNCI2015-003,4,0
581,6,"(1, 1)",1,0.9522298177083334,0.8538194444444445,762,0.8455,BNCI2015-003,4,0
582,6,"(1, 1)",2,0.9360731336805556,0.9317708333333333,762,0.8578888888888888,BNCI2015-003,4,0
583,6,"(1, 1)",3,0.9504014756944444,0.8627604166666667,762,0.8467777777777777,BNCI2015-003,4,0
584,6,"(1, 1)",4,0.9488986545138889,0.8793402777777778,762,0.8483333333333334,BNCI2015-003,4,0
585,7,"(4, 4)",0,0.9433485243055556,0.8821180555555557,778,0.8499444444444444,BNCI2015-003,4,0
586,7,"(4, 4)",1,0.9522298177083333,0.8544270833333333,778,0.8481111111111111,BNCI2015-003,4,0
587,7,"(4, 4)",2,0.9350260416666667,0.9321180555555555,778,0.8601666666666665,BNCI2015-003,4,0
588,7,"(4, 4)",3,0.9494086371527778,0.8630208333333333,778,0.8441666666666665,BNCI2015-003,4,0
589,7,"(4, 4)",4,0.9489854600694445,0.8760416666666667,778,0.8448888888888888,BNCI2015-003,4,0
590,8,"(1, 1)",0,0.9433810763888889,0.8809895833333332,779,0.8507222222222223,BNCI2015-003,4,0
591,8,"(1, 1)",1,0.9524956597222222,0.8550347222222223,779,0.8488888888888889,BNCI2015-003,4,0
592,8,"(1, 1)",2,0.9361002604166666,0.9329861111111111,779,0.8634444444444443,BNCI2015-003,4,0
593,8,"(1, 1)",3,0.9498914930555556,0.8624131944444444,779,0.8419444444444445,BNCI2015-003,4,0
594,8,"(1, 1)",4,0.9491102430555556,0.8756944444444444,779,0.8458333333333333,BNCI2015-003,4,0
595,9,"(4, 4)",0,0.9436957465277778,0.8821180555555556,795,0.8536666666666667,BNCI2015-003,4,0
596,9,"(4, 4)",1,0.9528917100694445,0.8542534722222223,795,0.8504444444444444,BNCI2015-003,4,0
597,9,"(4, 4)",2,0.935791015625,0.9344618055555556,795,0.8640555555555555,BNCI2015-003,4,0
598,9,"(4, 4)",3,0.9501898871527777,0.8616319444444445,795,0.8416666666666667,BNCI2015-003,4,0
599,9,"(4, 4)",4,0.9501302083333333,0.8765625,795,0.8477777777777777,BNCI2015-003,4,0
600,0,"(8, 39)",0,0.9123969184027778,0.78203125,312,0.8663888888888889,BNCI2015-003,5,0
601,0,"(8, 39)",1,0.910378689236111,0.8567708333333334,312,0.8701111111111112,BNCI2015-003,5,0
602,0,"(8, 39)",2,0.9054741753472222,0.7811631944444444,312,0.8818888888888888,BNCI2015-003,5,0
603,0,"(8, 39)",3,0.9108127170138889,0.8597222222222222,312,0.8675555555555555,BNCI2015-003,5,0
604,0,"(8, 39)",4,0.9163574218749998,0.8285590277777777,312,0.8622777777777778,BNCI2015-003,5,0
605,1,"(8, 16)",0,0.9313639322916667,0.81484375,440,0.8759444444444444,BNCI2015-003,5,0
606,1,"(8, 16)",1,0.9288248697916667,0.8502604166666666,440,0.8739444444444444,BNCI2015-003,5,0
607,1,"(8, 16)",2,0.9224012586805556,0.8112847222222223,440,0.8823888888888889,BNCI2015-003,5,0
608,1,"(8, 16)",3,0.9320746527777777,0.8645833333333334,440,0.8695555555555555,BNCI2015-003,5,0
609,1,"(8, 16)",4,0.9337456597222222,0.851388888888889,440,0.8813333333333333,BNCI2015-003,5,0
610,2,"(8, 8)",0,0.935519748263889,0.8194444444444444,504,0.8736666666666666,BNCI2015-003,5,0
611,2,"(8, 8)",1,0.9374186197916667,0.8377604166666667,504,0.8650555555555556,BNCI2015-003,5,0
612,2,"(8, 8)",2,0.9286729600694444,0.8227430555555556,504,0.8831111111111111,BNCI2015-003,5,0
613,2,"(8, 8)",3,0.9358344184027778,0.8682291666666667,504,0.875,BNCI2015-003,5,0
614,2,"(8, 8)",4,0.9350151909722223,0.86640625,504,0.8696111111111112,BNCI2015-003,5,0
615,3,"(1, 1)",0,0.9374186197916667,0.8232638888888889,505,0.870888888888889,BNCI2015-003,5,0
616,3,"(1, 1)",1,0.9390407986111111,0.8392361111111111,505,0.8681111111111111,BNCI2015-003,5,0
617,3,"(1, 1)",2,0.931103515625,0.8197048611111111,505,0.8837777777777777,BNCI2015-003,5,0
618,3,"(1, 1)",3,0.9387532552083333,0.8652777777777777,505,0.8720000000000001,BNCI2015-003,5,0
619,3,"(1, 1)",4,0.9386284722222222,0.8663194444444444,505,0.8653888888888888,BNCI2015-003,5,0
620,4,"(1, 1)",0,0.9395562065972223,0.8224826388888888,506,0.8742777777777778,BNCI2015-003,5,0
621,4,"(1, 1)",1,0.9383300781249999,0.8391493055555556,506,0.8659444444444445,BNCI2015-003,5,0
622,4,"(1, 1)",2,0.932177734375,0.8223090277777778,506,0.8806666666666666,BNCI2015-003,5,0
623,4,"(1, 1)",3,0.9395887586805556,0.8641493055555556,506,0.8708333333333332,BNCI2015-003,5,0
624,4,"(1, 1)",4,0.9390082465277777,0.8684895833333334,506,0.877611111111111,BNCI2015-003,5,0
625,5,"(8, 32)",0,0.9425564236111111,0.8175347222222222,762,0.8697222222222223,BNCI2015-003,5,0
626,5,"(8, 32)",1,0.9417371961805556,0.8339409722222223,762,0.8688888888888888,BNCI2015-003,5,0
627,5,"(8, 32)",2,0.9361545138888889,0.832204861111111,762,0.8852222222222222,BNCI2015-003,5,0
628,5,"(8, 32)",3,0.9422200520833333,0.8612847222222223,762,0.856111111111111,BNCI2015-003,5,0
629,5,"(8, 32)",4,0.9400499131944444,0.8600694444444444,762,0.8703888888888889,BNCI2015-003,5,0
630,6,"(2, 2)",0,0.9435926649305556,0.8195312499999999,766,0.8714444444444444,BNCI2015-003,5,0
631,6,"(2, 2)",1,0.9418782552083333,0.8341145833333333,766,0.8710555555555555,BNCI2015-003,5,0
632,6,"(2, 2)",2,0.9366699218750001,0.8328125,766,0.8836666666666665,BNCI2015-003,5,0
633,6,"(2, 2)",3,0.9438042534722223,0.8618923611111111,766,0.8576111111111112,BNCI2015-003,5,0
634,6,"(2, 2)",4,0.9392035590277777,0.8568576388888889,766,0.8620555555555556,BNCI2015-003,5,0
635,7,"(1, 1)",0,0.9439561631944444,0.8177951388888889,767,0.8726666666666667,BNCI2015-003,5,0
636,7,"(1, 1)",1,0.9433213975694444,0.8395833333333333,767,0.8767222222222223,BNCI2015-003,5,0
637,7,"(1, 1)",2,0.9359754774305555,0.8321180555555555,767,0.8830555555555555,BNCI2015-003,5,0
638,7,"(1, 1)",3,0.943701171875,0.8630208333333333,767,0.8571111111111112,BNCI2015-003,5,0
639,7,"(1, 1)",4,0.9394856770833333,0.8529513888888889,767,0.858611111111111,BNCI2015-003,5,0
640,8,"(1, 1)",0,0.9444281684027779,0.8174479166666667,768,0.8723888888888889,BNCI2015-003,5,0
641,8,"(1, 1)",1,0.9432454427083333,0.8386284722222223,768,0.8766666666666666,BNCI2015-003,5,0
642,8,"(1, 1)",2,0.9352105034722222,0.832204861111111,768,0.8817777777777779,BNCI2015-003,5,0
643,8,"(1, 1)",3,0.9436143663194445,0.8630208333333335,768,0.8528333333333334,BNCI2015-003,5,0
644,8,"(1, 1)",4,0.9396321614583334,0.8527777777777777,768,0.8581666666666665,BNCI2015-003,5,0
645,9,"(8, 32)",0,0.9469346788194445,0.8164062499999999,1024,0.8716111111111111,BNCI2015-003,5,0
646,9,"(8, 32)",1,0.9471082899305556,0.8421006944444445,1024,0.8663333333333334,BNCI2015-003,5,0
647,9,"(8, 32)",2,0.9372612847222223,0.8403645833333333,1024,0.8836111111111109,BNCI2015-003,5,0
648,9,"(8, 32)",3,0.9454806857638889,0.8611111111111112,1024,0.8541111111111112,BNCI2015-003,5,0
649,9,"(8, 32)",4,0.9419270833333333,0.85078125,1024,0.8604444444444445,BNCI2015-003,5,0
650,0,"(2, 2)",0,0.7573025173611112,0.6362847222222221,4,0.7039444444444445,BNCI2015-003,6,0
651,0,"(2, 2)",1,0.7449381510416666,0.6786458333333334,4,0.7020555555555555,BNCI2015-003,6,0
652,0,"(2, 2)",2,0.7482042100694445,0.6769097222222222,4,0.6836111111111112,BNCI2015-003,6,0
653,0,"(2, 2)",3,0.7430284288194444,0.6877604166666667,4,0.6854444444444444,BNCI2015-003,6,0
654,0,"(2, 2)",4,0.7527235243055556,0.6448784722222222,4,0.6980555555555555,BNCI2015-003,6,0
655,1,"(2, 2)",0,0.8051540798611112,0.6815972222222223,8,0.7076111111111112,BNCI2015-003,6,0
656,1,"(2, 2)",1,0.8002332899305555,0.6574652777777777,8,0.7061111111111111,BNCI2015-003,6,0
657,1,"(2, 2)",2,0.7965928819444446,0.6888888888888889,8,0.7123888888888888,BNCI2015-003,6,0
658,1,"(2, 2)",3,0.7949327256944444,0.7116319444444444,8,0.6938333333333333,BNCI2015-003,6,0
659,1,"(2, 2)",4,0.7965169270833334,0.6946180555555556,8,0.7067777777777778,BNCI2015-003,6,0
660,2,"(8, 32)",0,0.8424967447916667,0.7084201388888889,264,0.7066666666666667,BNCI2015-003,6,0
661,2,"(8, 32)",1,0.8423231336805554,0.6727430555555556,264,0.7044444444444444,BNCI2015-003,6,0
662,2,"(8, 32)",2,0.836962890625,0.6677083333333333,264,0.6873888888888889,BNCI2015-003,6,0
663,2,"(8, 32)",3,0.8414930555555555,0.7192708333333333,264,0.6811666666666666,BNCI2015-003,6,0
664,2,"(8, 32)",4,0.8368652343749999,0.672048611111111,264,0.6826666666666668,BNCI2015-003,6,0
665,3,"(8, 8)",0,0.8625922309027777,0.7037326388888888,328,0.6874444444444444,BNCI2015-003,6,0
666,3,"(8, 8)",1,0.8557183159722224,0.6650173611111111,328,0.6888333333333332,BNCI2015-003,6,0
667,3,"(8, 8)",2,0.8629991319444444,0.6819444444444445,328,0.6688888888888889,BNCI2015-003,6,0
668,3,"(8, 8)",3,0.8595377604166666,0.6905381944444444,328,0.6666666666666666,BNCI2015-003,6,0
669,3,"(8, 8)",4,0.8544487847222222,0.6842013888888889,328,0.6593333333333334,BNCI2015-003,6,0
670,4,"(8, 16)",0,0.8678114149305556,0.71171875,456,0.6825,BNCI2015-003,6,0
671,4,"(8, 16)",1,0.8618815104166666,0.6725694444444444,456,0.6911111111111111,BNCI2015-003,6,0
672,4,"(8, 16)",2,0.8732204861111111,0.6771701388888889,456,0.6634444444444445,BNCI2015-003,6,0
673,4,"(8, 16)",3,0.8658203125,0.7092881944444445,456,0.6887777777777778,BNCI2015-003,6,0
674,4,"(8, 16)",4,0.8651041666666667,0.6849826388888889,456,0.655888888888889,BNCI2015-003,6,0
675,5,"(2, 2)",0,0.8700086805555556,0.7066840277777778,460,0.6852777777777779,BNCI2015-003,6,0
676,5,"(2, 2)",1,0.8646864149305556,0.6745659722222223,460,0.687,BNCI2015-003,6,0
677,5,"(2, 2)",2,0.8771104600694445,0.6776909722222223,460,0.6683888888888889,BNCI2015-003,6,0
678,5,"(2, 2)",3,0.8696668836805556,0.7133680555555556,460,0.6935,BNCI2015-003,6,0
679,5,"(2, 2)",4,0.8650227864583334,0.6847222222222222,460,0.6575555555555556,BNCI2015-003,6,0
680,6,"(8, 32)",0,0.8708875868055556,0.7028645833333333,716,0.6869444444444445,BNCI2015-003,6,0
681,6,"(8, 32)",1,0.8712727864583333,0.6851562499999999,716,0.6739444444444445,BNCI2015-003,6,0
682,6,"(8, 32)",2,0.8785047743055556,0.6740451388888888,716,0.6672222222222223,BNCI2015-003,6,0
683,6,"(8, 32)",3,0.8736653645833332,0.7186631944444445,716,0.6924444444444445,BNCI2015-003,6,0
684,6,"(8, 32)",4,0.86689453125,0.6875,716,0.6570555555555556,BNCI2015-003,6,0
685,7,"(4, 4)",0,0.8748263888888889,0.7080729166666666,732,0.6872777777777778,BNCI2015-003,6,0
686,7,"(4, 4)",1,0.8724880642361111,0.6868923611111111,732,0.6685555555555557,BNCI2015-003,6,0
687,7,"(4, 4)",2,0.8802571614583334,0.6712673611111112,732,0.6669444444444445,BNCI2015-003,6,0
688,7,"(4, 4)",3,0.874755859375,0.7210069444444445,732,0.6888333333333334,BNCI2015-003,6,0
689,7,"(4, 4)",4,0.8679470486111112,0.6844618055555556,732,0.6585555555555556,BNCI2015-003,6,0
690,8,"(8, 8)",0,0.8752061631944444,0.7080729166666667,796,0.6905,BNCI2015-003,6,0
691,8,"(8, 8)",1,0.8775065104166666,0.6834201388888889,796,0.6717222222222222,BNCI2015-003,6,0
692,8,"(8, 8)",2,0.8815538194444444,0.6723958333333334,796,0.6667777777777777,BNCI2015-003,6,0
693,8,"(8, 8)",3,0.8766059027777777,0.7206597222222222,796,0.6865555555555556,BNCI2015-003,6,0
694,8,"(8, 8)",4,0.8700032552083333,0.68359375,796,0.6628333333333333,BNCI2015-003,6,0
695,9,"(8, 16)",0,0.8772840711805555,0.7072048611111111,924,0.6818333333333334,BNCI2015-003,6,0
696,9,"(8, 16)",1,0.8783040364583334,0.6814236111111112,924,0.6703888888888889,BNCI2015-003,6,0
697,9,"(8, 16)",2,0.882666015625,0.6717013888888889,924,0.6617777777777778,BNCI2015-003,6,0
698,9,"(8, 16)",3,0.878732638888889,0.7171875,924,0.6852222222222222,BNCI2015-003,6,0
699,9,"(8, 16)",4,0.87255859375,0.6902777777777778,924,0.6681111111111111,BNCI2015-003,6,0
700,0,"(1, 1)",0,0.849462890625,0.8422743055555556,1,0.7648333333333334,BNCI2015-003,7,0
701,0,"(1, 1)",1,0.8427897135416668,0.8706597222222222,1,0.7716666666666667,BNCI2015-003,7,0
702,0,"(1, 1)",2,0.859375,0.7924479166666667,1,0.7645555555555557,BNCI2015-003,7,0
703,0,"(1, 1)",3,0.857177734375,0.80078125,1,0.7772777777777777,BNCI2015-003,7,0
704,0,"(1, 1)",4,0.8627875434027779,0.7861111111111111,1,0.7536666666666668,BNCI2015-003,7,0
705,1,"(2, 2)",0,0.8976888020833333,0.8544270833333335,5,0.7924444444444445,BNCI2015-003,7,0
706,1,"(2, 2)",1,0.8842447916666668,0.89609375,5,0.8043333333333335,BNCI2015-003,7,0
707,1,"(2, 2)",2,0.9023383246527777,0.8245659722222223,5,0.7778333333333334,BNCI2015-003,7,0
708,1,"(2, 2)",3,0.8917209201388888,0.8389756944444444,5,0.7996666666666666,BNCI2015-003,7,0
709,1,"(2, 2)",4,0.8984971788194444,0.8388020833333333,5,0.7737777777777777,BNCI2015-003,7,0
710,2,"(8, 8)",0,0.9027506510416667,0.8584201388888888,69,0.813,BNCI2015-003,7,0
711,2,"(8, 8)",1,0.8897352430555555,0.8915798611111111,69,0.8149444444444444,BNCI2015-003,7,0
712,2,"(8, 8)",2,0.9089029947916666,0.810329861111111,69,0.7888333333333333,BNCI2015-003,7,0
713,2,"(8, 8)",3,0.9043240017361113,0.8430555555555556,69,0.8027777777777777,BNCI2015-003,7,0
714,2,"(8, 8)",4,0.9039713541666665,0.8222222222222222,69,0.7811111111111112,BNCI2015-003,7,0
715,3,"(8, 8)",0,0.9119520399305557,0.8543402777777778,133,0.8122222222222222,BNCI2015-003,7,0
716,3,"(8, 8)",1,0.8954264322916666,0.8933159722222223,133,0.8030555555555555,BNCI2015-003,7,0
717,3,"(8, 8)",2,0.9150336371527779,0.8002604166666666,133,0.7929444444444446,BNCI2015-003,7,0
718,3,"(8, 8)",3,0.9056640625,0.8450520833333334,133,0.8037222222222223,BNCI2015-003,7,0
719,3,"(8, 8)",4,0.9083441840277777,0.8227430555555556,133,0.7801111111111112,BNCI2015-003,7,0
720,4,"(8, 8)",0,0.9135687934027779,0.8509548611111111,197,0.8115000000000001,BNCI2015-003,7,0
721,4,"(8, 8)",1,0.8979600694444445,0.8944444444444445,197,0.8056666666666668,BNCI2015-003,7,0
722,4,"(8, 8)",2,0.9160753038194445,0.7961805555555554,197,0.7921666666666667,BNCI2015-003,7,0
723,4,"(8, 8)",3,0.9078450520833333,0.8369791666666666,197,0.8040555555555556,BNCI2015-003,7,0
724,4,"(8, 8)",4,0.9088921440972223,0.8209201388888888,197,0.7789444444444443,BNCI2015-003,7,0
725,5,"(8, 8)",0,0.914892578125,0.8502604166666666,261,0.8141111111111111,BNCI2015-003,7,0
726,5,"(8, 8)",1,0.898876953125,0.89765625,261,0.8072222222222222,BNCI2015-003,7,0
727,5,"(8, 8)",2,0.9188964843749999,0.790798611111111,261,0.7915,BNCI2015-003,7,0
728,5,"(8, 8)",3,0.9108506944444444,0.8413194444444444,261,0.8086111111111112,BNCI2015-003,7,0
729,5,"(8, 8)",4,0.911062282986111,0.825,261,0.7754444444444445,BNCI2015-003,7,0
730,6,"(8, 8)",0,0.9162706163194446,0.8480034722222223,325,0.813888888888889,BNCI2015-003,7,0
731,6,"(8, 8)",1,0.8997612847222223,0.89609375,325,0.8110555555555556,BNCI2015-003,7,0
732,6,"(8, 8)",2,0.9190321180555555,0.7813368055555555,325,0.7889444444444444,BNCI2015-003,7,0
733,6,"(8, 8)",3,0.9119683159722223,0.8407118055555555,325,0.8116666666666666,BNCI2015-003,7,0
734,6,"(8, 8)",4,0.9143120659722223,0.8240451388888889,325,0.7722222222222223,BNCI2015-003,7,0
735,7,"(8, 16)",0,0.9163248697916667,0.8518229166666667,453,0.8052222222222222,BNCI2015-003,7,0
736,7,"(8, 16)",1,0.9040147569444444,0.8849826388888888,453,0.7954444444444445,BNCI2015-003,7,0
737,7,"(8, 16)",2,0.9230902777777777,0.7886284722222221,453,0.7817222222222222,BNCI2015-003,7,0
738,7,"(8, 16)",3,0.9199544270833332,0.8355034722222222,453,0.8025555555555556,BNCI2015-003,7,0
739,7,"(8, 16)",4,0.9160319010416664,0.8287326388888889,453,0.7660555555555556,BNCI2015-003,7,0
740,8,"(8, 32)",0,0.9170030381944444,0.8552951388888889,709,0.8083333333333333,BNCI2015-003,7,0
741,8,"(8, 32)",1,0.9064724392361111,0.8819444444444444,709,0.7871111111111111,BNCI2015-003,7,0
742,8,"(8, 32)",2,0.9249565972222222,0.7818576388888889,709,0.7862222222222222,BNCI2015-003,7,0
743,8,"(8, 32)",3,0.9213650173611111,0.8342881944444445,709,0.8046666666666666,BNCI2015-003,7,0
744,8,"(8, 32)",4,0.9158203125,0.8368055555555556,709,0.7623888888888889,BNCI2015-003,7,0
745,9,"(2, 2)",0,0.9172580295138889,0.8557291666666668,713,0.807,BNCI2015-003,7,0
746,9,"(2, 2)",1,0.9068576388888887,0.8878472222222222,713,0.7857777777777777,BNCI2015-003,7,0
747,9,"(2, 2)",2,0.9254394531250001,0.77578125,713,0.7873888888888888,BNCI2015-003,7,0
748,9,"(2, 2)",3,0.9213758680555555,0.8356770833333333,713,0.8053333333333332,BNCI2015-003,7,0
749,9,"(2, 2)",4,0.917827690972222,0.8297743055555555,713,0.7581666666666667,BNCI2015-003,7,0
750,0,"(8, 32)",0,0.9356065538194444,0.9064236111111111,256,0.9182777777777777,BNCI2015-003,8,0
751,0,"(8, 32)",1,0.9460340711805555,0.88515625,256,0.9252777777777778,BNCI2015-003,8,0
752,0,"(8, 32)",2,0.9422688802083333,0.9125,256,0.9376111111111111,BNCI2015-003,8,0
753,0,"(8, 32)",3,0.9454481336805555,0.8856770833333334,256,0.9516111111111112,BNCI2015-003,8,0
754,0,"(8, 32)",4,0.9421386718749999,0.9127604166666666,256,0.9372777777777778,BNCI2015-003,8,0
755,1,"(1, 1)",0,0.9404893663194445,0.9202256944444444,257,0.9205555555555556,BNCI2015-003,8,0
756,1,"(1, 1)",1,0.9505262586805555,0.8802951388888889,257,0.9237222222222221,BNCI2015-003,8,0
757,1,"(1, 1)",2,0.9471245659722223,0.922829861111111,257,0.9396666666666667,BNCI2015-003,8,0
758,1,"(1, 1)",3,0.9472330729166666,0.8924479166666668,257,0.9422777777777778,BNCI2015-003,8,0
759,1,"(1, 1)",4,0.9436577690972222,0.9213541666666666,257,0.9319444444444445,BNCI2015-003,8,0
760,2,"(8, 39)",0,0.9584201388888889,0.9197048611111112,569,0.9301111111111111,BNCI2015-003,8,0
761,2,"(8, 39)",1,0.9635308159722222,0.8868055555555556,569,0.9348888888888889,BNCI2015-003,8,0
762,2,"(8, 39)",2,0.9647298177083333,0.9269097222222222,569,0.9433888888888888,BNCI2015-003,8,0
763,2,"(8, 39)",3,0.9619574652777778,0.89375,569,0.9439444444444445,BNCI2015-003,8,0
764,2,"(8, 39)",4,0.9591362847222221,0.9274305555555555,569,0.9436666666666667,BNCI2015-003,8,0
765,3,"(1, 1)",0,0.9595269097222222,0.92109375,570,0.9395555555555556,BNCI2015-003,8,0
766,3,"(1, 1)",1,0.9648654513888889,0.8832465277777777,570,0.9343888888888888,BNCI2015-003,8,0
767,3,"(1, 1)",2,0.9655327690972222,0.9284722222222223,570,0.9441666666666666,BNCI2015-003,8,0
768,3,"(1, 1)",3,0.963037109375,0.8958333333333334,570,0.9408888888888889,BNCI2015-003,8,0
769,3,"(1, 1)",4,0.9614854600694445,0.9285590277777778,570,0.9460000000000001,BNCI2015-003,8,0
770,4,"(1, 1)",0,0.959130859375,0.9210069444444444,571,0.9363333333333334,BNCI2015-003,8,0
771,4,"(1, 1)",1,0.965625,0.8808159722222222,571,0.9316666666666666,BNCI2015-003,8,0
772,4,"(1, 1)",2,0.9670301649305556,0.9306423611111111,571,0.9421111111111111,BNCI2015-003,8,0
773,4,"(1, 1)",3,0.9635687934027778,0.896875,571,0.9418333333333334,BNCI2015-003,8,0
774,4,"(1, 1)",4,0.9628472222222222,0.9272569444444444,571,0.9391666666666667,BNCI2015-003,8,0
775,5,"(2, 2)",0,0.95927734375,0.9236979166666667,575,0.9357222222222221,BNCI2015-003,8,0
776,5,"(2, 2)",1,0.9658854166666667,0.8809027777777778,575,0.9298888888888889,BNCI2015-003,8,0
777,5,"(2, 2)",2,0.9674479166666667,0.9304687500000001,575,0.9416111111111111,BNCI2015-003,8,0
778,5,"(2, 2)",3,0.9638888888888888,0.89609375,575,0.9410555555555555,BNCI2015-003,8,0
779,5,"(2, 2)",4,0.964599609375,0.9348090277777777,575,0.937,BNCI2015-003,8,0
780,6,"(1, 1)",0,0.9594835069444444,0.9248263888888889,576,0.9342777777777778,BNCI2015-003,8,0
781,6,"(1, 1)",1,0.9663465711805556,0.8808159722222222,576,0.9302222222222222,BNCI2015-003,8,0
782,6,"(1, 1)",2,0.9676649305555556,0.9307291666666666,576,0.9412777777777778,BNCI2015-003,8,0
783,6,"(1, 1)",3,0.9642198350694443,0.8979166666666667,576,0.9421111111111111,BNCI2015-003,8,0
784,6,"(1, 1)",4,0.964279513888889,0.9336805555555555,576,0.9364444444444444,BNCI2015-003,8,0
785,7,"(2, 2)",0,0.9600748697916667,0.9247395833333334,580,0.9334444444444444,BNCI2015-003,8,0
786,7,"(2, 2)",1,0.9672092013888889,0.8803819444444445,580,0.9308888888888889,BNCI2015-003,8,0
787,7,"(2, 2)",2,0.9678222656250001,0.93046875,580,0.941,BNCI2015-003,8,0
788,7,"(2, 2)",3,0.9641547309027777,0.8987847222222223,580,0.940111111111111,BNCI2015-003,8,0
789,7,"(2, 2)",4,0.964816623263889,0.9364583333333333,580,0.9306666666666668,BNCI2015-003,8,0
790,8,"(1, 1)",0,0.959933810763889,0.9248263888888889,581,0.9321111111111111,BNCI2015-003,8,0
791,8,"(1, 1)",1,0.9671820746527777,0.8809027777777778,581,0.9293333333333332,BNCI2015-003,8,0
792,8,"(1, 1)",2,0.9681532118055556,0.9315104166666667,581,0.9395555555555555,BNCI2015-003,8,0
793,8,"(1, 1)",3,0.9644259982638889,0.8988715277777778,581,0.9408888888888889,BNCI2015-003,8,0
794,8,"(1, 1)",4,0.9657118055555556,0.9348090277777779,581,0.9306111111111111,BNCI2015-003,8,0
795,9,"(2, 2)",0,0.9605794270833333,0.9256076388888889,585,0.9308333333333333,BNCI2015-003,8,0
796,9,"(2, 2)",1,0.968896484375,0.8837673611111111,585,0.9302222222222223,BNCI2015-003,8,0
797,9,"(2, 2)",2,0.9685763888888889,0.931423611111111,585,0.9396111111111111,BNCI2015-003,8,0
798,9,"(2, 2)",3,0.9646538628472222,0.8975694444444444,585,0.9416666666666667,BNCI2015-003,8,0
799,9,"(2, 2)",4,0.9660156249999999,0.9345486111111111,585,0.9292222222222222,BNCI2015-003,8,0
800,0,"(8, 32)",0,0.9290418836805556,0.8519965277777778,256,0.8979444444444444,BNCI2015-003,9,0
801,0,"(8, 32)",1,0.9254231770833333,0.8565104166666667,256,0.9114444444444444,BNCI2015-003,9,0
802,0,"(8, 32)",2,0.9157769097222223,0.888454861111111,256,0.9022777777777778,BNCI2015-003,9,0
803,0,"(8, 32)",3,0.9140407986111111,0.9288194444444445,256,0.9063888888888889,BNCI2015-003,9,0
804,0,"(8, 32)",4,0.9203450520833334,0.8717881944444444,256,0.891,BNCI2015-003,9,0
805,1,"(1, 1)",0,0.9453938802083334,0.8680555555555555,257,0.9057777777777779,BNCI2015-003,9,0
806,1,"(1, 1)",1,0.933251953125,0.8996527777777779,257,0.9149444444444443,BNCI2015-003,9,0
807,1,"(1, 1)",2,0.9301866319444445,0.8873263888888888,257,0.9102777777777779,BNCI2015-003,9,0
808,1,"(1, 1)",3,0.9287000868055555,0.935763888888889,257,0.9101111111111111,BNCI2015-003,9,0
809,1,"(1, 1)",4,0.9324652777777778,0.8825520833333333,257,0.8936666666666666,BNCI2015-003,9,0
810,2,"(8, 32)",0,0.9532769097222222,0.8571180555555555,513,0.9112777777777777,BNCI2015-003,9,0
811,2,"(8, 32)",1,0.9433973524305554,0.8961805555555555,513,0.9157222222222222,BNCI2015-003,9,0
812,2,"(8, 32)",2,0.9378472222222223,0.8949652777777777,513,0.9186111111111113,BNCI2015-003,9,0
813,2,"(8, 32)",3,0.9378146701388889,0.9350694444444444,513,0.9051111111111111,BNCI2015-003,9,0
814,2,"(8, 32)",4,0.9388237847222223,0.8939236111111111,513,0.8988333333333333,BNCI2015-003,9,0
815,3,"(1, 1)",0,0.9529242621527778,0.8575520833333333,514,0.9107777777777778,BNCI2015-003,9,0
816,3,"(1, 1)",1,0.9432996961805555,0.8997395833333333,514,0.9162777777777777,BNCI2015-003,9,0
817,3,"(1, 1)",2,0.9394422743055555,0.8960069444444444,514,0.9220555555555556,BNCI2015-003,9,0
818,3,"(1, 1)",3,0.9381293402777777,0.9385416666666666,514,0.9085555555555556,BNCI2015-003,9,0
819,3,"(1, 1)",4,0.9408365885416666,0.8936631944444445,514,0.9029444444444444,BNCI2015-003,9,0
820,4,"(1, 1)",0,0.9517849392361111,0.8630208333333335,515,0.9093333333333333,BNCI2015-003,9,0
821,4,"(1, 1)",1,0.9436469184027778,0.9008680555555556,515,0.9142222222222223,BNCI2015-003,9,0
822,4,"(1, 1)",2,0.9390516493055555,0.8959201388888889,515,0.9207222222222221,BNCI2015-003,9,0
823,4,"(1, 1)",3,0.9386555989583334,0.9403645833333334,515,0.9088333333333334,BNCI2015-003,9,0
824,4,"(1, 1)",4,0.9400282118055554,0.8939236111111112,515,0.9022777777777777,BNCI2015-003,9,0
825,5,"(1, 1)",0,0.9520182291666666,0.8640625000000001,516,0.9084444444444445,BNCI2015-003,9,0
826,5,"(1, 1)",1,0.9437554253472222,0.9025173611111111,516,0.9170555555555555,BNCI2015-003,9,0
827,5,"(1, 1)",2,0.9393663194444445,0.8914930555555556,516,0.9211111111111111,BNCI2015-003,9,0
828,5,"(1, 1)",3,0.9379991319444444,0.93984375,516,0.9077777777777778,BNCI2015-003,9,0
829,5,"(1, 1)",4,0.9401041666666666,0.8973958333333333,516,0.9027777777777777,BNCI2015-003,9,0
830,6,"(2, 2)",0,0.9532389322916668,0.8620659722222221,520,0.9080555555555556,BNCI2015-003,9,0
831,6,"(2, 2)",1,0.9448784722222223,0.9007812499999999,520,0.9182777777777776,BNCI2015-003,9,0
832,6,"(2, 2)",2,0.9393120659722222,0.8921875,520,0.9216666666666666,BNCI2015-003,9,0
833,6,"(2, 2)",3,0.9381564670138889,0.9406249999999999,520,0.9093333333333333,BNCI2015-003,9,0
834,6,"(2, 2)",4,0.9404513888888889,0.8982638888888889,520,0.9022222222222221,BNCI2015-003,9,0
835,7,"(8, 16)",0,0.9562337239583334,0.8605034722222221,648,0.9055,BNCI2015-003,9,0
836,7,"(8, 16)",1,0.9495659722222222,0.8939236111111112,648,0.9183333333333333,BNCI2015-003,9,0
837,7,"(8, 16)",2,0.940283203125,0.8939236111111112,648,0.924,BNCI2015-003,9,0
838,7,"(8, 16)",3,0.93984375,0.9361979166666666,648,0.9125,BNCI2015-003,9,0
839,7,"(8, 16)",4,0.9426106770833333,0.9030381944444446,648,0.9025555555555556,BNCI2015-003,9,0
840,8,"(1, 1)",0,0.9560438368055556,0.8604166666666666,649,0.9063888888888888,BNCI2015-003,9,0
841,8,"(1, 1)",1,0.9494032118055555,0.8939236111111111,649,0.9178888888888889,BNCI2015-003,9,0
842,8,"(1, 1)",2,0.9408094618055556,0.8942708333333333,649,0.9249999999999999,BNCI2015-003,9,0
843,8,"(1, 1)",3,0.9398166232638888,0.935763888888889,649,0.9119444444444444,BNCI2015-003,9,0
844,8,"(1, 1)",4,0.942165798611111,0.9016493055555557,649,0.9015555555555554,BNCI2015-003,9,0
845,9,"(1, 1)",0,0.9560763888888889,0.8602430555555555,650,0.9065,BNCI2015-003,9,0
846,9,"(1, 1)",1,0.9495605468749999,0.8935763888888888,650,0.9177777777777778,BNCI2015-003,9,0
847,9,"(1, 1)",2,0.9412272135416667,0.8944444444444445,650,0.9239444444444446,BNCI2015-003,9,0
848,9,"(1, 1)",3,0.9400553385416667,0.9358506944444445,650,0.9121666666666668,BNCI2015-003,9,0
849,9,"(1, 1)",4,0.9421929253472222,0.9020833333333333,650,0.9018888888888889,BNCI2015-003,9,0
850,0,"(1, 1)",0,0.9111328125,0.8467013888888888,1,0.9049444444444444,BNCI2015-003,10,0
851,0,"(1, 1)",1,0.9060438368055554,0.8883680555555554,1,0.9018333333333333,BNCI2015-003,10,0
852,0,"(1, 1)",2,0.9118760850694445,0.8783854166666667,1,0.9108888888888889,BNCI2015-003,10,0
853,0,"(1, 1)",3,0.8996419270833332,0.9125868055555556,1,0.906611111111111,BNCI2015-003,10,0
854,0,"(1, 1)",4,0.9033094618055556,0.8964409722222222,1,0.9041111111111111,BNCI2015-003,10,0
855,1,"(2, 2)",0,0.9185384114583334,0.8592881944444445,5,0.9266666666666666,BNCI2015-003,10,0
856,1,"(2, 2)",1,0.9206054687499999,0.8822916666666667,5,0.9212222222222223,BNCI2015-003,10,0
857,1,"(2, 2)",2,0.9267903645833333,0.8855034722222221,5,0.9223888888888889,BNCI2015-003,10,0
858,1,"(2, 2)",3,0.9145128038194446,0.9259548611111111,5,0.9223888888888889,BNCI2015-003,10,0
859,1,"(2, 2)",4,0.9186469184027778,0.8971354166666665,5,0.9187222222222222,BNCI2015-003,10,0
860,2,"(2, 2)",0,0.9285210503472222,0.8730902777777777,9,0.9381666666666666,BNCI2015-003,10,0
861,2,"(2, 2)",1,0.9308702256944444,0.8813368055555556,9,0.9330555555555555,BNCI2015-003,10,0
862,2,"(2, 2)",2,0.9362141927083333,0.87890625,9,0.9408888888888889,BNCI2015-003,10,0
863,2,"(2, 2)",3,0.9223795572916667,0.9275173611111112,9,0.9382777777777778,BNCI2015-003,10,0
864,2,"(2, 2)",4,0.9251844618055556,0.9049479166666666,9,0.9321111111111111,BNCI2015-003,10,0
865,3,"(4, 4)",0,0.9339518229166667,0.8776909722222223,25,0.9421666666666667,BNCI2015-003,10,0
866,3,"(4, 4)",1,0.9352701822916666,0.8839409722222222,25,0.9362222222222223,BNCI2015-003,10,0
867,3,"(4, 4)",2,0.9379286024305556,0.8846354166666667,25,0.9395000000000001,BNCI2015-003,10,0
868,3,"(4, 4)",3,0.9268934461805556,0.9210069444444444,25,0.9411666666666667,BNCI2015-003,10,0
869,3,"(4, 4)",4,0.9284613715277779,0.8967881944444444,25,0.9367777777777779,BNCI2015-003,10,0
870,4,"(8, 39)",0,0.9372341579861111,0.8716145833333333,337,0.9387777777777778,BNCI2015-003,10,0
871,4,"(8, 39)",1,0.938205295138889,0.88671875,337,0.937,BNCI2015-003,10,0
872,4,"(8, 39)",2,0.94228515625,0.8921006944444444,337,0.9377777777777778,BNCI2015-003,10,0
873,4,"(8, 39)",3,0.9328504774305557,0.9203125,337,0.9435555555555555,BNCI2015-003,10,0
874,4,"(8, 39)",4,0.9370171440972223,0.8912326388888889,337,0.9274444444444444,BNCI2015-003,10,0
875,5,"(4, 4)",0,0.9427029079861111,0.8747395833333332,353,0.9237777777777777,BNCI2015-003,10,0
876,5,"(4, 4)",1,0.9407226562500001,0.8922743055555555,353,0.9307222222222222,BNCI2015-003,10,0
877,5,"(4, 4)",2,0.9477539062500001,0.888107638888889,353,0.9197777777777778,BNCI2015-003,10,0
878,5,"(4, 4)",3,0.9395345052083334,0.9234375,353,0.9299999999999999,BNCI2015-003,10,0
879,5,"(4, 4)",4,0.9434624565972223,0.8953125,353,0.9109444444444446,BNCI2015-003,10,0
880,6,"(8, 39)",0,0.9484863281250001,0.878125,665,0.9210555555555556,BNCI2015-003,10,0
881,6,"(8, 39)",1,0.9423177083333334,0.8975694444444444,665,0.9316111111111112,BNCI2015-003,10,0
882,6,"(8, 39)",2,0.950857204861111,0.8808159722222222,665,0.9130555555555555,BNCI2015-003,10,0
883,6,"(8, 39)",3,0.9418185763888889,0.9267361111111111,665,0.927611111111111,BNCI2015-003,10,0
884,6,"(8, 39)",4,0.9474500868055555,0.8996527777777777,665,0.9088333333333334,BNCI2015-003,10,0
885,7,"(8, 39)",0,0.9508734809027778,0.8778645833333333,977,0.9251666666666666,BNCI2015-003,10,0
886,7,"(8, 39)",1,0.9430121527777778,0.8965277777777778,977,0.9288333333333334,BNCI2015-003,10,0
887,7,"(8, 39)",2,0.951931423611111,0.8813368055555556,977,0.9156111111111112,BNCI2015-003,10,0
888,7,"(8, 39)",3,0.94248046875,0.9256944444444445,977,0.9280555555555555,BNCI2015-003,10,0
889,7,"(8, 39)",4,0.9482638888888889,0.9011284722222223,977,0.9068333333333334,BNCI2015-003,10,0
890,8,"(8, 39)",0,0.95439453125,0.8763888888888889,1289,0.9175555555555556,BNCI2015-003,10,0
891,8,"(8, 39)",1,0.9448404947916668,0.8985243055555556,1289,0.9249444444444445,BNCI2015-003,10,0
892,8,"(8, 39)",2,0.9538953993055556,0.881076388888889,1289,0.9155555555555556,BNCI2015-003,10,0
893,8,"(8, 39)",3,0.9428114149305555,0.9276909722222222,1289,0.9287777777777778,BNCI2015-003,10,0
894,8,"(8, 39)",4,0.9492784288194445,0.8990451388888888,1289,0.9064444444444444,BNCI2015-003,10,0
895,9,"(8, 8)",0,0.956081814236111,0.8778645833333333,1353,0.9205,BNCI2015-003,10,0
896,9,"(8, 8)",1,0.9474283854166666,0.9020833333333332,1353,0.9185000000000001,BNCI2015-003,10,0
897,9,"(8, 8)",2,0.9573784722222223,0.8746527777777777,1353,0.9099444444444444,BNCI2015-003,10,0
898,9,"(8, 8)",3,0.9438747829861112,0.9294270833333332,1353,0.9241111111111111,BNCI2015-003,10,0
899,9,"(8, 8)",4,0.9506293402777778,0.8997395833333334,1353,0.9068888888888889,BNCI2015-003,10,0
