,stc,snr,jitter,method,rho,fold
0,sine,0,0.1,CBLE-median,0.9971386630880513,0
1,sine,0,0.1,CBLE-median,0.9684619092066049,1
2,sine,0,0.1,CBLE-median,0.9866020431728524,2
3,sine,0,0.1,CBLE-median,0.9360521873353793,3
4,sine,0,0.1,CBLE-median,0.9911787619424958,4
5,sine,0,0.1,CBLE-median,0.9967477206841004,5
6,sine,0,0.1,CBLE-median,0.9503248571925944,6
7,sine,0,0.1,CBLE-median,0.957000219695989,7
8,sine,0,0.1,CBLE-median,0.9831991746523455,8
9,sine,0,0.1,CBLE-median,0.9933370604567691,9
10,sine,0,0.1,WCBLE-median,0.9951099951457749,0
11,sine,0,0.1,WCBLE-median,0.9985000380600654,1
12,sine,0,0.1,WCBLE-median,0.993928441620215,2
13,sine,0,0.1,WCBLE-median,0.9922689865846789,3
14,sine,0,0.1,WCBLE-median,0.9957574113134251,4
15,sine,0,0.1,WCBLE-median,0.9970779716560806,5
16,sine,0,0.1,WCBLE-median,0.9950937449092963,6
17,sine,0,0.1,WCBLE-median,0.9939728266741847,7
18,sine,0,0.1,WCBLE-median,0.9957153017508265,8
19,sine,0,0.1,WCBLE-median,0.9972287322391932,9
20,sine,0,0.2,CBLE-median,0.9968026243920475,0
21,sine,0,0.2,CBLE-median,0.9553559981766608,1
22,sine,0,0.2,CBLE-median,0.9738930011254776,2
23,sine,0,0.2,CBLE-median,0.9983946599475233,3
24,sine,0,0.2,CBLE-median,0.9952426626374471,4
25,sine,0,0.2,CBLE-median,0.978960143103921,5
26,sine,0,0.2,CBLE-median,0.9847247935527795,6
27,sine,0,0.2,CBLE-median,0.9289262273714556,7
28,sine,0,0.2,CBLE-median,0.911306813903779,8
29,sine,0,0.2,CBLE-median,0.9418021744210291,9
30,sine,0,0.2,WCBLE-median,0.9989198852669015,0
31,sine,0,0.2,WCBLE-median,0.9993230871826472,1
32,sine,0,0.2,WCBLE-median,0.9986019652240878,2
33,sine,0,0.2,WCBLE-median,0.9983946599475233,3
34,sine,0,0.2,WCBLE-median,0.9975994074045619,4
35,sine,0,0.2,WCBLE-median,0.9987696604933982,5
36,sine,0,0.2,WCBLE-median,0.9989601186455341,6
37,sine,0,0.2,WCBLE-median,0.9975166859982221,7
38,sine,0,0.2,WCBLE-median,0.9986840737267126,8
39,sine,0,0.2,WCBLE-median,0.9992637971010191,9
40,sine,0,0.3,CBLE-median,0.49527689103716355,0
41,sine,0,0.3,CBLE-median,0.985809029490028,1
42,sine,0,0.3,CBLE-median,0.9555860017390525,2
43,sine,0,0.3,CBLE-median,0.9989808977412057,3
44,sine,0,0.3,CBLE-median,0.9973657754990002,4
45,sine,0,0.3,CBLE-median,0.9761649438254171,5
46,sine,0,0.3,CBLE-median,0.9650945384301434,6
47,sine,0,0.3,CBLE-median,0.8955916684667109,7
48,sine,0,0.3,CBLE-median,0.9058056711130642,8
49,sine,0,0.3,CBLE-median,0.9750655870321274,9
50,sine,0,0.3,WCBLE-median,-0.11188342699267184,0
51,sine,0,0.3,WCBLE-median,0.9963924666656971,1
52,sine,0,0.3,WCBLE-median,0.9991503379466858,2
53,sine,0,0.3,WCBLE-median,0.9989974114399212,3
54,sine,0,0.3,WCBLE-median,0.9991316902946026,4
55,sine,0,0.3,WCBLE-median,0.9975163653590184,5
56,sine,0,0.3,WCBLE-median,0.9995326165911741,6
57,sine,0,0.3,WCBLE-median,0.9994719106108839,7
58,sine,0,0.3,WCBLE-median,0.9995761250263099,8
59,sine,0,0.3,WCBLE-median,0.9989780982126844,9
60,sine,-1,0.1,CBLE-median,0.9971386630880513,0
61,sine,-1,0.1,CBLE-median,0.9684619092066049,1
62,sine,-1,0.1,CBLE-median,0.9866020431728524,2
63,sine,-1,0.1,CBLE-median,0.9360521873353793,3
64,sine,-1,0.1,CBLE-median,0.9895332838879518,4
65,sine,-1,0.1,CBLE-median,0.9967477206841004,5
66,sine,-1,0.1,CBLE-median,0.981938907352238,6
67,sine,-1,0.1,CBLE-median,0.957000219695989,7
68,sine,-1,0.1,CBLE-median,0.9831991746523455,8
69,sine,-1,0.1,CBLE-median,0.9900903940686294,9
70,sine,-1,0.1,WCBLE-median,0.9955223185015917,0
71,sine,-1,0.1,WCBLE-median,0.9947629967714877,1
72,sine,-1,0.1,WCBLE-median,0.9938596386037301,2
73,sine,-1,0.1,WCBLE-median,0.9908413787026717,3
74,sine,-1,0.1,WCBLE-median,0.9934149953291332,4
75,sine,-1,0.1,WCBLE-median,0.9969786020174238,5
76,sine,-1,0.1,WCBLE-median,0.9941005182568645,6
77,sine,-1,0.1,WCBLE-median,0.9939728266741847,7
78,sine,-1,0.1,WCBLE-median,0.9975503969974175,8
79,sine,-1,0.1,WCBLE-median,0.9977753477269525,9
80,sine,-1,0.2,CBLE-median,0.9968026243920475,0
81,sine,-1,0.2,CBLE-median,0.9553559981766608,1
82,sine,-1,0.2,CBLE-median,0.9738930011254776,2
83,sine,-1,0.2,CBLE-median,0.9970600421659648,3
84,sine,-1,0.2,CBLE-median,0.9952426626374471,4
85,sine,-1,0.2,CBLE-median,0.9794817627032204,5
86,sine,-1,0.2,CBLE-median,0.9859381926768993,6
87,sine,-1,0.2,CBLE-median,0.9289262273714556,7
88,sine,-1,0.2,CBLE-median,0.911306813903779,8
89,sine,-1,0.2,CBLE-median,0.9418021744210291,9
90,sine,-1,0.2,WCBLE-median,0.9989468445745371,0
91,sine,-1,0.2,WCBLE-median,0.9988736416967754,1
92,sine,-1,0.2,WCBLE-median,0.9990120279279805,2
93,sine,-1,0.2,WCBLE-median,0.9983544970377323,3
94,sine,-1,0.2,WCBLE-median,0.9975994074045619,4
95,sine,-1,0.2,WCBLE-median,0.9990002332441307,5
96,sine,-1,0.2,WCBLE-median,0.9987132684990807,6
97,sine,-1,0.2,WCBLE-median,0.9982160395663823,7
98,sine,-1,0.2,WCBLE-median,0.9989605383394496,8
99,sine,-1,0.2,WCBLE-median,0.9992637971010191,9
100,sine,-1,0.3,CBLE-median,0.49527689103716355,0
101,sine,-1,0.3,CBLE-median,0.985809029490028,1
102,sine,-1,0.3,CBLE-median,0.955810623278353,2
103,sine,-1,0.3,CBLE-median,0.9989808977412057,3
104,sine,-1,0.3,CBLE-median,0.9973657754990002,4
105,sine,-1,0.3,CBLE-median,0.9668674824748942,5
106,sine,-1,0.3,CBLE-median,0.9344827551547661,6
107,sine,-1,0.3,CBLE-median,0.8955916684667109,7
108,sine,-1,0.3,CBLE-median,0.8919061813060665,8
109,sine,-1,0.3,CBLE-median,0.9750655870321274,9
110,sine,-1,0.3,WCBLE-median,0.1689611091235953,0
111,sine,-1,0.3,WCBLE-median,0.9963924666656971,1
112,sine,-1,0.3,WCBLE-median,0.999508367877607,2
113,sine,-1,0.3,WCBLE-median,0.9989808977412057,3
114,sine,-1,0.3,WCBLE-median,0.9991863743970957,4
115,sine,-1,0.3,WCBLE-median,0.9975163653590184,5
116,sine,-1,0.3,WCBLE-median,0.9991081921523733,6
117,sine,-1,0.3,WCBLE-median,0.999462732121252,7
118,sine,-1,0.3,WCBLE-median,0.9995950599039344,8
119,sine,-1,0.3,WCBLE-median,0.9989780982126844,9
120,sine,-2,0.1,CBLE-median,0.9971386630880513,0
121,sine,-2,0.1,CBLE-median,0.9684619092066049,1
122,sine,-2,0.1,CBLE-median,0.9866020431728524,2
123,sine,-2,0.1,CBLE-median,0.9360521873353793,3
124,sine,-2,0.1,CBLE-median,0.9895332838879518,4
125,sine,-2,0.1,CBLE-median,0.9967477206841004,5
126,sine,-2,0.1,CBLE-median,0.981938907352238,6
127,sine,-2,0.1,CBLE-median,0.957000219695989,7
128,sine,-2,0.1,CBLE-median,0.9831991746523455,8
129,sine,-2,0.1,CBLE-median,0.9900903940686294,9
130,sine,-2,0.1,WCBLE-median,0.9957277139042866,0
131,sine,-2,0.1,WCBLE-median,0.9985000380600654,1
132,sine,-2,0.1,WCBLE-median,0.9938596386037301,2
133,sine,-2,0.1,WCBLE-median,0.9952331943133221,3
134,sine,-2,0.1,WCBLE-median,0.9911787619424958,4
135,sine,-2,0.1,WCBLE-median,0.9969786020174238,5
136,sine,-2,0.1,WCBLE-median,0.9950937449092963,6
137,sine,-2,0.1,WCBLE-median,0.9939728266741847,7
138,sine,-2,0.1,WCBLE-median,0.9975503969974175,8
139,sine,-2,0.1,WCBLE-median,0.9972287322391932,9
140,sine,-2,0.2,CBLE-median,0.9968026243920475,0
141,sine,-2,0.2,CBLE-median,0.9553559981766608,1
142,sine,-2,0.2,CBLE-median,0.9738930011254776,2
143,sine,-2,0.2,CBLE-median,0.9572727842357492,3
144,sine,-2,0.2,CBLE-median,0.9952426626374471,4
145,sine,-2,0.2,CBLE-median,0.9794817627032204,5
146,sine,-2,0.2,CBLE-median,0.9859381926768993,6
147,sine,-2,0.2,CBLE-median,0.9205974488668847,7
148,sine,-2,0.2,CBLE-median,0.9303936647387728,8
149,sine,-2,0.2,CBLE-median,0.9418021744210291,9
150,sine,-2,0.2,WCBLE-median,0.9993323705327175,0
151,sine,-2,0.2,WCBLE-median,0.9993230871826472,1
152,sine,-2,0.2,WCBLE-median,0.9990120279279805,2
153,sine,-2,0.2,WCBLE-median,0.9988579388095723,3
154,sine,-2,0.2,WCBLE-median,0.9962745833801496,4
155,sine,-2,0.2,WCBLE-median,0.9987696604933982,5
156,sine,-2,0.2,WCBLE-median,0.9981265567067974,6
157,sine,-2,0.2,WCBLE-median,0.9987866653367905,7
158,sine,-2,0.2,WCBLE-median,0.9988960774794461,8
159,sine,-2,0.2,WCBLE-median,0.9992637971010191,9
160,sine,-2,0.3,CBLE-median,0.49527689103716355,0
161,sine,-2,0.3,CBLE-median,0.985809029490028,1
162,sine,-2,0.3,CBLE-median,0.955810623278353,2
163,sine,-2,0.3,CBLE-median,0.9989808977412057,3
164,sine,-2,0.3,CBLE-median,0.9973657754990002,4
165,sine,-2,0.3,CBLE-median,0.9668674824748942,5
166,sine,-2,0.3,CBLE-median,0.9344827551547661,6
167,sine,-2,0.3,CBLE-median,0.9035620716759887,7
168,sine,-2,0.3,CBLE-median,0.8919061813060665,8
169,sine,-2,0.3,CBLE-median,0.9529748181694988,9
170,sine,-2,0.3,WCBLE-median,-0.0659704296732201,0
171,sine,-2,0.3,WCBLE-median,0.9963924666656971,1
172,sine,-2,0.3,WCBLE-median,0.9995198890110797,2
173,sine,-2,0.3,WCBLE-median,0.998896019242082,3
174,sine,-2,0.3,WCBLE-median,0.9997632392257025,4
175,sine,-2,0.3,WCBLE-median,0.9975163653590184,5
176,sine,-2,0.3,WCBLE-median,0.9995326165911741,6
177,sine,-2,0.3,WCBLE-median,0.999462732121252,7
178,sine,-2,0.3,WCBLE-median,0.9991772576218938,8
179,sine,-2,0.3,WCBLE-median,0.9989780982126844,9
180,sine,-3,0.1,CBLE-median,0.9945840693504898,0
181,sine,-3,0.1,CBLE-median,0.9731589583703235,1
182,sine,-3,0.1,CBLE-median,0.9866020431728524,2
183,sine,-3,0.1,CBLE-median,0.9360521873353793,3
184,sine,-3,0.1,CBLE-median,0.9895332838879518,4
185,sine,-3,0.1,CBLE-median,0.9870842399861649,5
186,sine,-3,0.1,CBLE-median,0.981938907352238,6
187,sine,-3,0.1,CBLE-median,0.9525076993504762,7
188,sine,-3,0.1,CBLE-median,0.9831991746523455,8
189,sine,-3,0.1,CBLE-median,0.9900903940686294,9
190,sine,-3,0.1,WCBLE-median,0.9949456263414577,0
191,sine,-3,0.1,WCBLE-median,0.9960434541403527,1
192,sine,-3,0.1,WCBLE-median,0.9952474160171668,2
193,sine,-3,0.1,WCBLE-median,0.9952331943133221,3
194,sine,-3,0.1,WCBLE-median,0.9923521673521645,4
195,sine,-3,0.1,WCBLE-median,0.9961028757980831,5
196,sine,-3,0.1,WCBLE-median,0.9950937449092963,6
197,sine,-3,0.1,WCBLE-median,0.9937429570420497,7
198,sine,-3,0.1,WCBLE-median,0.9975503969974175,8
199,sine,-3,0.1,WCBLE-median,0.9977753477269525,9
200,sine,-3,0.2,CBLE-median,0.9968026243920475,0
201,sine,-3,0.2,CBLE-median,0.9540840477995178,1
202,sine,-3,0.2,CBLE-median,0.9736465104403463,2
203,sine,-3,0.2,CBLE-median,0.9572727842357492,3
204,sine,-3,0.2,CBLE-median,0.9952426626374471,4
205,sine,-3,0.2,CBLE-median,0.9794817627032204,5
206,sine,-3,0.2,CBLE-median,0.9859381926768993,6
207,sine,-3,0.2,CBLE-median,0.9205974488668847,7
208,sine,-3,0.2,CBLE-median,0.9303936647387728,8
209,sine,-3,0.2,CBLE-median,0.9418021744210291,9
210,sine,-3,0.2,WCBLE-median,0.9991633511306354,0
211,sine,-3,0.2,WCBLE-median,0.9993230871826472,1
212,sine,-3,0.2,WCBLE-median,0.9986019652240878,2
213,sine,-3,0.2,WCBLE-median,0.9988579388095723,3
214,sine,-3,0.2,WCBLE-median,0.9989113005389484,4
215,sine,-3,0.2,WCBLE-median,0.998736947127572,5
216,sine,-3,0.2,WCBLE-median,0.9981265567067974,6
217,sine,-3,0.2,WCBLE-median,0.9982160395663823,7
218,sine,-3,0.2,WCBLE-median,0.9986704301377801,8
219,sine,-3,0.2,WCBLE-median,0.9992637971010191,9
220,sine,-3,0.3,CBLE-median,0.3981467105745494,0
221,sine,-3,0.3,CBLE-median,0.985809029490028,1
222,sine,-3,0.3,CBLE-median,0.955810623278353,2
223,sine,-3,0.3,CBLE-median,0.9989808977412057,3
224,sine,-3,0.3,CBLE-median,0.9978061975670764,4
225,sine,-3,0.3,CBLE-median,0.9668674824748942,5
226,sine,-3,0.3,CBLE-median,0.9344827551547661,6
227,sine,-3,0.3,CBLE-median,0.9035620716759887,7
228,sine,-3,0.3,CBLE-median,0.8919061813060665,8
229,sine,-3,0.3,CBLE-median,0.9453551183161589,9
230,sine,-3,0.3,WCBLE-median,-0.060375637991775886,0
231,sine,-3,0.3,WCBLE-median,0.9970765533742776,1
232,sine,-3,0.3,WCBLE-median,0.9993844398759832,2
233,sine,-3,0.3,WCBLE-median,0.9993723378621685,3
234,sine,-3,0.3,WCBLE-median,0.9991863743970957,4
235,sine,-3,0.3,WCBLE-median,0.9975163653590184,5
236,sine,-3,0.3,WCBLE-median,0.9995326165911741,6
237,sine,-3,0.3,WCBLE-median,0.9983722100360021,7
238,sine,-3,0.3,WCBLE-median,0.9991772576218938,8
239,sine,-3,0.3,WCBLE-median,0.9989780982126844,9
240,sine,-4,0.1,CBLE-median,0.9945840693504898,0
241,sine,-4,0.1,CBLE-median,0.9675794773927588,1
242,sine,-4,0.1,CBLE-median,0.9866020431728524,2
243,sine,-4,0.1,CBLE-median,0.930761489709483,3
244,sine,-4,0.1,CBLE-median,0.9895332838879518,4
245,sine,-4,0.1,CBLE-median,0.9870842399861649,5
246,sine,-4,0.1,CBLE-median,0.9789362773179806,6
247,sine,-4,0.1,CBLE-median,0.9525076993504762,7
248,sine,-4,0.1,CBLE-median,0.9831991746523455,8
249,sine,-4,0.1,CBLE-median,0.9875048201484302,9
250,sine,-4,0.1,WCBLE-median,0.9936157707946719,0
251,sine,-4,0.1,WCBLE-median,0.9958827378292398,1
252,sine,-4,0.1,WCBLE-median,0.99867936929457,2
253,sine,-4,0.1,WCBLE-median,0.9947313438744941,3
254,sine,-4,0.1,WCBLE-median,0.9934149953291332,4
255,sine,-4,0.1,WCBLE-median,0.9959515586188581,5
256,sine,-4,0.1,WCBLE-median,0.996501303428302,6
257,sine,-4,0.1,WCBLE-median,0.9899665457299068,7
258,sine,-4,0.1,WCBLE-median,0.9947011557638387,8
259,sine,-4,0.1,WCBLE-median,0.9955602097297714,9
260,sine,-4,0.2,CBLE-median,0.9970668726675013,0
261,sine,-4,0.2,CBLE-median,0.9540840477995178,1
262,sine,-4,0.2,CBLE-median,0.9736465104403463,2
263,sine,-4,0.2,CBLE-median,0.9572727842357492,3
264,sine,-4,0.2,CBLE-median,0.9961882238714121,4
265,sine,-4,0.2,CBLE-median,0.9794817627032204,5
266,sine,-4,0.2,CBLE-median,0.9482005587636043,6
267,sine,-4,0.2,CBLE-median,0.9205974488668847,7
268,sine,-4,0.2,CBLE-median,0.9303936647387728,8
269,sine,-4,0.2,CBLE-median,0.9418021744210291,9
270,sine,-4,0.2,WCBLE-median,0.9991633511306354,0
271,sine,-4,0.2,WCBLE-median,0.9988736416967754,1
272,sine,-4,0.2,WCBLE-median,0.9989930402638408,2
273,sine,-4,0.2,WCBLE-median,0.9983946599475233,3
274,sine,-4,0.2,WCBLE-median,0.9996462404939565,4
275,sine,-4,0.2,WCBLE-median,0.9991676184565692,5
276,sine,-4,0.2,WCBLE-median,0.9982521782088605,6
277,sine,-4,0.2,WCBLE-median,0.9972657527790602,7
278,sine,-4,0.2,WCBLE-median,0.9986704301377801,8
279,sine,-4,0.2,WCBLE-median,0.9992637971010191,9
280,sine,-4,0.3,CBLE-median,0.3981467105745494,0
281,sine,-4,0.3,CBLE-median,0.985809029490028,1
282,sine,-4,0.3,CBLE-median,0.955810623278353,2
283,sine,-4,0.3,CBLE-median,0.9989808977412057,3
284,sine,-4,0.3,CBLE-median,0.9978061975670764,4
285,sine,-4,0.3,CBLE-median,0.981678378891147,5
286,sine,-4,0.3,CBLE-median,0.9361698384443444,6
287,sine,-4,0.3,CBLE-median,0.9035620716759887,7
288,sine,-4,0.3,CBLE-median,0.8919061813060665,8
289,sine,-4,0.3,CBLE-median,0.9453551183161589,9
290,sine,-4,0.3,WCBLE-median,-0.11599213882799173,0
291,sine,-4,0.3,WCBLE-median,0.9963924666656971,1
292,sine,-4,0.3,WCBLE-median,0.9993844398759832,2
293,sine,-4,0.3,WCBLE-median,0.9993723378621685,3
294,sine,-4,0.3,WCBLE-median,0.9991935109018972,4
295,sine,-4,0.3,WCBLE-median,0.9975163653590184,5
296,sine,-4,0.3,WCBLE-median,0.9997038066124764,6
297,sine,-4,0.3,WCBLE-median,0.999462732121252,7
298,sine,-4,0.3,WCBLE-median,0.9991835514344866,8
299,sine,-4,0.3,WCBLE-median,0.843727113439116,9
300,sine,-5,0.1,CBLE-median,0.9945840693504898,0
301,sine,-5,0.1,CBLE-median,0.9675794773927588,1
302,sine,-5,0.1,CBLE-median,0.9866020431728524,2
303,sine,-5,0.1,CBLE-median,0.930761489709483,3
304,sine,-5,0.1,CBLE-median,0.9895332838879518,4
305,sine,-5,0.1,CBLE-median,0.9870842399861649,5
306,sine,-5,0.1,CBLE-median,0.9789362773179806,6
307,sine,-5,0.1,CBLE-median,0.9525076993504762,7
308,sine,-5,0.1,CBLE-median,0.9831991746523455,8
309,sine,-5,0.1,CBLE-median,0.9875048201484302,9
310,sine,-5,0.1,WCBLE-median,0.9971777636348566,0
311,sine,-5,0.1,WCBLE-median,0.9920656619534504,1
312,sine,-5,0.1,WCBLE-median,0.9960746573586088,2
313,sine,-5,0.1,WCBLE-median,0.9908413787026717,3
314,sine,-5,0.1,WCBLE-median,0.9934149953291332,4
315,sine,-5,0.1,WCBLE-median,0.9959515586188581,5
316,sine,-5,0.1,WCBLE-median,0.9967143324311766,6
317,sine,-5,0.1,WCBLE-median,0.9928773205139336,7
318,sine,-5,0.1,WCBLE-median,0.9936370993006116,8
319,sine,-5,0.1,WCBLE-median,0.9955602097297714,9
320,sine,-5,0.2,CBLE-median,0.9970668726675013,0
321,sine,-5,0.2,CBLE-median,0.9540840477995178,1
322,sine,-5,0.2,CBLE-median,0.9736465104403463,2
323,sine,-5,0.2,CBLE-median,0.9751768329726378,3
324,sine,-5,0.2,CBLE-median,0.9961882238714121,4
325,sine,-5,0.2,CBLE-median,0.9752933722757777,5
326,sine,-5,0.2,CBLE-median,0.9482005587636043,6
327,sine,-5,0.2,CBLE-median,0.9205974488668847,7
328,sine,-5,0.2,CBLE-median,0.9303936647387728,8
329,sine,-5,0.2,CBLE-median,0.9418021744210291,9
330,sine,-5,0.2,WCBLE-median,0.9992045302629454,0
331,sine,-5,0.2,WCBLE-median,0.9993230871826472,1
332,sine,-5,0.2,WCBLE-median,0.9981544186159659,2
333,sine,-5,0.2,WCBLE-median,0.9976762233898853,3
334,sine,-5,0.2,WCBLE-median,0.9996462404939565,4
335,sine,-5,0.2,WCBLE-median,0.9993636308056254,5
336,sine,-5,0.2,WCBLE-median,0.9980314619894024,6
337,sine,-5,0.2,WCBLE-median,0.9982160395663823,7
338,sine,-5,0.2,WCBLE-median,0.9990476493112258,8
339,sine,-5,0.2,WCBLE-median,0.9989096077115145,9
340,sine,-5,0.3,CBLE-median,0.1662436698887508,0
341,sine,-5,0.3,CBLE-median,0.985809029490028,1
342,sine,-5,0.3,CBLE-median,0.9843249606515445,2
343,sine,-5,0.3,CBLE-median,0.9989808977412057,3
344,sine,-5,0.3,CBLE-median,0.9978061975670764,4
345,sine,-5,0.3,CBLE-median,0.981678378891147,5
346,sine,-5,0.3,CBLE-median,0.9361698384443444,6
347,sine,-5,0.3,CBLE-median,0.9035620716759887,7
348,sine,-5,0.3,CBLE-median,0.8919061813060665,8
349,sine,-5,0.3,CBLE-median,0.9374477327671349,9
350,sine,-5,0.3,WCBLE-median,-0.0626518551406203,0
351,sine,-5,0.3,WCBLE-median,0.9958906321319948,1
352,sine,-5,0.3,WCBLE-median,0.9993844398759832,2
353,sine,-5,0.3,WCBLE-median,0.998896019242082,3
354,sine,-5,0.3,WCBLE-median,0.9995810675842571,4
355,sine,-5,0.3,WCBLE-median,0.9982410189310879,5
356,sine,-5,0.3,WCBLE-median,0.9997038066124764,6
357,sine,-5,0.3,WCBLE-median,0.999462732121252,7
358,sine,-5,0.3,WCBLE-median,0.9995761250263099,8
359,sine,-5,0.3,WCBLE-median,0.843727113439116,9
360,sine,-6,0.1,CBLE-median,0.9945840693504898,0
361,sine,-6,0.1,CBLE-median,0.9675794773927588,1
362,sine,-6,0.1,CBLE-median,0.9866020431728524,2
363,sine,-6,0.1,CBLE-median,0.930761489709483,3
364,sine,-6,0.1,CBLE-median,0.9895332838879518,4
365,sine,-6,0.1,CBLE-median,0.9849691615021431,5
366,sine,-6,0.1,CBLE-median,0.9789362773179806,6
367,sine,-6,0.1,CBLE-median,0.9670586278154919,7
368,sine,-6,0.1,CBLE-median,0.9863174121115528,8
369,sine,-6,0.1,CBLE-median,0.9841326388762343,9
370,sine,-6,0.1,WCBLE-median,0.9971777636348566,0
371,sine,-6,0.1,WCBLE-median,0.9947087185654486,1
372,sine,-6,0.1,WCBLE-median,0.9960746573586088,2
373,sine,-6,0.1,WCBLE-median,0.9874863151499974,3
374,sine,-6,0.1,WCBLE-median,0.9934149953291332,4
375,sine,-6,0.1,WCBLE-median,0.9959515586188581,5
376,sine,-6,0.1,WCBLE-median,0.9934223226647172,6
377,sine,-6,0.1,WCBLE-median,0.9939728266741847,7
378,sine,-6,0.1,WCBLE-median,0.9936370993006116,8
379,sine,-6,0.1,WCBLE-median,0.9977753477269525,9
380,sine,-6,0.2,CBLE-median,0.9970668726675013,0
381,sine,-6,0.2,CBLE-median,0.9540840477995178,1
382,sine,-6,0.2,CBLE-median,0.9949693251241044,2
383,sine,-6,0.2,CBLE-median,0.9751768329726378,3
384,sine,-6,0.2,CBLE-median,0.9961882238714121,4
385,sine,-6,0.2,CBLE-median,0.9752933722757777,5
386,sine,-6,0.2,CBLE-median,0.9482005587636043,6
387,sine,-6,0.2,CBLE-median,0.9205974488668847,7
388,sine,-6,0.2,CBLE-median,0.9262483592017827,8
389,sine,-6,0.2,CBLE-median,0.9418021744210291,9
390,sine,-6,0.2,WCBLE-median,0.9992045302629454,0
391,sine,-6,0.2,WCBLE-median,0.999086472419974,1
392,sine,-6,0.2,WCBLE-median,0.9984910697646159,2
393,sine,-6,0.2,WCBLE-median,0.9988579388095723,3
394,sine,-6,0.2,WCBLE-median,0.9996462404939565,4
395,sine,-6,0.2,WCBLE-median,0.9993636308056254,5
396,sine,-6,0.2,WCBLE-median,0.9982521782088605,6
397,sine,-6,0.2,WCBLE-median,0.9987866653367905,7
398,sine,-6,0.2,WCBLE-median,0.9990476493112258,8
399,sine,-6,0.2,WCBLE-median,0.9989096077115145,9
400,sine,-6,0.3,CBLE-median,0.1662436698887508,0
401,sine,-6,0.3,CBLE-median,0.985809029490028,1
402,sine,-6,0.3,CBLE-median,0.9843249606515445,2
403,sine,-6,0.3,CBLE-median,0.9989808977412057,3
404,sine,-6,0.3,CBLE-median,0.9978061975670764,4
405,sine,-6,0.3,CBLE-median,0.981678378891147,5
406,sine,-6,0.3,CBLE-median,0.9361698384443444,6
407,sine,-6,0.3,CBLE-median,0.9035620716759887,7
408,sine,-6,0.3,CBLE-median,0.8856606755221476,8
409,sine,-6,0.3,CBLE-median,0.9406027052740872,9
410,sine,-6,0.3,WCBLE-median,-0.0626518551406203,0
411,sine,-6,0.3,WCBLE-median,0.9970765533742776,1
412,sine,-6,0.3,WCBLE-median,0.9994732749713742,2
413,sine,-6,0.3,WCBLE-median,0.9991218727445945,3
414,sine,-6,0.3,WCBLE-median,0.9992717981095226,4
415,sine,-6,0.3,WCBLE-median,0.9981758178297839,5
416,sine,-6,0.3,WCBLE-median,0.9997038066124764,6
417,sine,-6,0.3,WCBLE-median,0.9990044924289391,7
418,sine,-6,0.3,WCBLE-median,0.9991772576218938,8
419,sine,-6,0.3,WCBLE-median,0.9989780982126844,9
420,sine,-7,0.1,CBLE-median,0.9967590115457892,0
421,sine,-7,0.1,CBLE-median,0.9675794773927588,1
422,sine,-7,0.1,CBLE-median,0.9866020431728524,2
423,sine,-7,0.1,CBLE-median,0.930761489709483,3
424,sine,-7,0.1,CBLE-median,0.9895332838879518,4
425,sine,-7,0.1,CBLE-median,0.9874893886685402,5
426,sine,-7,0.1,CBLE-median,0.9789362773179806,6
427,sine,-7,0.1,CBLE-median,0.9670586278154919,7
428,sine,-7,0.1,CBLE-median,0.9863174121115528,8
429,sine,-7,0.1,CBLE-median,0.9864646746908448,9
430,sine,-7,0.1,WCBLE-median,0.9971777636348566,0
431,sine,-7,0.1,WCBLE-median,0.9985000380600654,1
432,sine,-7,0.1,WCBLE-median,0.9960746573586088,2
433,sine,-7,0.1,WCBLE-median,0.9922689865846789,3
434,sine,-7,0.1,WCBLE-median,0.9934149953291332,4
435,sine,-7,0.1,WCBLE-median,0.9967477206841004,5
436,sine,-7,0.1,WCBLE-median,0.9934223226647172,6
437,sine,-7,0.1,WCBLE-median,0.9939728266741847,7
438,sine,-7,0.1,WCBLE-median,0.9913051924968287,8
439,sine,-7,0.1,WCBLE-median,0.9972287322391932,9
440,sine,-7,0.2,CBLE-median,0.9970668726675013,0
441,sine,-7,0.2,CBLE-median,0.9540840477995178,1
442,sine,-7,0.2,CBLE-median,0.9942772403317364,2
443,sine,-7,0.2,CBLE-median,0.9264843743199015,3
444,sine,-7,0.2,CBLE-median,0.9968653052947153,4
445,sine,-7,0.2,CBLE-median,0.9752933722757777,5
446,sine,-7,0.2,CBLE-median,0.9817925128061366,6
447,sine,-7,0.2,CBLE-median,0.9205974488668847,7
448,sine,-7,0.2,CBLE-median,0.9262483592017827,8
449,sine,-7,0.2,CBLE-median,0.9375902338564899,9
450,sine,-7,0.2,WCBLE-median,0.9990234292928196,0
451,sine,-7,0.2,WCBLE-median,0.9984816554128625,1
452,sine,-7,0.2,WCBLE-median,0.999095023859262,2
453,sine,-7,0.2,WCBLE-median,0.9983946599475233,3
454,sine,-7,0.2,WCBLE-median,0.9996462404939565,4
455,sine,-7,0.2,WCBLE-median,0.9992058017503772,5
456,sine,-7,0.2,WCBLE-median,0.9989601186455341,6
457,sine,-7,0.2,WCBLE-median,0.9975166859982221,7
458,sine,-7,0.2,WCBLE-median,0.9986840737267126,8
459,sine,-7,0.2,WCBLE-median,0.9989740095613789,9
460,sine,-7,0.3,CBLE-median,-0.05245785673725202,0
461,sine,-7,0.3,CBLE-median,0.985809029490028,1
462,sine,-7,0.3,CBLE-median,0.9843249606515445,2
463,sine,-7,0.3,CBLE-median,0.9989808977412057,3
464,sine,-7,0.3,CBLE-median,0.9978061975670764,4
465,sine,-7,0.3,CBLE-median,0.981678378891147,5
466,sine,-7,0.3,CBLE-median,0.9521605649421853,6
467,sine,-7,0.3,CBLE-median,0.8843896850589229,7
468,sine,-7,0.3,CBLE-median,0.8856606755221476,8
469,sine,-7,0.3,CBLE-median,0.9406027052740872,9
470,sine,-7,0.3,WCBLE-median,-0.024526972086976268,0
471,sine,-7,0.3,WCBLE-median,0.998023899439357,1
472,sine,-7,0.3,WCBLE-median,0.9994330419591133,2
473,sine,-7,0.3,WCBLE-median,0.9991218727445945,3
474,sine,-7,0.3,WCBLE-median,0.9997632392257025,4
475,sine,-7,0.3,WCBLE-median,0.9975163653590184,5
476,sine,-7,0.3,WCBLE-median,0.9995326165911741,6
477,sine,-7,0.3,WCBLE-median,0.9988736803108889,7
478,sine,-7,0.3,WCBLE-median,0.9995761250263099,8
479,sine,-7,0.3,WCBLE-median,0.9989780982126844,9
480,sine,-8,0.1,CBLE-median,0.9967590115457892,0
481,sine,-8,0.1,CBLE-median,0.9706563182181043,1
482,sine,-8,0.1,CBLE-median,0.9866020431728524,2
483,sine,-8,0.1,CBLE-median,0.930761489709483,3
484,sine,-8,0.1,CBLE-median,0.9895332838879518,4
485,sine,-8,0.1,CBLE-median,0.9874893886685402,5
486,sine,-8,0.1,CBLE-median,0.9789362773179806,6
487,sine,-8,0.1,CBLE-median,0.9670586278154919,7
488,sine,-8,0.1,CBLE-median,0.9863174121115528,8
489,sine,-8,0.1,CBLE-median,0.9864646746908448,9
490,sine,-8,0.1,WCBLE-median,0.9977557593976676,0
491,sine,-8,0.1,WCBLE-median,0.9985000380600654,1
492,sine,-8,0.1,WCBLE-median,0.9960746573586088,2
493,sine,-8,0.1,WCBLE-median,0.9908413787026717,3
494,sine,-8,0.1,WCBLE-median,0.9957574113134251,4
495,sine,-8,0.1,WCBLE-median,0.9969977874463865,5
496,sine,-8,0.1,WCBLE-median,0.9941005182568645,6
497,sine,-8,0.1,WCBLE-median,0.9896311798387393,7
498,sine,-8,0.1,WCBLE-median,0.9914451694312287,8
499,sine,-8,0.1,WCBLE-median,0.9963298250533287,9
500,sine,-8,0.2,CBLE-median,0.9970668726675013,0
501,sine,-8,0.2,CBLE-median,0.9548281893487686,1
502,sine,-8,0.2,CBLE-median,0.9942772403317364,2
503,sine,-8,0.2,CBLE-median,0.9264843743199015,3
504,sine,-8,0.2,CBLE-median,0.9968653052947153,4
505,sine,-8,0.2,CBLE-median,0.9752933722757777,5
506,sine,-8,0.2,CBLE-median,0.9661463292348063,6
507,sine,-8,0.2,CBLE-median,0.912859345400828,7
508,sine,-8,0.2,CBLE-median,0.929939994847811,8
509,sine,-8,0.2,CBLE-median,0.9437796193009257,9
510,sine,-8,0.2,WCBLE-median,0.9992045302629454,0
511,sine,-8,0.2,WCBLE-median,0.9990504615635705,1
512,sine,-8,0.2,WCBLE-median,0.999095023859262,2
513,sine,-8,0.2,WCBLE-median,0.9983946599475233,3
514,sine,-8,0.2,WCBLE-median,0.9996462404939565,4
515,sine,-8,0.2,WCBLE-median,0.998736947127572,5
516,sine,-8,0.2,WCBLE-median,0.9982521782088605,6
517,sine,-8,0.2,WCBLE-median,0.9975166859982221,7
518,sine,-8,0.2,WCBLE-median,0.9986840737267126,8
519,sine,-8,0.2,WCBLE-median,0.998874082162378,9
520,sine,-8,0.3,CBLE-median,-0.05683604457234742,0
521,sine,-8,0.3,CBLE-median,0.9520130342661451,1
522,sine,-8,0.3,CBLE-median,0.9843249606515445,2
523,sine,-8,0.3,CBLE-median,0.9989167393702566,3
524,sine,-8,0.3,CBLE-median,0.9979490597777605,4
525,sine,-8,0.3,CBLE-median,0.981678378891147,5
526,sine,-8,0.3,CBLE-median,0.9521605649421853,6
527,sine,-8,0.3,CBLE-median,0.8843896850589229,7
528,sine,-8,0.3,CBLE-median,0.8856606755221476,8
529,sine,-8,0.3,CBLE-median,0.9406027052740872,9
530,sine,-8,0.3,WCBLE-median,-0.0626518551406203,0
531,sine,-8,0.3,WCBLE-median,0.9963924666656971,1
532,sine,-8,0.3,WCBLE-median,0.9993715680648604,2
533,sine,-8,0.3,WCBLE-median,0.9995252644714477,3
534,sine,-8,0.3,WCBLE-median,0.9988745250615738,4
535,sine,-8,0.3,WCBLE-median,0.9981758178297839,5
536,sine,-8,0.3,WCBLE-median,0.9991081921523733,6
537,sine,-8,0.3,WCBLE-median,0.9994719106108839,7
538,sine,-8,0.3,WCBLE-median,0.9996109926868175,8
539,sine,-8,0.3,WCBLE-median,0.7581614258485923,9
540,sine,-9,0.1,CBLE-median,0.9967590115457892,0
541,sine,-9,0.1,CBLE-median,0.9706563182181043,1
542,sine,-9,0.1,CBLE-median,0.9866020431728524,2
543,sine,-9,0.1,CBLE-median,0.930761489709483,3
544,sine,-9,0.1,CBLE-median,0.9895332838879518,4
545,sine,-9,0.1,CBLE-median,0.9874893886685402,5
546,sine,-9,0.1,CBLE-median,0.9789362773179806,6
547,sine,-9,0.1,CBLE-median,0.9819003513695728,7
548,sine,-9,0.1,CBLE-median,0.9821060590992968,8
549,sine,-9,0.1,CBLE-median,0.9835403634772525,9
550,sine,-9,0.1,WCBLE-median,0.9954148296810689,0
551,sine,-9,0.1,WCBLE-median,0.9985000380600654,1
552,sine,-9,0.1,WCBLE-median,0.9960746573586088,2
553,sine,-9,0.1,WCBLE-median,0.9934872767404006,3
554,sine,-9,0.1,WCBLE-median,0.9934149953291332,4
555,sine,-9,0.1,WCBLE-median,0.9969977874463865,5
556,sine,-9,0.1,WCBLE-median,0.9923635707528239,6
557,sine,-9,0.1,WCBLE-median,0.9939728266741847,7
558,sine,-9,0.1,WCBLE-median,0.9914451694312287,8
559,sine,-9,0.1,WCBLE-median,0.9972287322391932,9
560,sine,-9,0.2,CBLE-median,0.9970668726675013,0
561,sine,-9,0.2,CBLE-median,0.9548281893487686,1
562,sine,-9,0.2,CBLE-median,0.9942772403317364,2
563,sine,-9,0.2,CBLE-median,0.9264843743199015,3
564,sine,-9,0.2,CBLE-median,0.9968653052947153,4
565,sine,-9,0.2,CBLE-median,0.9752933722757777,5
566,sine,-9,0.2,CBLE-median,0.9661463292348063,6
567,sine,-9,0.2,CBLE-median,0.912859345400828,7
568,sine,-9,0.2,CBLE-median,0.929939994847811,8
569,sine,-9,0.2,CBLE-median,0.9397737427684226,9
570,sine,-9,0.2,WCBLE-median,0.9986291528782038,0
571,sine,-9,0.2,WCBLE-median,0.999086472419974,1
572,sine,-9,0.2,WCBLE-median,0.9990120279279805,2
573,sine,-9,0.2,WCBLE-median,0.9983946599475233,3
574,sine,-9,0.2,WCBLE-median,0.9996462404939565,4
575,sine,-9,0.2,WCBLE-median,0.9992058017503772,5
576,sine,-9,0.2,WCBLE-median,0.9981265567067974,6
577,sine,-9,0.2,WCBLE-median,0.9975166859982221,7
578,sine,-9,0.2,WCBLE-median,0.9986704301377801,8
579,sine,-9,0.2,WCBLE-median,0.998874082162378,9
580,sine,-9,0.3,CBLE-median,-0.03473624939927343,0
581,sine,-9,0.3,CBLE-median,0.9572206219821733,1
582,sine,-9,0.3,CBLE-median,0.9843249606515445,2
583,sine,-9,0.3,CBLE-median,0.9989167393702566,3
584,sine,-9,0.3,CBLE-median,0.9979490597777605,4
585,sine,-9,0.3,CBLE-median,0.981678378891147,5
586,sine,-9,0.3,CBLE-median,0.9521605649421853,6
587,sine,-9,0.3,CBLE-median,0.8843896850589229,7
588,sine,-9,0.3,CBLE-median,0.8856606755221476,8
589,sine,-9,0.3,CBLE-median,0.9406027052740872,9
590,sine,-9,0.3,WCBLE-median,0.8304389380500845,0
591,sine,-9,0.3,WCBLE-median,0.9965677805603325,1
592,sine,-9,0.3,WCBLE-median,0.999508367877607,2
593,sine,-9,0.3,WCBLE-median,0.9991218727445945,3
594,sine,-9,0.3,WCBLE-median,0.9997632392257025,4
595,sine,-9,0.3,WCBLE-median,0.9977849703064516,5
596,sine,-9,0.3,WCBLE-median,0.9997038066124764,6
597,sine,-9,0.3,WCBLE-median,0.9991961658458947,7
598,sine,-9,0.3,WCBLE-median,0.9995950599039344,8
599,sine,-9,0.3,WCBLE-median,0.9986288106511476,9
600,sine,-10,0.1,CBLE-median,0.9967590115457892,0
601,sine,-10,0.1,CBLE-median,0.9706563182181043,1
602,sine,-10,0.1,CBLE-median,0.9866020431728524,2
603,sine,-10,0.1,CBLE-median,0.949771348435581,3
604,sine,-10,0.1,CBLE-median,0.9895332838879518,4
605,sine,-10,0.1,CBLE-median,0.9874893886685402,5
606,sine,-10,0.1,CBLE-median,0.9789362773179806,6
607,sine,-10,0.1,CBLE-median,0.9819003513695728,7
608,sine,-10,0.1,CBLE-median,0.9744563953919002,8
609,sine,-10,0.1,CBLE-median,0.9835403634772525,9
610,sine,-10,0.1,WCBLE-median,0.9957277139042866,0
611,sine,-10,0.1,WCBLE-median,0.9925790886370314,1
612,sine,-10,0.1,WCBLE-median,0.9960746573586088,2
613,sine,-10,0.1,WCBLE-median,0.9934872767404006,3
614,sine,-10,0.1,WCBLE-median,0.9957574113134251,4
615,sine,-10,0.1,WCBLE-median,0.9959515586188581,5
616,sine,-10,0.1,WCBLE-median,0.9911873888485088,6
617,sine,-10,0.1,WCBLE-median,0.9939728266741847,7
618,sine,-10,0.1,WCBLE-median,0.9926645178801135,8
619,sine,-10,0.1,WCBLE-median,0.9977753477269525,9
620,sine,-10,0.2,CBLE-median,0.9970668726675013,0
621,sine,-10,0.2,CBLE-median,0.9047004788590013,1
622,sine,-10,0.2,CBLE-median,0.9942772403317364,2
623,sine,-10,0.2,CBLE-median,0.8819572852492983,3
624,sine,-10,0.2,CBLE-median,0.9968653052947153,4
625,sine,-10,0.2,CBLE-median,0.9752933722757777,5
626,sine,-10,0.2,CBLE-median,0.9369502945938806,6
627,sine,-10,0.2,CBLE-median,0.912859345400828,7
628,sine,-10,0.2,CBLE-median,0.93390315911882,8
629,sine,-10,0.2,CBLE-median,0.9397737427684226,9
630,sine,-10,0.2,WCBLE-median,0.9989468445745371,0
631,sine,-10,0.2,WCBLE-median,0.9990504615635705,1
632,sine,-10,0.2,WCBLE-median,0.9988083310438319,2
633,sine,-10,0.2,WCBLE-median,0.9969138834488346,3
634,sine,-10,0.2,WCBLE-median,0.9996462404939565,4
635,sine,-10,0.2,WCBLE-median,0.9991676184565692,5
636,sine,-10,0.2,WCBLE-median,0.9994060972299171,6
637,sine,-10,0.2,WCBLE-median,0.9982160395663823,7
638,sine,-10,0.2,WCBLE-median,0.9986704301377801,8
639,sine,-10,0.2,WCBLE-median,0.9991666661296436,9
640,sine,-10,0.3,CBLE-median,-0.03473624939927343,0
641,sine,-10,0.3,CBLE-median,0.9572206219821733,1
642,sine,-10,0.3,CBLE-median,0.9843249606515445,2
643,sine,-10,0.3,CBLE-median,0.9989167393702566,3
644,sine,-10,0.3,CBLE-median,0.9979490597777605,4
645,sine,-10,0.3,CBLE-median,0.981678378891147,5
646,sine,-10,0.3,CBLE-median,0.9521605649421853,6
647,sine,-10,0.3,CBLE-median,0.8843896850589229,7
648,sine,-10,0.3,CBLE-median,0.8856606755221476,8
649,sine,-10,0.3,CBLE-median,0.9406027052740872,9
650,sine,-10,0.3,WCBLE-median,0.8304389380500845,0
651,sine,-10,0.3,WCBLE-median,0.9963924666656971,1
652,sine,-10,0.3,WCBLE-median,0.999508367877607,2
653,sine,-10,0.3,WCBLE-median,0.9993723378621685,3
654,sine,-10,0.3,WCBLE-median,0.9988745250615738,4
655,sine,-10,0.3,WCBLE-median,0.9976900257496384,5
656,sine,-10,0.3,WCBLE-median,0.9997038066124764,6
657,sine,-10,0.3,WCBLE-median,0.999462732121252,7
658,sine,-10,0.3,WCBLE-median,0.9996109926868175,8
659,sine,-10,0.3,WCBLE-median,0.7581614258485923,9
660,sine,-11,0.1,CBLE-median,0.9967590115457892,0
661,sine,-11,0.1,CBLE-median,0.9706563182181043,1
662,sine,-11,0.1,CBLE-median,0.9866020431728524,2
663,sine,-11,0.1,CBLE-median,0.949771348435581,3
664,sine,-11,0.1,CBLE-median,0.9895332838879518,4
665,sine,-11,0.1,CBLE-median,0.9876282751520788,5
666,sine,-11,0.1,CBLE-median,0.9789362773179806,6
667,sine,-11,0.1,CBLE-median,0.9819003513695728,7
668,sine,-11,0.1,CBLE-median,0.9744563953919002,8
669,sine,-11,0.1,CBLE-median,0.9912136379247966,9
670,sine,-11,0.1,WCBLE-median,0.9977557593976676,0
671,sine,-11,0.1,WCBLE-median,0.9958827378292398,1
672,sine,-11,0.1,WCBLE-median,0.9960746573586088,2
673,sine,-11,0.1,WCBLE-median,0.9908413787026717,3
674,sine,-11,0.1,WCBLE-median,0.9957574113134251,4
675,sine,-11,0.1,WCBLE-median,0.9969977874463865,5
676,sine,-11,0.1,WCBLE-median,0.9934223226647172,6
677,sine,-11,0.1,WCBLE-median,0.9939728266741847,7
678,sine,-11,0.1,WCBLE-median,0.9900865393451709,8
679,sine,-11,0.1,WCBLE-median,0.9972287322391932,9
680,sine,-11,0.2,CBLE-median,0.9970668726675013,0
681,sine,-11,0.2,CBLE-median,0.9047004788590013,1
682,sine,-11,0.2,CBLE-median,0.9942772403317364,2
683,sine,-11,0.2,CBLE-median,0.8745097140517327,3
684,sine,-11,0.2,CBLE-median,0.9966206765500428,4
685,sine,-11,0.2,CBLE-median,0.9752933722757777,5
686,sine,-11,0.2,CBLE-median,0.9369502945938806,6
687,sine,-11,0.2,CBLE-median,0.912859345400828,7
688,sine,-11,0.2,CBLE-median,0.93390315911882,8
689,sine,-11,0.2,CBLE-median,0.9397737427684226,9
690,sine,-11,0.2,WCBLE-median,0.9990234292928196,0
691,sine,-11,0.2,WCBLE-median,0.999086472419974,1
692,sine,-11,0.2,WCBLE-median,0.9990120279279805,2
693,sine,-11,0.2,WCBLE-median,0.9983946599475233,3
694,sine,-11,0.2,WCBLE-median,0.9996462404939565,4
695,sine,-11,0.2,WCBLE-median,0.9987588476479238,5
696,sine,-11,0.2,WCBLE-median,0.9987132684990807,6
697,sine,-11,0.2,WCBLE-median,0.9987866653367905,7
698,sine,-11,0.2,WCBLE-median,0.9982800686797684,8
699,sine,-11,0.2,WCBLE-median,0.9989827951360141,9
700,sine,-11,0.3,CBLE-median,-0.03473624939927343,0
701,sine,-11,0.3,CBLE-median,0.9572206219821733,1
702,sine,-11,0.3,CBLE-median,0.9843249606515445,2
703,sine,-11,0.3,CBLE-median,0.9689358012625401,3
704,sine,-11,0.3,CBLE-median,0.9979490597777605,4
705,sine,-11,0.3,CBLE-median,0.981678378891147,5
706,sine,-11,0.3,CBLE-median,0.9538965485527344,6
707,sine,-11,0.3,CBLE-median,0.8843896850589229,7
708,sine,-11,0.3,CBLE-median,0.8856606755221476,8
709,sine,-11,0.3,CBLE-median,0.9406027052740872,9
710,sine,-11,0.3,WCBLE-median,-0.007230466317683976,0
711,sine,-11,0.3,WCBLE-median,0.9965677805603325,1
712,sine,-11,0.3,WCBLE-median,0.999508367877607,2
713,sine,-11,0.3,WCBLE-median,0.9993723378621685,3
714,sine,-11,0.3,WCBLE-median,0.9994818500053555,4
715,sine,-11,0.3,WCBLE-median,0.9976900257496384,5
716,sine,-11,0.3,WCBLE-median,0.9995326165911741,6
717,sine,-11,0.3,WCBLE-median,0.9988736803108889,7
718,sine,-11,0.3,WCBLE-median,0.999187844237336,8
719,sine,-11,0.3,WCBLE-median,0.7581614258485923,9
720,sine,-12,0.1,CBLE-median,0.9967590115457892,0
721,sine,-12,0.1,CBLE-median,0.9706563182181043,1
722,sine,-12,0.1,CBLE-median,0.9866020431728524,2
723,sine,-12,0.1,CBLE-median,0.9556517750969367,3
724,sine,-12,0.1,CBLE-median,0.9898361955704637,4
725,sine,-12,0.1,CBLE-median,0.9876282751520788,5
726,sine,-12,0.1,CBLE-median,0.9789362773179806,6
727,sine,-12,0.1,CBLE-median,0.9765538621075844,7
728,sine,-12,0.1,CBLE-median,0.9744563953919002,8
729,sine,-12,0.1,CBLE-median,0.9912136379247966,9
730,sine,-12,0.1,WCBLE-median,0.9977557593976676,0
731,sine,-12,0.1,WCBLE-median,0.9919684741616874,1
732,sine,-12,0.1,WCBLE-median,0.9960746573586088,2
733,sine,-12,0.1,WCBLE-median,0.9908413787026717,3
734,sine,-12,0.1,WCBLE-median,0.9939283631313727,4
735,sine,-12,0.1,WCBLE-median,0.9969977874463865,5
736,sine,-12,0.1,WCBLE-median,0.9941005182568645,6
737,sine,-12,0.1,WCBLE-median,0.9896311798387393,7
738,sine,-12,0.1,WCBLE-median,0.9967185760870266,8
739,sine,-12,0.1,WCBLE-median,0.9972287322391932,9
740,sine,-12,0.2,CBLE-median,0.9964696608402099,0
741,sine,-12,0.2,CBLE-median,0.9047004788590013,1
742,sine,-12,0.2,CBLE-median,0.9942772403317364,2
743,sine,-12,0.2,CBLE-median,0.8745097140517327,3
744,sine,-12,0.2,CBLE-median,0.9966206765500428,4
745,sine,-12,0.2,CBLE-median,0.9752933722757777,5
746,sine,-12,0.2,CBLE-median,0.9379416389475355,6
747,sine,-12,0.2,CBLE-median,0.912859345400828,7
748,sine,-12,0.2,CBLE-median,0.93390315911882,8
749,sine,-12,0.2,CBLE-median,0.9397737427684226,9
750,sine,-12,0.2,WCBLE-median,0.9989468445745371,0
751,sine,-12,0.2,WCBLE-median,0.999086472419974,1
752,sine,-12,0.2,WCBLE-median,0.9986019652240878,2
753,sine,-12,0.2,WCBLE-median,0.9983544970377323,3
754,sine,-12,0.2,WCBLE-median,0.9975994074045619,4
755,sine,-12,0.2,WCBLE-median,0.9992058017503772,5
756,sine,-12,0.2,WCBLE-median,0.9994060972299171,6
757,sine,-12,0.2,WCBLE-median,0.9987866653367905,7
758,sine,-12,0.2,WCBLE-median,0.9989605383394496,8
759,sine,-12,0.2,WCBLE-median,0.9989827951360141,9
760,sine,-12,0.3,CBLE-median,-0.03473624939927343,0
761,sine,-12,0.3,CBLE-median,0.9572206219821733,1
762,sine,-12,0.3,CBLE-median,0.9843249606515445,2
763,sine,-12,0.3,CBLE-median,0.9672057161642414,3
764,sine,-12,0.3,CBLE-median,0.9979490597777605,4
765,sine,-12,0.3,CBLE-median,0.981678378891147,5
766,sine,-12,0.3,CBLE-median,0.9560399797814183,6
767,sine,-12,0.3,CBLE-median,0.8843896850589229,7
768,sine,-12,0.3,CBLE-median,0.8856606755221476,8
769,sine,-12,0.3,CBLE-median,0.9406027052740872,9
770,sine,-12,0.3,WCBLE-median,-0.05821022749065967,0
771,sine,-12,0.3,WCBLE-median,0.9970186750900933,1
772,sine,-12,0.3,WCBLE-median,0.9993844398759832,2
773,sine,-12,0.3,WCBLE-median,0.9991218727445945,3
774,sine,-12,0.3,WCBLE-median,0.9989216549957691,4
775,sine,-12,0.3,WCBLE-median,0.9981758178297839,5
776,sine,-12,0.3,WCBLE-median,0.9995326165911741,6
777,sine,-12,0.3,WCBLE-median,0.9983722100360021,7
778,sine,-12,0.3,WCBLE-median,0.9991154427365931,8
779,sine,-12,0.3,WCBLE-median,0.9986288106511476,9
780,sine,-13,0.1,CBLE-median,0.9967590115457892,0
781,sine,-13,0.1,CBLE-median,0.9799983089717681,1
782,sine,-13,0.1,CBLE-median,0.9866020431728524,2
783,sine,-13,0.1,CBLE-median,0.9556517750969367,3
784,sine,-13,0.1,CBLE-median,0.9796929389104293,4
785,sine,-13,0.1,CBLE-median,0.9876282751520788,5
786,sine,-13,0.1,CBLE-median,0.9789362773179806,6
787,sine,-13,0.1,CBLE-median,0.9765538621075844,7
788,sine,-13,0.1,CBLE-median,0.9744563953919002,8
789,sine,-13,0.1,CBLE-median,0.9912136379247966,9
790,sine,-13,0.1,WCBLE-median,0.9971777636348566,0
791,sine,-13,0.1,WCBLE-median,0.9958827378292398,1
792,sine,-13,0.1,WCBLE-median,0.9960746573586088,2
793,sine,-13,0.1,WCBLE-median,0.9908413787026717,3
794,sine,-13,0.1,WCBLE-median,0.9957574113134251,4
795,sine,-13,0.1,WCBLE-median,0.9969786020174238,5
796,sine,-13,0.1,WCBLE-median,0.9954571922301549,6
797,sine,-13,0.1,WCBLE-median,0.9896311798387393,7
798,sine,-13,0.1,WCBLE-median,0.9961382160487208,8
799,sine,-13,0.1,WCBLE-median,0.9977753477269525,9
800,sine,-13,0.2,CBLE-median,0.9964696608402099,0
801,sine,-13,0.2,CBLE-median,0.9047004788590013,1
802,sine,-13,0.2,CBLE-median,0.9942772403317364,2
803,sine,-13,0.2,CBLE-median,0.8745097140517327,3
804,sine,-13,0.2,CBLE-median,0.9966206765500428,4
805,sine,-13,0.2,CBLE-median,0.9752933722757777,5
806,sine,-13,0.2,CBLE-median,0.941215939810635,6
807,sine,-13,0.2,CBLE-median,0.912859345400828,7
808,sine,-13,0.2,CBLE-median,0.9659395940054272,8
809,sine,-13,0.2,CBLE-median,0.9404974636143519,9
810,sine,-13,0.2,WCBLE-median,0.9992045302629454,0
811,sine,-13,0.2,WCBLE-median,0.9984816554128625,1
812,sine,-13,0.2,WCBLE-median,0.9988083310438319,2
813,sine,-13,0.2,WCBLE-median,0.9988579388095723,3
814,sine,-13,0.2,WCBLE-median,0.9996462404939565,4
815,sine,-13,0.2,WCBLE-median,0.9992058017503772,5
816,sine,-13,0.2,WCBLE-median,0.9989601186455341,6
817,sine,-13,0.2,WCBLE-median,0.9982988834346775,7
818,sine,-13,0.2,WCBLE-median,0.9989605383394496,8
819,sine,-13,0.2,WCBLE-median,0.9991666661296436,9
820,sine,-13,0.3,CBLE-median,-0.03473624939927343,0
821,sine,-13,0.3,CBLE-median,0.9572206219821733,1
822,sine,-13,0.3,CBLE-median,0.9843249606515445,2
823,sine,-13,0.3,CBLE-median,0.9672057161642414,3
824,sine,-13,0.3,CBLE-median,0.9979490597777605,4
825,sine,-13,0.3,CBLE-median,0.981678378891147,5
826,sine,-13,0.3,CBLE-median,0.9560399797814183,6
827,sine,-13,0.3,CBLE-median,0.8891599410056699,7
828,sine,-13,0.3,CBLE-median,0.8856606755221476,8
829,sine,-13,0.3,CBLE-median,0.9406027052740872,9
830,sine,-13,0.3,WCBLE-median,-0.024526972086976268,0
831,sine,-13,0.3,WCBLE-median,0.998023899439357,1
832,sine,-13,0.3,WCBLE-median,0.9991760648141537,2
833,sine,-13,0.3,WCBLE-median,0.9991218727445945,3
834,sine,-13,0.3,WCBLE-median,0.9989216549957691,4
835,sine,-13,0.3,WCBLE-median,0.9982410189310879,5
836,sine,-13,0.3,WCBLE-median,0.9995326165911741,6
837,sine,-13,0.3,WCBLE-median,0.9988736803108889,7
838,sine,-13,0.3,WCBLE-median,0.9995761250263099,8
839,sine,-13,0.3,WCBLE-median,0.998873578662418,9
840,sine,-14,0.1,CBLE-median,0.9967590115457892,0
841,sine,-14,0.1,CBLE-median,0.9799983089717681,1
842,sine,-14,0.1,CBLE-median,0.9781258961085058,2
843,sine,-14,0.1,CBLE-median,0.9556517750969367,3
844,sine,-14,0.1,CBLE-median,0.9796929389104293,4
845,sine,-14,0.1,CBLE-median,0.9876282751520788,5
846,sine,-14,0.1,CBLE-median,0.9789362773179806,6
847,sine,-14,0.1,CBLE-median,0.9775344144346844,7
848,sine,-14,0.1,CBLE-median,0.9744563953919002,8
849,sine,-14,0.1,CBLE-median,0.993845690001532,9
850,sine,-14,0.1,WCBLE-median,0.9977557593976676,0
851,sine,-14,0.1,WCBLE-median,0.9985000380600654,1
852,sine,-14,0.1,WCBLE-median,0.9930726528736965,2
853,sine,-14,0.1,WCBLE-median,0.9908413787026717,3
854,sine,-14,0.1,WCBLE-median,0.9957574113134251,4
855,sine,-14,0.1,WCBLE-median,0.9969786020174238,5
856,sine,-14,0.1,WCBLE-median,0.9967143324311766,6
857,sine,-14,0.1,WCBLE-median,0.9923156310765693,7
858,sine,-14,0.1,WCBLE-median,0.9967185760870266,8
859,sine,-14,0.1,WCBLE-median,0.9977753477269525,9
860,sine,-14,0.2,CBLE-median,0.9964696608402099,0
861,sine,-14,0.2,CBLE-median,0.9094193745997445,1
862,sine,-14,0.2,CBLE-median,0.9942772403317364,2
863,sine,-14,0.2,CBLE-median,0.7973340315995023,3
864,sine,-14,0.2,CBLE-median,0.9931897442074668,4
865,sine,-14,0.2,CBLE-median,0.9752933722757777,5
866,sine,-14,0.2,CBLE-median,0.941215939810635,6
867,sine,-14,0.2,CBLE-median,0.912859345400828,7
868,sine,-14,0.2,CBLE-median,0.9659395940054272,8
869,sine,-14,0.2,CBLE-median,0.9404974636143519,9
870,sine,-14,0.2,WCBLE-median,0.9989468445745371,0
871,sine,-14,0.2,WCBLE-median,0.9984816554128625,1
872,sine,-14,0.2,WCBLE-median,0.9983354375733801,2
873,sine,-14,0.2,WCBLE-median,0.9983946599475233,3
874,sine,-14,0.2,WCBLE-median,0.9996462404939565,4
875,sine,-14,0.2,WCBLE-median,0.9992058017503772,5
876,sine,-14,0.2,WCBLE-median,0.9989601186455341,6
877,sine,-14,0.2,WCBLE-median,0.9971145193110663,7
878,sine,-14,0.2,WCBLE-median,0.9989605383394496,8
879,sine,-14,0.2,WCBLE-median,0.9989096077115145,9
880,sine,-14,0.3,CBLE-median,-0.03473624939927343,0
881,sine,-14,0.3,CBLE-median,0.9572206219821733,1
882,sine,-14,0.3,CBLE-median,0.9843249606515445,2
883,sine,-14,0.3,CBLE-median,0.9672057161642414,3
884,sine,-14,0.3,CBLE-median,0.9979490597777605,4
885,sine,-14,0.3,CBLE-median,0.981678378891147,5
886,sine,-14,0.3,CBLE-median,0.9572597626754455,6
887,sine,-14,0.3,CBLE-median,0.8891599410056699,7
888,sine,-14,0.3,CBLE-median,0.8856606755221476,8
889,sine,-14,0.3,CBLE-median,0.9406027052740872,9
890,sine,-14,0.3,WCBLE-median,0.8574199609681866,0
891,sine,-14,0.3,WCBLE-median,0.8541708881176543,1
892,sine,-14,0.3,WCBLE-median,0.999508367877607,2
893,sine,-14,0.3,WCBLE-median,0.9991218727445945,3
894,sine,-14,0.3,WCBLE-median,0.9994690445982812,4
895,sine,-14,0.3,WCBLE-median,0.9994271168863778,5
896,sine,-14,0.3,WCBLE-median,0.9991081921523733,6
897,sine,-14,0.3,WCBLE-median,0.9988736803108889,7
898,sine,-14,0.3,WCBLE-median,0.9995761250263099,8
899,sine,-14,0.3,WCBLE-median,0.9990972903826656,9
900,sine,-15,0.1,CBLE-median,0.9967590115457892,0
901,sine,-15,0.1,CBLE-median,0.9799983089717681,1
902,sine,-15,0.1,CBLE-median,0.9781258961085058,2
903,sine,-15,0.1,CBLE-median,0.9759127487658971,3
904,sine,-15,0.1,CBLE-median,0.9796929389104293,4
905,sine,-15,0.1,CBLE-median,0.9876282751520788,5
906,sine,-15,0.1,CBLE-median,0.9789362773179806,6
907,sine,-15,0.1,CBLE-median,0.9775344144346844,7
908,sine,-15,0.1,CBLE-median,0.9744563953919002,8
909,sine,-15,0.1,CBLE-median,0.993845690001532,9
910,sine,-15,0.1,WCBLE-median,0.9971386630880513,0
911,sine,-15,0.1,WCBLE-median,0.9958827378292398,1
912,sine,-15,0.1,WCBLE-median,0.9960746573586088,2
913,sine,-15,0.1,WCBLE-median,0.9922689865846789,3
914,sine,-15,0.1,WCBLE-median,0.9957574113134251,4
915,sine,-15,0.1,WCBLE-median,0.9969977874463865,5
916,sine,-15,0.1,WCBLE-median,0.9950937449092963,6
917,sine,-15,0.1,WCBLE-median,0.9875785812471165,7
918,sine,-15,0.1,WCBLE-median,0.9957153017508262,8
919,sine,-15,0.1,WCBLE-median,0.9972287322391932,9
920,sine,-15,0.2,CBLE-median,0.9964696608402099,0
921,sine,-15,0.2,CBLE-median,0.9094193745997445,1
922,sine,-15,0.2,CBLE-median,0.9942772403317364,2
923,sine,-15,0.2,CBLE-median,0.7973340315995023,3
924,sine,-15,0.2,CBLE-median,0.9893561492599519,4
925,sine,-15,0.2,CBLE-median,0.9752933722757777,5
926,sine,-15,0.2,CBLE-median,0.9362805869436074,6
927,sine,-15,0.2,CBLE-median,0.912859345400828,7
928,sine,-15,0.2,CBLE-median,0.9659395940054272,8
929,sine,-15,0.2,CBLE-median,0.9404974636143519,9
930,sine,-15,0.2,WCBLE-median,0.9989468445745371,0
931,sine,-15,0.2,WCBLE-median,0.9988736416967754,1
932,sine,-15,0.2,WCBLE-median,0.9986019652240878,2
933,sine,-15,0.2,WCBLE-median,0.9988579388095723,3
934,sine,-15,0.2,WCBLE-median,0.9980433354613673,4
935,sine,-15,0.2,WCBLE-median,0.9993636308056254,5
936,sine,-15,0.2,WCBLE-median,0.9989601186455341,6
937,sine,-15,0.2,WCBLE-median,0.9975166859982221,7
938,sine,-15,0.2,WCBLE-median,0.9989605383394496,8
939,sine,-15,0.2,WCBLE-median,0.9989096077115145,9
940,sine,-15,0.3,CBLE-median,0.6795823160199703,0
941,sine,-15,0.3,CBLE-median,0.9572206219821733,1
942,sine,-15,0.3,CBLE-median,0.9779064143826262,2
943,sine,-15,0.3,CBLE-median,0.9672057161642414,3
944,sine,-15,0.3,CBLE-median,0.9979490597777605,4
945,sine,-15,0.3,CBLE-median,0.981678378891147,5
946,sine,-15,0.3,CBLE-median,0.952330061101575,6
947,sine,-15,0.3,CBLE-median,0.8891599410056699,7
948,sine,-15,0.3,CBLE-median,0.8943468073243884,8
949,sine,-15,0.3,CBLE-median,0.9406027052740872,9
950,sine,-15,0.3,WCBLE-median,-0.024526972086976268,0
951,sine,-15,0.3,WCBLE-median,0.998023899439357,1
952,sine,-15,0.3,WCBLE-median,0.9993844398759832,2
953,sine,-15,0.3,WCBLE-median,0.9985941859256285,3
954,sine,-15,0.3,WCBLE-median,0.9993702211476324,4
955,sine,-15,0.3,WCBLE-median,0.9977849703064516,5
956,sine,-15,0.3,WCBLE-median,0.9996288848592387,6
957,sine,-15,0.3,WCBLE-median,0.9993168083883782,7
958,sine,-15,0.3,WCBLE-median,0.9995761250263099,8
959,sine,-15,0.3,WCBLE-median,0.9984629226900031,9
960,sine,-16,0.1,CBLE-median,0.9967590115457892,0
961,sine,-16,0.1,CBLE-median,0.9799983089717681,1
962,sine,-16,0.1,CBLE-median,0.9781258961085058,2
963,sine,-16,0.1,CBLE-median,0.9759127487658971,3
964,sine,-16,0.1,CBLE-median,0.9796929389104293,4
965,sine,-16,0.1,CBLE-median,0.9876282751520788,5
966,sine,-16,0.1,CBLE-median,0.9789362773179806,6
967,sine,-16,0.1,CBLE-median,0.9775344144346844,7
968,sine,-16,0.1,CBLE-median,0.9744563953919002,8
969,sine,-16,0.1,CBLE-median,0.993845690001532,9
970,sine,-16,0.1,WCBLE-median,0.9971777636348566,0
971,sine,-16,0.1,WCBLE-median,0.9925790886370314,1
972,sine,-16,0.1,WCBLE-median,0.9938596386037301,2
973,sine,-16,0.1,WCBLE-median,0.9887251725977182,3
974,sine,-16,0.1,WCBLE-median,0.9957574113134251,4
975,sine,-16,0.1,WCBLE-median,0.9969977874463865,5
976,sine,-16,0.1,WCBLE-median,0.9910004973966454,6
977,sine,-16,0.1,WCBLE-median,0.9896311798387393,7
978,sine,-16,0.1,WCBLE-median,0.9967185760870266,8
979,sine,-16,0.1,WCBLE-median,0.9972287322391932,9
980,sine,-16,0.2,CBLE-median,0.9964696608402099,0
981,sine,-16,0.2,CBLE-median,0.7865843157813386,1
982,sine,-16,0.2,CBLE-median,0.9942772403317364,2
983,sine,-16,0.2,CBLE-median,0.7973340315995023,3
984,sine,-16,0.2,CBLE-median,0.9893561492599519,4
985,sine,-16,0.2,CBLE-median,0.9752933722757777,5
986,sine,-16,0.2,CBLE-median,0.9362805869436074,6
987,sine,-16,0.2,CBLE-median,0.912859345400828,7
988,sine,-16,0.2,CBLE-median,0.9629306069726215,8
989,sine,-16,0.2,CBLE-median,0.9404974636143519,9
990,sine,-16,0.2,WCBLE-median,0.9991633511306354,0
991,sine,-16,0.2,WCBLE-median,0.9988736416967754,1
992,sine,-16,0.2,WCBLE-median,0.999095023859262,2
993,sine,-16,0.2,WCBLE-median,0.9988579388095723,3
994,sine,-16,0.2,WCBLE-median,0.9984434525922099,4
995,sine,-16,0.2,WCBLE-median,0.9992058017503772,5
996,sine,-16,0.2,WCBLE-median,0.9989601186455341,6
997,sine,-16,0.2,WCBLE-median,0.9987866653367905,7
998,sine,-16,0.2,WCBLE-median,0.9979603917630739,8
999,sine,-16,0.2,WCBLE-median,0.9991666661296436,9
1000,sine,-16,0.3,CBLE-median,0.7883844323098812,0
1001,sine,-16,0.3,CBLE-median,0.9572206219821733,1
1002,sine,-16,0.3,CBLE-median,0.9779064143826262,2
1003,sine,-16,0.3,CBLE-median,0.3745868238381079,3
1004,sine,-16,0.3,CBLE-median,0.9979490597777605,4
1005,sine,-16,0.3,CBLE-median,0.981678378891147,5
1006,sine,-16,0.3,CBLE-median,0.952330061101575,6
1007,sine,-16,0.3,CBLE-median,0.8891599410056699,7
1008,sine,-16,0.3,CBLE-median,0.900657958470112,8
1009,sine,-16,0.3,CBLE-median,0.8799986294239727,9
1010,sine,-16,0.3,WCBLE-median,0.8477842783538619,0
1011,sine,-16,0.3,WCBLE-median,0.8356777186225833,1
1012,sine,-16,0.3,WCBLE-median,0.9994732749713742,2
1013,sine,-16,0.3,WCBLE-median,0.9995252644714477,3
1014,sine,-16,0.3,WCBLE-median,0.9989216549957691,4
1015,sine,-16,0.3,WCBLE-median,0.9990549979564373,5
1016,sine,-16,0.3,WCBLE-median,0.9991081921523733,6
1017,sine,-16,0.3,WCBLE-median,0.9988736803108889,7
1018,sine,-16,0.3,WCBLE-median,0.9995761250263099,8
1019,sine,-16,0.3,WCBLE-median,0.6049448890303103,9
1020,sine,-17,0.1,CBLE-median,0.9946320959140884,0
1021,sine,-17,0.1,CBLE-median,0.9799983089717681,1
1022,sine,-17,0.1,CBLE-median,0.9781258961085058,2
1023,sine,-17,0.1,CBLE-median,0.9503980545081685,3
1024,sine,-17,0.1,CBLE-median,0.9796929389104293,4
1025,sine,-17,0.1,CBLE-median,0.9876282751520788,5
1026,sine,-17,0.1,CBLE-median,0.9789362773179806,6
1027,sine,-17,0.1,CBLE-median,0.9775344144346844,7
1028,sine,-17,0.1,CBLE-median,0.9744563953919002,8
1029,sine,-17,0.1,CBLE-median,0.993845690001532,9
1030,sine,-17,0.1,WCBLE-median,0.9977557593976676,0
1031,sine,-17,0.1,WCBLE-median,0.9960434541403527,1
1032,sine,-17,0.1,WCBLE-median,0.99867936929457,2
1033,sine,-17,0.1,WCBLE-median,0.9934872767404006,3
1034,sine,-17,0.1,WCBLE-median,0.9957574113134251,4
1035,sine,-17,0.1,WCBLE-median,0.9969977874463865,5
1036,sine,-17,0.1,WCBLE-median,0.9911873888485088,6
1037,sine,-17,0.1,WCBLE-median,0.9896311798387393,7
1038,sine,-17,0.1,WCBLE-median,0.9900865393451709,8
1039,sine,-17,0.1,WCBLE-median,0.9977753477269525,9
1040,sine,-17,0.2,CBLE-median,0.9964696608402099,0
1041,sine,-17,0.2,CBLE-median,0.7909458145238005,1
1042,sine,-17,0.2,CBLE-median,0.9942772403317364,2
1043,sine,-17,0.2,CBLE-median,0.8400257720022216,3
1044,sine,-17,0.2,CBLE-median,0.9893561492599519,4
1045,sine,-17,0.2,CBLE-median,0.9752933722757777,5
1046,sine,-17,0.2,CBLE-median,0.9362805869436074,6
1047,sine,-17,0.2,CBLE-median,0.912859345400828,7
1048,sine,-17,0.2,CBLE-median,0.9629306069726215,8
1049,sine,-17,0.2,CBLE-median,0.9404974636143519,9
1050,sine,-17,0.2,WCBLE-median,0.9990234292928196,0
1051,sine,-17,0.2,WCBLE-median,0.9984816554128625,1
1052,sine,-17,0.2,WCBLE-median,0.9986019652240878,2
1053,sine,-17,0.2,WCBLE-median,0.9983946599475233,3
1054,sine,-17,0.2,WCBLE-median,0.9975994074045619,4
1055,sine,-17,0.2,WCBLE-median,0.9987696604933982,5
1056,sine,-17,0.2,WCBLE-median,0.9978721565781784,6
1057,sine,-17,0.2,WCBLE-median,0.9975166859982221,7
1058,sine,-17,0.2,WCBLE-median,0.9982800686797684,8
1059,sine,-17,0.2,WCBLE-median,0.9991666661296436,9
1060,sine,-17,0.3,CBLE-median,0.7883844323098812,0
1061,sine,-17,0.3,CBLE-median,0.9572206219821733,1
1062,sine,-17,0.3,CBLE-median,0.9779064143826262,2
1063,sine,-17,0.3,CBLE-median,0.3745868238381079,3
1064,sine,-17,0.3,CBLE-median,0.7968444057324948,4
1065,sine,-17,0.3,CBLE-median,0.981678378891147,5
1066,sine,-17,0.3,CBLE-median,0.9438344066292622,6
1067,sine,-17,0.3,CBLE-median,0.8891599410056699,7
1068,sine,-17,0.3,CBLE-median,0.916266236858653,8
1069,sine,-17,0.3,CBLE-median,0.8786574847122779,9
1070,sine,-17,0.3,WCBLE-median,0.8477842783538619,0
1071,sine,-17,0.3,WCBLE-median,0.9987977795614269,1
1072,sine,-17,0.3,WCBLE-median,0.9993269305288323,2
1073,sine,-17,0.3,WCBLE-median,0.9991218727445945,3
1074,sine,-17,0.3,WCBLE-median,0.9988745250615738,4
1075,sine,-17,0.3,WCBLE-median,0.9977849703064516,5
1076,sine,-17,0.3,WCBLE-median,0.9992718716583339,6
1077,sine,-17,0.3,WCBLE-median,0.9994719106108839,7
1078,sine,-17,0.3,WCBLE-median,0.9995950599039344,8
1079,sine,-17,0.3,WCBLE-median,0.7555389708699768,9
1080,sine,-18,0.1,CBLE-median,0.9934727412616565,0
1081,sine,-18,0.1,CBLE-median,0.9799983089717681,1
1082,sine,-18,0.1,CBLE-median,0.9781258961085058,2
1083,sine,-18,0.1,CBLE-median,0.9503980545081685,3
1084,sine,-18,0.1,CBLE-median,0.9796929389104293,4
1085,sine,-18,0.1,CBLE-median,0.9876282751520788,5
1086,sine,-18,0.1,CBLE-median,0.9789362773179806,6
1087,sine,-18,0.1,CBLE-median,0.9775344144346844,7
1088,sine,-18,0.1,CBLE-median,0.9681704003106996,8
1089,sine,-18,0.1,CBLE-median,0.993845690001532,9
1090,sine,-18,0.1,WCBLE-median,0.9971777636348566,0
1091,sine,-18,0.1,WCBLE-median,0.9985000380600654,1
1092,sine,-18,0.1,WCBLE-median,0.99867936929457,2
1093,sine,-18,0.1,WCBLE-median,0.9830247688662177,3
1094,sine,-18,0.1,WCBLE-median,0.9957574113134251,4
1095,sine,-18,0.1,WCBLE-median,0.9969786020174238,5
1096,sine,-18,0.1,WCBLE-median,0.996501303428302,6
1097,sine,-18,0.1,WCBLE-median,0.9896311798387393,7
1098,sine,-18,0.1,WCBLE-median,0.9961382160487208,8
1099,sine,-18,0.1,WCBLE-median,0.9977181898997957,9
1100,sine,-18,0.2,CBLE-median,0.9964696608402099,0
1101,sine,-18,0.2,CBLE-median,0.7909458145238005,1
1102,sine,-18,0.2,CBLE-median,0.9942772403317364,2
1103,sine,-18,0.2,CBLE-median,0.7157464204546703,3
1104,sine,-18,0.2,CBLE-median,0.9893561492599519,4
1105,sine,-18,0.2,CBLE-median,0.9752933722757777,5
1106,sine,-18,0.2,CBLE-median,0.9362805869436074,6
1107,sine,-18,0.2,CBLE-median,0.912859345400828,7
1108,sine,-18,0.2,CBLE-median,0.9629306069726215,8
1109,sine,-18,0.2,CBLE-median,0.8509217726715302,9
1110,sine,-18,0.2,WCBLE-median,0.9992045302629454,0
1111,sine,-18,0.2,WCBLE-median,0.9988736416967754,1
1112,sine,-18,0.2,WCBLE-median,0.9984910697646159,2
1113,sine,-18,0.2,WCBLE-median,0.9988579388095723,3
1114,sine,-18,0.2,WCBLE-median,0.9959999365689056,4
1115,sine,-18,0.2,WCBLE-median,0.998736947127572,5
1116,sine,-18,0.2,WCBLE-median,0.9994060972299171,6
1117,sine,-18,0.2,WCBLE-median,0.9975166859982221,7
1118,sine,-18,0.2,WCBLE-median,0.9989605383394496,8
1119,sine,-18,0.2,WCBLE-median,0.9989096077115145,9
1120,sine,-18,0.3,CBLE-median,0.7883844323098812,0
1121,sine,-18,0.3,CBLE-median,0.9572206219821733,1
1122,sine,-18,0.3,CBLE-median,0.9779064143826262,2
1123,sine,-18,0.3,CBLE-median,0.39453386703747634,3
1124,sine,-18,0.3,CBLE-median,0.7968444057324948,4
1125,sine,-18,0.3,CBLE-median,0.981678378891147,5
1126,sine,-18,0.3,CBLE-median,0.29950438435291865,6
1127,sine,-18,0.3,CBLE-median,0.8891599410056699,7
1128,sine,-18,0.3,CBLE-median,0.916266236858653,8
1129,sine,-18,0.3,CBLE-median,0.8786574847122779,9
1130,sine,-18,0.3,WCBLE-median,0.8521438730593627,0
1131,sine,-18,0.3,WCBLE-median,0.9982596649241499,1
1132,sine,-18,0.3,WCBLE-median,0.999553755461771,2
1133,sine,-18,0.3,WCBLE-median,0.9991218727445945,3
1134,sine,-18,0.3,WCBLE-median,0.9993702211476324,4
1135,sine,-18,0.3,WCBLE-median,0.9994271168863778,5
1136,sine,-18,0.3,WCBLE-median,0.9997038066124764,6
1137,sine,-18,0.3,WCBLE-median,0.9994719106108839,7
1138,sine,-18,0.3,WCBLE-median,0.9991154427365931,8
1139,sine,-18,0.3,WCBLE-median,0.7581614258485923,9
1140,sine,-19,0.1,CBLE-median,0.9934727412616565,0
1141,sine,-19,0.1,CBLE-median,0.9803956580246341,1
1142,sine,-19,0.1,CBLE-median,0.9781258961085058,2
1143,sine,-19,0.1,CBLE-median,0.9670383539373768,3
1144,sine,-19,0.1,CBLE-median,0.9796929389104293,4
1145,sine,-19,0.1,CBLE-median,0.9876282751520788,5
1146,sine,-19,0.1,CBLE-median,0.9789362773179806,6
1147,sine,-19,0.1,CBLE-median,0.9812185384170681,7
1148,sine,-19,0.1,CBLE-median,0.9681704003106996,8
1149,sine,-19,0.1,CBLE-median,0.9906574324535987,9
1150,sine,-19,0.1,WCBLE-median,0.9971386630880513,0
1151,sine,-19,0.1,WCBLE-median,0.9985000380600654,1
1152,sine,-19,0.1,WCBLE-median,0.9960746573586088,2
1153,sine,-19,0.1,WCBLE-median,0.9830247688662177,3
1154,sine,-19,0.1,WCBLE-median,0.9957574113134251,4
1155,sine,-19,0.1,WCBLE-median,0.9969786020174238,5
1156,sine,-19,0.1,WCBLE-median,0.996501303428302,6
1157,sine,-19,0.1,WCBLE-median,0.9923156310765693,7
1158,sine,-19,0.1,WCBLE-median,0.9957153017508262,8
1159,sine,-19,0.1,WCBLE-median,0.99466023171432,9
1160,sine,-19,0.2,CBLE-median,0.9964696608402099,0
1161,sine,-19,0.2,CBLE-median,0.7909458145238005,1
1162,sine,-19,0.2,CBLE-median,0.9942772403317364,2
1163,sine,-19,0.2,CBLE-median,0.7187986868953716,3
1164,sine,-19,0.2,CBLE-median,0.9893561492599519,4
1165,sine,-19,0.2,CBLE-median,0.9752933722757777,5
1166,sine,-19,0.2,CBLE-median,-0.08020705285999703,6
1167,sine,-19,0.2,CBLE-median,0.912859345400828,7
1168,sine,-19,0.2,CBLE-median,0.9629306069726215,8
1169,sine,-19,0.2,CBLE-median,0.8555625686782617,9
1170,sine,-19,0.2,WCBLE-median,0.9992045302629454,0
1171,sine,-19,0.2,WCBLE-median,0.9992780337645956,1
1172,sine,-19,0.2,WCBLE-median,0.9987383239350816,2
1173,sine,-19,0.2,WCBLE-median,0.9983946599475233,3
1174,sine,-19,0.2,WCBLE-median,0.9959999365689056,4
1175,sine,-19,0.2,WCBLE-median,0.998683811829987,5
1176,sine,-19,0.2,WCBLE-median,0.9982585209313828,6
1177,sine,-19,0.2,WCBLE-median,0.9975166859982221,7
1178,sine,-19,0.2,WCBLE-median,0.9989605383394496,8
1179,sine,-19,0.2,WCBLE-median,0.9975853671120226,9
1180,sine,-19,0.3,CBLE-median,0.7914142935377496,0
1181,sine,-19,0.3,CBLE-median,0.9572206219821733,1
1182,sine,-19,0.3,CBLE-median,0.9779064143826262,2
1183,sine,-19,0.3,CBLE-median,0.3939798465361662,3
1184,sine,-19,0.3,CBLE-median,0.7270423130183457,4
1185,sine,-19,0.3,CBLE-median,0.8314066410093365,5
1186,sine,-19,0.3,CBLE-median,0.29950438435291865,6
1187,sine,-19,0.3,CBLE-median,0.8891599410056699,7
1188,sine,-19,0.3,CBLE-median,0.9129041935249962,8
1189,sine,-19,0.3,CBLE-median,0.8786574847122779,9
1190,sine,-19,0.3,WCBLE-median,0.8535275268231286,0
1191,sine,-19,0.3,WCBLE-median,0.9982886507664548,1
1192,sine,-19,0.3,WCBLE-median,0.999553755461771,2
1193,sine,-19,0.3,WCBLE-median,0.9991039481374123,3
1194,sine,-19,0.3,WCBLE-median,0.9989216549957691,4
1195,sine,-19,0.3,WCBLE-median,0.9974760004545514,5
1196,sine,-19,0.3,WCBLE-median,0.9997038066124764,6
1197,sine,-19,0.3,WCBLE-median,0.999462732121252,7
1198,sine,-19,0.3,WCBLE-median,0.9993035588652946,8
1199,sine,-19,0.3,WCBLE-median,0.7555389708699768,9
1200,sine,-20,0.1,CBLE-median,0.9934727412616565,0
1201,sine,-20,0.1,CBLE-median,0.9803956580246341,1
1202,sine,-20,0.1,CBLE-median,0.9867892540917544,2
1203,sine,-20,0.1,CBLE-median,0.9670383539373768,3
1204,sine,-20,0.1,CBLE-median,0.9796929389104293,4
1205,sine,-20,0.1,CBLE-median,0.9876282751520788,5
1206,sine,-20,0.1,CBLE-median,0.9789362773179806,6
1207,sine,-20,0.1,CBLE-median,0.9812185384170681,7
1208,sine,-20,0.1,CBLE-median,0.9681704003106996,8
1209,sine,-20,0.1,CBLE-median,0.9906574324535987,9
1210,sine,-20,0.1,WCBLE-median,0.9941772773664705,0
1211,sine,-20,0.1,WCBLE-median,0.9961907677280989,1
1212,sine,-20,0.1,WCBLE-median,0.9938596386037301,2
1213,sine,-20,0.1,WCBLE-median,0.9922689865846789,3
1214,sine,-20,0.1,WCBLE-median,0.9866535446562266,4
1215,sine,-20,0.1,WCBLE-median,0.9969786020174238,5
1216,sine,-20,0.1,WCBLE-median,0.9950937449092963,6
1217,sine,-20,0.1,WCBLE-median,0.9896311798387393,7
1218,sine,-20,0.1,WCBLE-median,0.9914451694312287,8
1219,sine,-20,0.1,WCBLE-median,0.9977753477269525,9
1220,sine,-20,0.2,CBLE-median,0.9964696608402099,0
1221,sine,-20,0.2,CBLE-median,0.7909458145238005,1
1222,sine,-20,0.2,CBLE-median,0.9942772403317364,2
1223,sine,-20,0.2,CBLE-median,0.7187986868953716,3
1224,sine,-20,0.2,CBLE-median,0.6485978214917663,4
1225,sine,-20,0.2,CBLE-median,0.9752933722757777,5
1226,sine,-20,0.2,CBLE-median,-0.16975120766823634,6
1227,sine,-20,0.2,CBLE-median,0.9207673891462392,7
1228,sine,-20,0.2,CBLE-median,0.9629306069726215,8
1229,sine,-20,0.2,CBLE-median,0.8555625686782617,9
1230,sine,-20,0.2,WCBLE-median,0.9992045302629454,0
1231,sine,-20,0.2,WCBLE-median,0.999086472419974,1
1232,sine,-20,0.2,WCBLE-median,0.9977407497943835,2
1233,sine,-20,0.2,WCBLE-median,0.9959664825710987,3
1234,sine,-20,0.2,WCBLE-median,0.994744198803923,4
1235,sine,-20,0.2,WCBLE-median,0.9994521098621815,5
1236,sine,-20,0.2,WCBLE-median,0.9980703293375011,6
1237,sine,-20,0.2,WCBLE-median,0.997781204476189,7
1238,sine,-20,0.2,WCBLE-median,0.9989605383394496,8
1239,sine,-20,0.2,WCBLE-median,0.9975853671120226,9
1240,sine,-20,0.3,CBLE-median,0.7914142935377496,0
1241,sine,-20,0.3,CBLE-median,0.9572206219821733,1
1242,sine,-20,0.3,CBLE-median,0.9660146876488179,2
1243,sine,-20,0.3,CBLE-median,0.3939798465361662,3
1244,sine,-20,0.3,CBLE-median,0.6596145865354042,4
1245,sine,-20,0.3,CBLE-median,0.6095254154902763,5
1246,sine,-20,0.3,CBLE-median,0.3039873831156972,6
1247,sine,-20,0.3,CBLE-median,0.6308632370769476,7
1248,sine,-20,0.3,CBLE-median,0.9129041935249962,8
1249,sine,-20,0.3,CBLE-median,0.8479591325377589,9
1250,sine,-20,0.3,WCBLE-median,0.8594841532033467,0
1251,sine,-20,0.3,WCBLE-median,0.9982886507664548,1
1252,sine,-20,0.3,WCBLE-median,0.9988679605897929,2
1253,sine,-20,0.3,WCBLE-median,0.9995252644714477,3
1254,sine,-20,0.3,WCBLE-median,0.9990361793167601,4
1255,sine,-20,0.3,WCBLE-median,0.9994271168863778,5
1256,sine,-20,0.3,WCBLE-median,0.9995326165911741,6
1257,sine,-20,0.3,WCBLE-median,0.9994719106108839,7
1258,sine,-20,0.3,WCBLE-median,0.9992298701569274,8
1259,sine,-20,0.3,WCBLE-median,0.7581614258485923,9
1260,sine,-21,0.1,CBLE-median,0.9878811993354858,0
1261,sine,-21,0.1,CBLE-median,0.9803956580246341,1
1262,sine,-21,0.1,CBLE-median,0.9867892540917544,2
1263,sine,-21,0.1,CBLE-median,0.9670383539373768,3
1264,sine,-21,0.1,CBLE-median,0.9796929389104293,4
1265,sine,-21,0.1,CBLE-median,0.9876282751520788,5
1266,sine,-21,0.1,CBLE-median,0.9789362773179806,6
1267,sine,-21,0.1,CBLE-median,0.9812185384170681,7
1268,sine,-21,0.1,CBLE-median,0.9681704003106996,8
1269,sine,-21,0.1,CBLE-median,0.9906574324535987,9
1270,sine,-21,0.1,WCBLE-median,0.9931739816482956,0
1271,sine,-21,0.1,WCBLE-median,0.9927108660981576,1
1272,sine,-21,0.1,WCBLE-median,0.9890579194214083,2
1273,sine,-21,0.1,WCBLE-median,0.9830247688662177,3
1274,sine,-21,0.1,WCBLE-median,0.9957574113134251,4
1275,sine,-21,0.1,WCBLE-median,0.9969977874463865,5
1276,sine,-21,0.1,WCBLE-median,0.9910004973966454,6
1277,sine,-21,0.1,WCBLE-median,0.9882821425520042,7
1278,sine,-21,0.1,WCBLE-median,0.9961382160487208,8
1279,sine,-21,0.1,WCBLE-median,0.9977753477269525,9
1280,sine,-21,0.2,CBLE-median,0.9955844883132274,0
1281,sine,-21,0.2,CBLE-median,0.7909458145238005,1
1282,sine,-21,0.2,CBLE-median,0.99464505496016,2
1283,sine,-21,0.2,CBLE-median,0.47974939270255396,3
1284,sine,-21,0.2,CBLE-median,0.6485978214917663,4
1285,sine,-21,0.2,CBLE-median,0.9752933722757777,5
1286,sine,-21,0.2,CBLE-median,-0.17814375385208248,6
1287,sine,-21,0.2,CBLE-median,0.9207673891462392,7
1288,sine,-21,0.2,CBLE-median,0.914567278776812,8
1289,sine,-21,0.2,CBLE-median,0.775073140297522,9
1290,sine,-21,0.2,WCBLE-median,0.9985492372086127,0
1291,sine,-21,0.2,WCBLE-median,0.9984816554128625,1
1292,sine,-21,0.2,WCBLE-median,0.999095023859262,2
1293,sine,-21,0.2,WCBLE-median,0.9980591133856992,3
1294,sine,-21,0.2,WCBLE-median,0.9996462404939565,4
1295,sine,-21,0.2,WCBLE-median,0.9994521098621815,5
1296,sine,-21,0.2,WCBLE-median,0.9989601186455341,6
1297,sine,-21,0.2,WCBLE-median,0.997781204476189,7
1298,sine,-21,0.2,WCBLE-median,0.9978293033985698,8
1299,sine,-21,0.2,WCBLE-median,0.9982364208733658,9
1300,sine,-21,0.3,CBLE-median,0.7914142935377496,0
1301,sine,-21,0.3,CBLE-median,0.9572206219821733,1
1302,sine,-21,0.3,CBLE-median,0.9654387441478968,2
1303,sine,-21,0.3,CBLE-median,0.3939798465361662,3
1304,sine,-21,0.3,CBLE-median,0.6596145865354042,4
1305,sine,-21,0.3,CBLE-median,0.597324299640215,5
1306,sine,-21,0.3,CBLE-median,0.3039873831156972,6
1307,sine,-21,0.3,CBLE-median,0.17148777622530947,7
1308,sine,-21,0.3,CBLE-median,0.9129041935249962,8
1309,sine,-21,0.3,CBLE-median,0.7238013813664358,9
1310,sine,-21,0.3,WCBLE-median,0.8594841532033467,0
1311,sine,-21,0.3,WCBLE-median,0.8640164680234226,1
1312,sine,-21,0.3,WCBLE-median,0.999553755461771,2
1313,sine,-21,0.3,WCBLE-median,0.9983616016524822,3
1314,sine,-21,0.3,WCBLE-median,0.9988745250615738,4
1315,sine,-21,0.3,WCBLE-median,0.7024129542257733,5
1316,sine,-21,0.3,WCBLE-median,0.9995326165911741,6
1317,sine,-21,0.3,WCBLE-median,0.999462732121252,7
1318,sine,-21,0.3,WCBLE-median,0.9990502321537365,8
1319,sine,-21,0.3,WCBLE-median,0.6049448890303103,9
1320,sine,-22,0.1,CBLE-median,0.974900525429522,0
1321,sine,-22,0.1,CBLE-median,0.9803956580246341,1
1322,sine,-22,0.1,CBLE-median,0.9867892540917544,2
1323,sine,-22,0.1,CBLE-median,0.9524645836355237,3
1324,sine,-22,0.1,CBLE-median,0.9796929389104293,4
1325,sine,-22,0.1,CBLE-median,0.3565328307165092,5
1326,sine,-22,0.1,CBLE-median,0.9789362773179806,6
1327,sine,-22,0.1,CBLE-median,0.9719348537737885,7
1328,sine,-22,0.1,CBLE-median,0.9681704003106996,8
1329,sine,-22,0.1,CBLE-median,0.9906574324535987,9
1330,sine,-22,0.1,WCBLE-median,0.9941772773664705,0
1331,sine,-22,0.1,WCBLE-median,0.9973799992849394,1
1332,sine,-22,0.1,WCBLE-median,0.9952474160171668,2
1333,sine,-22,0.1,WCBLE-median,0.9830247688662177,3
1334,sine,-22,0.1,WCBLE-median,0.986481425254089,4
1335,sine,-22,0.1,WCBLE-median,0.9969977874463865,5
1336,sine,-22,0.1,WCBLE-median,0.9923635707528239,6
1337,sine,-22,0.1,WCBLE-median,0.9875785812471165,7
1338,sine,-22,0.1,WCBLE-median,0.9957153017508262,8
1339,sine,-22,0.1,WCBLE-median,0.9917876829877641,9
1340,sine,-22,0.2,CBLE-median,0.9955844883132274,0
1341,sine,-22,0.2,CBLE-median,0.7577969822332181,1
1342,sine,-22,0.2,CBLE-median,0.99464505496016,2
1343,sine,-22,0.2,CBLE-median,0.47974939270255396,3
1344,sine,-22,0.2,CBLE-median,0.6327558960088991,4
1345,sine,-22,0.2,CBLE-median,0.9597908132990401,5
1346,sine,-22,0.2,CBLE-median,-0.1885531352115585,6
1347,sine,-22,0.2,CBLE-median,0.8088765682822678,7
1348,sine,-22,0.2,CBLE-median,0.31575510787270566,8
1349,sine,-22,0.2,CBLE-median,0.775073140297522,9
1350,sine,-22,0.2,WCBLE-median,0.9989468445745371,0
1351,sine,-22,0.2,WCBLE-median,0.9986960436425939,1
1352,sine,-22,0.2,WCBLE-median,0.9984208184109229,2
1353,sine,-22,0.2,WCBLE-median,0.9963029331182571,3
1354,sine,-22,0.2,WCBLE-median,0.9984434525922099,4
1355,sine,-22,0.2,WCBLE-median,0.9980210597263122,5
1356,sine,-22,0.2,WCBLE-median,0.9987132684990807,6
1357,sine,-22,0.2,WCBLE-median,0.9987866653367905,7
1358,sine,-22,0.2,WCBLE-median,0.9979338043479337,8
1359,sine,-22,0.2,WCBLE-median,0.9975853671120226,9
1360,sine,-22,0.3,CBLE-median,0.7914142935377496,0
1361,sine,-22,0.3,CBLE-median,0.9563990259190991,1
1362,sine,-22,0.3,CBLE-median,0.9654387441478968,2
1363,sine,-22,0.3,CBLE-median,0.3939798465361662,3
1364,sine,-22,0.3,CBLE-median,0.6596145865354042,4
1365,sine,-22,0.3,CBLE-median,0.593972878436537,5
1366,sine,-22,0.3,CBLE-median,0.3039873831156972,6
1367,sine,-22,0.3,CBLE-median,0.19387732045155162,7
1368,sine,-22,0.3,CBLE-median,0.9129041935249962,8
1369,sine,-22,0.3,CBLE-median,0.6712810347177665,9
1370,sine,-22,0.3,WCBLE-median,0.8521438730593627,0
1371,sine,-22,0.3,WCBLE-median,0.8574847422832593,1
1372,sine,-22,0.3,WCBLE-median,0.9993269305288323,2
1373,sine,-22,0.3,WCBLE-median,0.9991039481374123,3
1374,sine,-22,0.3,WCBLE-median,0.9989216322850272,4
1375,sine,-22,0.3,WCBLE-median,0.9994271168863778,5
1376,sine,-22,0.3,WCBLE-median,0.9997038066124764,6
1377,sine,-22,0.3,WCBLE-median,0.9982644875273662,7
1378,sine,-22,0.3,WCBLE-median,0.9981888950620388,8
1379,sine,-22,0.3,WCBLE-median,0.7524130177920181,9
1380,sine,-23,0.1,CBLE-median,0.973459637309541,0
1381,sine,-23,0.1,CBLE-median,0.9803956580246341,1
1382,sine,-23,0.1,CBLE-median,0.9867892540917544,2
1383,sine,-23,0.1,CBLE-median,0.9013171454589695,3
1384,sine,-23,0.1,CBLE-median,0.9796929389104293,4
1385,sine,-23,0.1,CBLE-median,0.3565328307165092,5
1386,sine,-23,0.1,CBLE-median,0.28674173575106027,6
1387,sine,-23,0.1,CBLE-median,0.9781723179451391,7
1388,sine,-23,0.1,CBLE-median,0.9681704003106996,8
1389,sine,-23,0.1,CBLE-median,0.9906574324535987,9
1390,sine,-23,0.1,WCBLE-median,0.9934327849898713,0
1391,sine,-23,0.1,WCBLE-median,0.9950284279163146,1
1392,sine,-23,0.1,WCBLE-median,0.9960746573586088,2
1393,sine,-23,0.1,WCBLE-median,0.9830247688662177,3
1394,sine,-23,0.1,WCBLE-median,0.9957574113134251,4
1395,sine,-23,0.1,WCBLE-median,0.9957960118169474,5
1396,sine,-23,0.1,WCBLE-median,0.9846147365014538,6
1397,sine,-23,0.1,WCBLE-median,0.9896311798387393,7
1398,sine,-23,0.1,WCBLE-median,0.9975503969974175,8
1399,sine,-23,0.1,WCBLE-median,0.9913926102022294,9
1400,sine,-23,0.2,CBLE-median,0.9955844883132274,0
1401,sine,-23,0.2,CBLE-median,0.5693167042104866,1
1402,sine,-23,0.2,CBLE-median,0.99464505496016,2
1403,sine,-23,0.2,CBLE-median,0.47974939270255396,3
1404,sine,-23,0.2,CBLE-median,0.3379911146119615,4
1405,sine,-23,0.2,CBLE-median,0.9597908132990401,5
1406,sine,-23,0.2,CBLE-median,-0.1885531352115585,6
1407,sine,-23,0.2,CBLE-median,0.8088765682822678,7
1408,sine,-23,0.2,CBLE-median,0.31575510787270566,8
1409,sine,-23,0.2,CBLE-median,0.775073140297522,9
1410,sine,-23,0.2,WCBLE-median,0.9990587906520696,0
1411,sine,-23,0.2,WCBLE-median,0.9989258707178645,1
1412,sine,-23,0.2,WCBLE-median,0.9990120279279805,2
1413,sine,-23,0.2,WCBLE-median,0.9988579388095723,3
1414,sine,-23,0.2,WCBLE-median,0.9984434525922099,4
1415,sine,-23,0.2,WCBLE-median,0.9976218045478099,5
1416,sine,-23,0.2,WCBLE-median,0.9982585209313828,6
1417,sine,-23,0.2,WCBLE-median,0.9955930065750183,7
1418,sine,-23,0.2,WCBLE-median,0.9989605383394496,8
1419,sine,-23,0.2,WCBLE-median,0.9982375605763671,9
1420,sine,-23,0.3,CBLE-median,0.6908884947150462,0
1421,sine,-23,0.3,CBLE-median,0.44572302419871995,1
1422,sine,-23,0.3,CBLE-median,0.9654387441478968,2
1423,sine,-23,0.3,CBLE-median,0.2913773291421527,3
1424,sine,-23,0.3,CBLE-median,0.6596145865354042,4
1425,sine,-23,0.3,CBLE-median,0.593972878436537,5
1426,sine,-23,0.3,CBLE-median,0.1687355629781621,6
1427,sine,-23,0.3,CBLE-median,0.18537170652825768,7
1428,sine,-23,0.3,CBLE-median,0.9129041935249962,8
1429,sine,-23,0.3,CBLE-median,0.18238680083560996,9
1430,sine,-23,0.3,WCBLE-median,0.8696742040257225,0
1431,sine,-23,0.3,WCBLE-median,0.9982505446835934,1
1432,sine,-23,0.3,WCBLE-median,0.9989978353296081,2
1433,sine,-23,0.3,WCBLE-median,0.8880427768104053,3
1434,sine,-23,0.3,WCBLE-median,0.9985996772201586,4
1435,sine,-23,0.3,WCBLE-median,0.9994271168863778,5
1436,sine,-23,0.3,WCBLE-median,0.9995007491095484,6
1437,sine,-23,0.3,WCBLE-median,0.9976867872349817,7
1438,sine,-23,0.3,WCBLE-median,0.9980223851922617,8
1439,sine,-23,0.3,WCBLE-median,0.7468850626441577,9
1440,sine,-24,0.1,CBLE-median,0.973459637309541,0
1441,sine,-24,0.1,CBLE-median,0.9803956580246341,1
1442,sine,-24,0.1,CBLE-median,0.9867892540917544,2
1443,sine,-24,0.1,CBLE-median,0.9013171454589695,3
1444,sine,-24,0.1,CBLE-median,0.9663568535468996,4
1445,sine,-24,0.1,CBLE-median,0.3565328307165092,5
1446,sine,-24,0.1,CBLE-median,0.28674173575106027,6
1447,sine,-24,0.1,CBLE-median,0.9781723179451391,7
1448,sine,-24,0.1,CBLE-median,0.9579163138250337,8
1449,sine,-24,0.1,CBLE-median,0.9823502271550419,9
1450,sine,-24,0.1,WCBLE-median,0.9902574728218286,0
1451,sine,-24,0.1,WCBLE-median,0.9950284279163146,1
1452,sine,-24,0.1,WCBLE-median,0.993928441620215,2
1453,sine,-24,0.1,WCBLE-median,0.9882880762275528,3
1454,sine,-24,0.1,WCBLE-median,0.9957574113134251,4
1455,sine,-24,0.1,WCBLE-median,0.9959515586188581,5
1456,sine,-24,0.1,WCBLE-median,0.9954571922301549,6
1457,sine,-24,0.1,WCBLE-median,0.9923156310765693,7
1458,sine,-24,0.1,WCBLE-median,0.9941492611042937,8
1459,sine,-24,0.1,WCBLE-median,0.9972287322391932,9
1460,sine,-24,0.2,CBLE-median,0.388671732687138,0
1461,sine,-24,0.2,CBLE-median,0.16476215606922895,1
1462,sine,-24,0.2,CBLE-median,0.99464505496016,2
1463,sine,-24,0.2,CBLE-median,0.47974939270255396,3
1464,sine,-24,0.2,CBLE-median,0.3291767934340678,4
1465,sine,-24,0.2,CBLE-median,0.77364254208475,5
1466,sine,-24,0.2,CBLE-median,-0.2858157381973885,6
1467,sine,-24,0.2,CBLE-median,0.6542394448013236,7
1468,sine,-24,0.2,CBLE-median,0.31585849782705083,8
1469,sine,-24,0.2,CBLE-median,0.775073140297522,9
1470,sine,-24,0.2,WCBLE-median,0.9990227879706964,0
1471,sine,-24,0.2,WCBLE-median,0.9983720729239155,1
1472,sine,-24,0.2,WCBLE-median,0.9968110763162721,2
1473,sine,-24,0.2,WCBLE-median,0.9969822967410953,3
1474,sine,-24,0.2,WCBLE-median,0.9957915909696888,4
1475,sine,-24,0.2,WCBLE-median,0.9981778505007638,5
1476,sine,-24,0.2,WCBLE-median,0.9989601186455341,6
1477,sine,-24,0.2,WCBLE-median,0.9987866653367905,7
1478,sine,-24,0.2,WCBLE-median,0.9984965879045529,8
1479,sine,-24,0.2,WCBLE-median,0.9991666661296436,9
1480,sine,-24,0.3,CBLE-median,0.6908884947150462,0
1481,sine,-24,0.3,CBLE-median,0.07491375367563866,1
1482,sine,-24,0.3,CBLE-median,0.9616355481176989,2
1483,sine,-24,0.3,CBLE-median,0.30433950558742623,3
1484,sine,-24,0.3,CBLE-median,0.6596145865354042,4
1485,sine,-24,0.3,CBLE-median,0.5590763061592402,5
1486,sine,-24,0.3,CBLE-median,0.1687355629781621,6
1487,sine,-24,0.3,CBLE-median,0.16045804170043854,7
1488,sine,-24,0.3,CBLE-median,0.9129041935249962,8
1489,sine,-24,0.3,CBLE-median,0.18238680083560996,9
1490,sine,-24,0.3,WCBLE-median,0.9716245872787664,0
1491,sine,-24,0.3,WCBLE-median,0.8574847422832593,1
1492,sine,-24,0.3,WCBLE-median,0.9993844398759832,2
1493,sine,-24,0.3,WCBLE-median,0.9995252644714477,3
1494,sine,-24,0.3,WCBLE-median,0.9985996772201586,4
1495,sine,-24,0.3,WCBLE-median,0.9987291430785198,5
1496,sine,-24,0.3,WCBLE-median,0.9996605380179275,6
1497,sine,-24,0.3,WCBLE-median,0.999462732121252,7
1498,sine,-24,0.3,WCBLE-median,0.998707166580653,8
1499,sine,-24,0.3,WCBLE-median,0.7492398234495501,9
1500,sine,-25,0.1,CBLE-median,0.973459637309541,0
1501,sine,-25,0.1,CBLE-median,0.6260323553446859,1
1502,sine,-25,0.1,CBLE-median,0.9781258961085058,2
1503,sine,-25,0.1,CBLE-median,0.5447208743111666,3
1504,sine,-25,0.1,CBLE-median,0.29565109469006323,4
1505,sine,-25,0.1,CBLE-median,0.3565328307165092,5
1506,sine,-25,0.1,CBLE-median,0.28674173575106027,6
1507,sine,-25,0.1,CBLE-median,0.9781723179451391,7
1508,sine,-25,0.1,CBLE-median,0.34367905951146327,8
1509,sine,-25,0.1,CBLE-median,0.9823502271550419,9
1510,sine,-25,0.1,WCBLE-median,0.9930975576544134,0
1511,sine,-25,0.1,WCBLE-median,0.9985000380600654,1
1512,sine,-25,0.1,WCBLE-median,0.9960746573586088,2
1513,sine,-25,0.1,WCBLE-median,0.9947313438744941,3
1514,sine,-25,0.1,WCBLE-median,0.9957574113134251,4
1515,sine,-25,0.1,WCBLE-median,0.9957960118169474,5
1516,sine,-25,0.1,WCBLE-median,0.9950937449092963,6
1517,sine,-25,0.1,WCBLE-median,0.9923156310765693,7
1518,sine,-25,0.1,WCBLE-median,0.9912711517784462,8
1519,sine,-25,0.1,WCBLE-median,0.9955013291942759,9
1520,sine,-25,0.2,CBLE-median,0.40082478400775257,0
1521,sine,-25,0.2,CBLE-median,0.133925329070961,1
1522,sine,-25,0.2,CBLE-median,0.924316181730122,2
1523,sine,-25,0.2,CBLE-median,0.4017359830091334,3
1524,sine,-25,0.2,CBLE-median,0.3291767934340678,4
1525,sine,-25,0.2,CBLE-median,0.7162155341251975,5
1526,sine,-25,0.2,CBLE-median,-0.27992546928646417,6
1527,sine,-25,0.2,CBLE-median,-0.11092531479022098,7
1528,sine,-25,0.2,CBLE-median,0.39248678570258155,8
1529,sine,-25,0.2,CBLE-median,0.779958624112043,9
1530,sine,-25,0.2,WCBLE-median,0.998146257269601,0
1531,sine,-25,0.2,WCBLE-median,0.9989258707178645,1
1532,sine,-25,0.2,WCBLE-median,0.998320528028166,2
1533,sine,-25,0.2,WCBLE-median,0.9948228341556208,3
1534,sine,-25,0.2,WCBLE-median,0.9956283688636425,4
1535,sine,-25,0.2,WCBLE-median,0.9987588476479238,5
1536,sine,-25,0.2,WCBLE-median,0.9980314619894024,6
1537,sine,-25,0.2,WCBLE-median,0.997860542255602,7
1538,sine,-25,0.2,WCBLE-median,0.9989605383394496,8
1539,sine,-25,0.2,WCBLE-median,0.9982364208733658,9
1540,sine,-25,0.3,CBLE-median,0.6908884947150462,0
1541,sine,-25,0.3,CBLE-median,0.07491375367563866,1
1542,sine,-25,0.3,CBLE-median,0.9393156350380687,2
1543,sine,-25,0.3,CBLE-median,0.3136513947274155,3
1544,sine,-25,0.3,CBLE-median,0.6596145865354042,4
1545,sine,-25,0.3,CBLE-median,0.5590763061592402,5
1546,sine,-25,0.3,CBLE-median,-0.57272750065201,6
1547,sine,-25,0.3,CBLE-median,0.16045804170043854,7
1548,sine,-25,0.3,CBLE-median,0.81609829277698,8
1549,sine,-25,0.3,CBLE-median,0.18238680083560996,9
1550,sine,-25,0.3,WCBLE-median,0.8594841532033467,0
1551,sine,-25,0.3,WCBLE-median,0.9988929632761316,1
1552,sine,-25,0.3,WCBLE-median,0.9992882736614661,2
1553,sine,-25,0.3,WCBLE-median,0.9982882902943606,3
1554,sine,-25,0.3,WCBLE-median,0.9997632392257025,4
1555,sine,-25,0.3,WCBLE-median,0.9798578975928495,5
1556,sine,-25,0.3,WCBLE-median,0.9985601356768007,6
1557,sine,-25,0.3,WCBLE-median,0.9976235181101122,7
1558,sine,-25,0.3,WCBLE-median,0.9983301000845901,8
1559,sine,-25,0.3,WCBLE-median,0.7686849782262783,9
1560,sine,-26,0.1,CBLE-median,0.973459637309541,0
1561,sine,-26,0.1,CBLE-median,0.6260323553446859,1
1562,sine,-26,0.1,CBLE-median,0.9781258961085058,2
1563,sine,-26,0.1,CBLE-median,0.5636412875767944,3
1564,sine,-26,0.1,CBLE-median,0.29565109469006323,4
1565,sine,-26,0.1,CBLE-median,0.395956498534649,5
1566,sine,-26,0.1,CBLE-median,0.28674173575106027,6
1567,sine,-26,0.1,CBLE-median,0.774405942107668,7
1568,sine,-26,0.1,CBLE-median,0.34367905951146327,8
1569,sine,-26,0.1,CBLE-median,0.274874216349094,9
1570,sine,-26,0.1,WCBLE-median,0.992365892659627,0
1571,sine,-26,0.1,WCBLE-median,0.9888397482043356,1
1572,sine,-26,0.1,WCBLE-median,0.99261810007504,2
1573,sine,-26,0.1,WCBLE-median,0.9807087479557224,3
1574,sine,-26,0.1,WCBLE-median,0.993590046429632,4
1575,sine,-26,0.1,WCBLE-median,0.9946334950083306,5
1576,sine,-26,0.1,WCBLE-median,0.9761979646399623,6
1577,sine,-26,0.1,WCBLE-median,0.9928773205139337,7
1578,sine,-26,0.1,WCBLE-median,0.9829149583556698,8
1579,sine,-26,0.1,WCBLE-median,0.995673339139237,9
1580,sine,-26,0.2,CBLE-median,0.37455036970124356,0
1581,sine,-26,0.2,CBLE-median,0.133925329070961,1
1582,sine,-26,0.2,CBLE-median,0.5547660779569329,2
1583,sine,-26,0.2,CBLE-median,0.4017359830091334,3
1584,sine,-26,0.2,CBLE-median,0.3291767934340678,4
1585,sine,-26,0.2,CBLE-median,0.7162155341251975,5
1586,sine,-26,0.2,CBLE-median,-0.27992546928646417,6
1587,sine,-26,0.2,CBLE-median,-0.10129265688293655,7
1588,sine,-26,0.2,CBLE-median,0.39248678570258155,8
1589,sine,-26,0.2,CBLE-median,0.779958624112043,9
1590,sine,-26,0.2,WCBLE-median,0.9990234292928196,0
1591,sine,-26,0.2,WCBLE-median,0.9984635796733511,1
1592,sine,-26,0.2,WCBLE-median,0.99748483833443,2
1593,sine,-26,0.2,WCBLE-median,0.9969395652453673,3
1594,sine,-26,0.2,WCBLE-median,0.9956488655863076,4
1595,sine,-26,0.2,WCBLE-median,0.9976218045478099,5
1596,sine,-26,0.2,WCBLE-median,0.9967123017947578,6
1597,sine,-26,0.2,WCBLE-median,0.9932023662822189,7
1598,sine,-26,0.2,WCBLE-median,0.99729696083241,8
1599,sine,-26,0.2,WCBLE-median,0.9982364208733658,9
1600,sine,-26,0.3,CBLE-median,0.36324212500602454,0
1601,sine,-26,0.3,CBLE-median,0.07491375367563866,1
1602,sine,-26,0.3,CBLE-median,0.8819316643086008,2
1603,sine,-26,0.3,CBLE-median,0.3136513947274155,3
1604,sine,-26,0.3,CBLE-median,0.5184714003742328,4
1605,sine,-26,0.3,CBLE-median,0.5037643798471708,5
1606,sine,-26,0.3,CBLE-median,-0.57272750065201,6
1607,sine,-26,0.3,CBLE-median,0.16045804170043854,7
1608,sine,-26,0.3,CBLE-median,0.8242513694087037,8
1609,sine,-26,0.3,CBLE-median,0.14131001997248144,9
1610,sine,-26,0.3,WCBLE-median,0.8613625010088896,0
1611,sine,-26,0.3,WCBLE-median,0.9986287472711096,1
1612,sine,-26,0.3,WCBLE-median,0.9990659811974124,2
1613,sine,-26,0.3,WCBLE-median,0.9971272755321255,3
1614,sine,-26,0.3,WCBLE-median,0.9985928378899033,4
1615,sine,-26,0.3,WCBLE-median,0.6648990021787324,5
1616,sine,-26,0.3,WCBLE-median,0.9997038066124764,6
1617,sine,-26,0.3,WCBLE-median,0.9967433776944963,7
1618,sine,-26,0.3,WCBLE-median,0.9979751629708403,8
1619,sine,-26,0.3,WCBLE-median,0.7741498413256982,9
1620,sine,-27,0.1,CBLE-median,0.973459637309541,0
1621,sine,-27,0.1,CBLE-median,0.6260323553446859,1
1622,sine,-27,0.1,CBLE-median,0.8875932145269878,2
1623,sine,-27,0.1,CBLE-median,0.8304069845626237,3
1624,sine,-27,0.1,CBLE-median,0.29565109469006323,4
1625,sine,-27,0.1,CBLE-median,-0.05759858236822287,5
1626,sine,-27,0.1,CBLE-median,-0.02926719121774532,6
1627,sine,-27,0.1,CBLE-median,0.5794260580225085,7
1628,sine,-27,0.1,CBLE-median,0.3212868302289895,8
1629,sine,-27,0.1,CBLE-median,0.2537769680263406,9
1630,sine,-27,0.1,WCBLE-median,0.9930975576544134,0
1631,sine,-27,0.1,WCBLE-median,0.9841309028285886,1
1632,sine,-27,0.1,WCBLE-median,0.9930726528736965,2
1633,sine,-27,0.1,WCBLE-median,0.9882880762275528,3
1634,sine,-27,0.1,WCBLE-median,0.9957574113134251,4
1635,sine,-27,0.1,WCBLE-median,0.9907830973842835,5
1636,sine,-27,0.1,WCBLE-median,0.9950937449092963,6
1637,sine,-27,0.1,WCBLE-median,0.9838303894547215,7
1638,sine,-27,0.1,WCBLE-median,0.985297258715599,8
1639,sine,-27,0.1,WCBLE-median,0.99466023171432,9
1640,sine,-27,0.2,CBLE-median,0.37455036970124356,0
1641,sine,-27,0.2,CBLE-median,0.1016859119328776,1
1642,sine,-27,0.2,CBLE-median,0.4729217422763829,2
1643,sine,-27,0.2,CBLE-median,0.4017359830091334,3
1644,sine,-27,0.2,CBLE-median,0.3291767934340678,4
1645,sine,-27,0.2,CBLE-median,0.6690311889850971,5
1646,sine,-27,0.2,CBLE-median,-0.2636143172569181,6
1647,sine,-27,0.2,CBLE-median,-0.10129265688293655,7
1648,sine,-27,0.2,CBLE-median,0.3724268116444299,8
1649,sine,-27,0.2,CBLE-median,0.779958624112043,9
1650,sine,-27,0.2,WCBLE-median,0.9152014831628102,0
1651,sine,-27,0.2,WCBLE-median,0.9964439123637079,1
1652,sine,-27,0.2,WCBLE-median,0.997315182449444,2
1653,sine,-27,0.2,WCBLE-median,0.9963157823683786,3
1654,sine,-27,0.2,WCBLE-median,0.9959999365689056,4
1655,sine,-27,0.2,WCBLE-median,0.9966761612868527,5
1656,sine,-27,0.2,WCBLE-median,0.9994060972299171,6
1657,sine,-27,0.2,WCBLE-median,0.9987866653367905,7
1658,sine,-27,0.2,WCBLE-median,0.9926891077546441,8
1659,sine,-27,0.2,WCBLE-median,0.9972780726718443,9
1660,sine,-27,0.3,CBLE-median,0.3763331847695818,0
1661,sine,-27,0.3,CBLE-median,0.054735506405669127,1
1662,sine,-27,0.3,CBLE-median,0.8593114160592954,2
1663,sine,-27,0.3,CBLE-median,0.3136513947274155,3
1664,sine,-27,0.3,CBLE-median,0.5292226230729922,4
1665,sine,-27,0.3,CBLE-median,0.5196259373611972,5
1666,sine,-27,0.3,CBLE-median,-0.5451141400636719,6
1667,sine,-27,0.3,CBLE-median,0.16045804170043854,7
1668,sine,-27,0.3,CBLE-median,0.6979961066677303,8
1669,sine,-27,0.3,CBLE-median,0.19825724055398544,9
1670,sine,-27,0.3,WCBLE-median,0.8580595802658271,0
1671,sine,-27,0.3,WCBLE-median,0.8629533578057988,1
1672,sine,-27,0.3,WCBLE-median,0.9982620184278885,2
1673,sine,-27,0.3,WCBLE-median,0.09007790131370129,3
1674,sine,-27,0.3,WCBLE-median,0.9988745250615738,4
1675,sine,-27,0.3,WCBLE-median,0.4513908562454391,5
1676,sine,-27,0.3,WCBLE-median,0.9983521661612349,6
1677,sine,-27,0.3,WCBLE-median,0.999462732121252,7
1678,sine,-27,0.3,WCBLE-median,0.9980223851922617,8
1679,sine,-27,0.3,WCBLE-median,0.7452059019984083,9
1680,sine,-28,0.1,CBLE-median,0.9735477155575765,0
1681,sine,-28,0.1,CBLE-median,0.6260323553446859,1
1682,sine,-28,0.1,CBLE-median,0.9207472244554772,2
1683,sine,-28,0.1,CBLE-median,0.8445538330205782,3
1684,sine,-28,0.1,CBLE-median,0.2976603751454088,4
1685,sine,-28,0.1,CBLE-median,-0.2911123529214259,5
1686,sine,-28,0.1,CBLE-median,-0.02926719121774532,6
1687,sine,-28,0.1,CBLE-median,0.48248883515001606,7
1688,sine,-28,0.1,CBLE-median,0.3011972209019961,8
1689,sine,-28,0.1,CBLE-median,0.21242566340734587,9
1690,sine,-28,0.1,WCBLE-median,0.9901113937980558,0
1691,sine,-28,0.1,WCBLE-median,0.9840488038841346,1
1692,sine,-28,0.1,WCBLE-median,0.9901980594198069,2
1693,sine,-28,0.1,WCBLE-median,0.658905659507401,3
1694,sine,-28,0.1,WCBLE-median,0.7828349252075995,4
1695,sine,-28,0.1,WCBLE-median,0.0923807777065258,5
1696,sine,-28,0.1,WCBLE-median,0.9954571922301549,6
1697,sine,-28,0.1,WCBLE-median,0.9711998117404694,7
1698,sine,-28,0.1,WCBLE-median,0.9890137944025874,8
1699,sine,-28,0.1,WCBLE-median,0.9914668613059161,9
1700,sine,-28,0.2,CBLE-median,0.37455036970124356,0
1701,sine,-28,0.2,CBLE-median,-0.32077929396251126,1
1702,sine,-28,0.2,CBLE-median,0.4729217422763829,2
1703,sine,-28,0.2,CBLE-median,0.11283238243352578,3
1704,sine,-28,0.2,CBLE-median,0.27629498971982347,4
1705,sine,-28,0.2,CBLE-median,0.6690311889850971,5
1706,sine,-28,0.2,CBLE-median,-0.2636143172569181,6
1707,sine,-28,0.2,CBLE-median,-0.09324626456652073,7
1708,sine,-28,0.2,CBLE-median,0.3633626152286251,8
1709,sine,-28,0.2,CBLE-median,0.2064674446790808,9
1710,sine,-28,0.2,WCBLE-median,0.9082705695105765,0
1711,sine,-28,0.2,WCBLE-median,0.4507405156261625,1
1712,sine,-28,0.2,WCBLE-median,0.6109277505161306,2
1713,sine,-28,0.2,WCBLE-median,0.870347361675258,3
1714,sine,-28,0.2,WCBLE-median,0.9925137725219744,4
1715,sine,-28,0.2,WCBLE-median,0.6540635479112298,5
1716,sine,-28,0.2,WCBLE-median,0.9973555424213014,6
1717,sine,-28,0.2,WCBLE-median,0.7322105498359979,7
1718,sine,-28,0.2,WCBLE-median,0.9977896651995111,8
1719,sine,-28,0.2,WCBLE-median,0.9975752199308726,9
1720,sine,-28,0.3,CBLE-median,0.3763331847695818,0
1721,sine,-28,0.3,CBLE-median,-0.38591675981754753,1
1722,sine,-28,0.3,CBLE-median,0.7731645714427149,2
1723,sine,-28,0.3,CBLE-median,0.3136513947274155,3
1724,sine,-28,0.3,CBLE-median,0.5292226230729922,4
1725,sine,-28,0.3,CBLE-median,0.5196259373611972,5
1726,sine,-28,0.3,CBLE-median,-0.5451141400636719,6
1727,sine,-28,0.3,CBLE-median,0.16045804170043854,7
1728,sine,-28,0.3,CBLE-median,0.49510996034162,8
1729,sine,-28,0.3,CBLE-median,0.19825724055398544,9
1730,sine,-28,0.3,WCBLE-median,-0.2433994469919374,0
1731,sine,-28,0.3,WCBLE-median,0.3698572377379201,1
1732,sine,-28,0.3,WCBLE-median,0.7687666985352853,2
1733,sine,-28,0.3,WCBLE-median,0.9064959273539656,3
1734,sine,-28,0.3,WCBLE-median,0.9991863743970957,4
1735,sine,-28,0.3,WCBLE-median,0.9759376756891806,5
1736,sine,-28,0.3,WCBLE-median,0.35130097732851134,6
1737,sine,-28,0.3,WCBLE-median,0.09903257353038569,7
1738,sine,-28,0.3,WCBLE-median,0.9946108750961089,8
1739,sine,-28,0.3,WCBLE-median,0.5833655098977193,9
1740,sine,-29,0.1,CBLE-median,0.6987800796640625,0
1741,sine,-29,0.1,CBLE-median,0.6260323553446859,1
1742,sine,-29,0.1,CBLE-median,0.9207472244554772,2
1743,sine,-29,0.1,CBLE-median,0.8445538330205782,3
1744,sine,-29,0.1,CBLE-median,0.2976603751454088,4
1745,sine,-29,0.1,CBLE-median,-0.2911123529214259,5
1746,sine,-29,0.1,CBLE-median,0.032873067288065536,6
1747,sine,-29,0.1,CBLE-median,0.48248883515001606,7
1748,sine,-29,0.1,CBLE-median,0.223833275544143,8
1749,sine,-29,0.1,CBLE-median,0.21242566340734587,9
1750,sine,-29,0.1,WCBLE-median,0.9885294445629008,0
1751,sine,-29,0.1,WCBLE-median,0.9638426520092996,1
1752,sine,-29,0.1,WCBLE-median,0.9815957397274921,2
1753,sine,-29,0.1,WCBLE-median,-0.08661136900328827,3
1754,sine,-29,0.1,WCBLE-median,0.976765112482946,4
1755,sine,-29,0.1,WCBLE-median,0.14919863609899145,5
1756,sine,-29,0.1,WCBLE-median,0.9843771574787343,6
1757,sine,-29,0.1,WCBLE-median,0.9713302310077224,7
1758,sine,-29,0.1,WCBLE-median,0.9975503969974175,8
1759,sine,-29,0.1,WCBLE-median,0.2374347231194038,9
1760,sine,-29,0.2,CBLE-median,0.034995549737961505,0
1761,sine,-29,0.2,CBLE-median,-0.2983354679689289,1
1762,sine,-29,0.2,CBLE-median,0.0735151428482631,2
1763,sine,-29,0.2,CBLE-median,0.1483135353690686,3
1764,sine,-29,0.2,CBLE-median,0.15849557983776522,4
1765,sine,-29,0.2,CBLE-median,0.6690311889850971,5
1766,sine,-29,0.2,CBLE-median,-0.2636143172569181,6
1767,sine,-29,0.2,CBLE-median,-0.09324626456652073,7
1768,sine,-29,0.2,CBLE-median,0.3633626152286251,8
1769,sine,-29,0.2,CBLE-median,0.2064674446790808,9
1770,sine,-29,0.2,WCBLE-median,0.5270916811046339,0
1771,sine,-29,0.2,WCBLE-median,-0.23373730746323151,1
1772,sine,-29,0.2,WCBLE-median,0.780019970117958,2
1773,sine,-29,0.2,WCBLE-median,0.6161437825105283,3
1774,sine,-29,0.2,WCBLE-median,0.7000937621117005,4
1775,sine,-29,0.2,WCBLE-median,0.5077889661951781,5
1776,sine,-29,0.2,WCBLE-median,0.5761331105035623,6
1777,sine,-29,0.2,WCBLE-median,0.2741225637087462,7
1778,sine,-29,0.2,WCBLE-median,0.4680215961972368,8
1779,sine,-29,0.2,WCBLE-median,0.6367280813104303,9
1780,sine,-29,0.3,CBLE-median,0.3763331847695818,0
1781,sine,-29,0.3,CBLE-median,-0.5111594494702305,1
1782,sine,-29,0.3,CBLE-median,0.7731645714427149,2
1783,sine,-29,0.3,CBLE-median,0.3598598150403875,3
1784,sine,-29,0.3,CBLE-median,0.5292226230729922,4
1785,sine,-29,0.3,CBLE-median,0.5196259373611972,5
1786,sine,-29,0.3,CBLE-median,-0.6813202470696318,6
1787,sine,-29,0.3,CBLE-median,0.16045804170043854,7
1788,sine,-29,0.3,CBLE-median,0.26887109472060966,8
1789,sine,-29,0.3,CBLE-median,-0.06558955964756098,9
1790,sine,-29,0.3,WCBLE-median,-0.10932314014775565,0
1791,sine,-29,0.3,WCBLE-median,-0.36908717508346933,1
1792,sine,-29,0.3,WCBLE-median,0.7841977692096986,2
1793,sine,-29,0.3,WCBLE-median,0.6995757295170453,3
1794,sine,-29,0.3,WCBLE-median,-0.026620513693585923,4
1795,sine,-29,0.3,WCBLE-median,0.5494688556974364,5
1796,sine,-29,0.3,WCBLE-median,-0.3896689664583499,6
1797,sine,-29,0.3,WCBLE-median,0.12007249324714593,7
1798,sine,-29,0.3,WCBLE-median,0.9962787819733561,8
1799,sine,-29,0.3,WCBLE-median,0.007706369454075851,9
1800,sine,-30,0.1,CBLE-median,0.6930351858341195,0
1801,sine,-30,0.1,CBLE-median,0.4357922575098993,1
1802,sine,-30,0.1,CBLE-median,0.6201400188931036,2
1803,sine,-30,0.1,CBLE-median,0.7195663448437264,3
1804,sine,-30,0.1,CBLE-median,-0.4625050574822319,4
1805,sine,-30,0.1,CBLE-median,-0.3559441432045415,5
1806,sine,-30,0.1,CBLE-median,0.032873067288065536,6
1807,sine,-30,0.1,CBLE-median,0.48248883515001606,7
1808,sine,-30,0.1,CBLE-median,0.3886113608822871,8
1809,sine,-30,0.1,CBLE-median,0.21242566340734587,9
1810,sine,-30,0.1,WCBLE-median,0.7182572897292957,0
1811,sine,-30,0.1,WCBLE-median,0.5284487440225101,1
1812,sine,-30,0.1,WCBLE-median,0.9523518021750357,2
1813,sine,-30,0.1,WCBLE-median,0.4062397603718076,3
1814,sine,-30,0.1,WCBLE-median,0.7689048203071824,4
1815,sine,-30,0.1,WCBLE-median,0.13019488078075803,5
1816,sine,-30,0.1,WCBLE-median,-0.7842527870171468,6
1817,sine,-30,0.1,WCBLE-median,0.524706797861137,7
1818,sine,-30,0.1,WCBLE-median,0.6150760108330231,8
1819,sine,-30,0.1,WCBLE-median,0.5247624580277991,9
1820,sine,-30,0.2,CBLE-median,0.03862071868266079,0
1821,sine,-30,0.2,CBLE-median,-0.26326792205451355,1
1822,sine,-30,0.2,CBLE-median,0.0021131691936766353,2
1823,sine,-30,0.2,CBLE-median,0.1483135353690686,3
1824,sine,-30,0.2,CBLE-median,0.3975158753346003,4
1825,sine,-30,0.2,CBLE-median,0.6690311889850971,5
1826,sine,-30,0.2,CBLE-median,-0.7182548511100741,6
1827,sine,-30,0.2,CBLE-median,-0.07835331711095678,7
1828,sine,-30,0.2,CBLE-median,0.371172849901492,8
1829,sine,-30,0.2,CBLE-median,0.19967797985662616,9
1830,sine,-30,0.2,WCBLE-median,0.8811401912535256,0
1831,sine,-30,0.2,WCBLE-median,0.7686747374050917,1
1832,sine,-30,0.2,WCBLE-median,-0.19741092516803332,2
1833,sine,-30,0.2,WCBLE-median,0.1715578660127198,3
1834,sine,-30,0.2,WCBLE-median,0.6516868066652574,4
1835,sine,-30,0.2,WCBLE-median,0.3052012713196693,5
1836,sine,-30,0.2,WCBLE-median,0.137656045755108,6
1837,sine,-30,0.2,WCBLE-median,0.4355396442949177,7
1838,sine,-30,0.2,WCBLE-median,0.09140703683343716,8
1839,sine,-30,0.2,WCBLE-median,0.875978580708479,9
1840,sine,-30,0.3,CBLE-median,0.3726978120180698,0
1841,sine,-30,0.3,CBLE-median,-0.5281647260586353,1
1842,sine,-30,0.3,CBLE-median,0.6717070386877076,2
1843,sine,-30,0.3,CBLE-median,0.25948887800172366,3
1844,sine,-30,0.3,CBLE-median,0.015228514006036614,4
1845,sine,-30,0.3,CBLE-median,0.5287586421613885,5
1846,sine,-30,0.3,CBLE-median,-0.6813202470696318,6
1847,sine,-30,0.3,CBLE-median,-0.2226437945100601,7
1848,sine,-30,0.3,CBLE-median,0.43530758071026693,8
1849,sine,-30,0.3,CBLE-median,-0.06558955964756098,9
1850,sine,-30,0.3,WCBLE-median,-0.21963869492996924,0
1851,sine,-30,0.3,WCBLE-median,-0.16134858676396796,1
1852,sine,-30,0.3,WCBLE-median,0.4691016896061633,2
1853,sine,-30,0.3,WCBLE-median,0.07669084292417686,3
1854,sine,-30,0.3,WCBLE-median,0.5421571468491991,4
1855,sine,-30,0.3,WCBLE-median,-0.18528029551731573,5
1856,sine,-30,0.3,WCBLE-median,-0.15160597291266914,6
1857,sine,-30,0.3,WCBLE-median,-0.10635896157358474,7
1858,sine,-30,0.3,WCBLE-median,-0.20657800428865558,8
1859,sine,-30,0.3,WCBLE-median,0.3063888743093319,9
1860,sine,-31,0.1,CBLE-median,0.6930351858341195,0
1861,sine,-31,0.1,CBLE-median,0.37680010646149986,1
1862,sine,-31,0.1,CBLE-median,0.5921048829087366,2
1863,sine,-31,0.1,CBLE-median,0.7195663448437264,3
1864,sine,-31,0.1,CBLE-median,-0.4492151626982921,4
1865,sine,-31,0.1,CBLE-median,-0.37777036637444994,5
1866,sine,-31,0.1,CBLE-median,-0.08785567352154575,6
1867,sine,-31,0.1,CBLE-median,0.22358981274944784,7
1868,sine,-31,0.1,CBLE-median,0.42465181444061667,8
1869,sine,-31,0.1,CBLE-median,0.24689334909647542,9
1870,sine,-31,0.1,WCBLE-median,0.6483731580507817,0
1871,sine,-31,0.1,WCBLE-median,0.09089412870159622,1
1872,sine,-31,0.1,WCBLE-median,0.7384667311411435,2
1873,sine,-31,0.1,WCBLE-median,-0.01648119521610529,3
1874,sine,-31,0.1,WCBLE-median,0.06594242140871676,4
1875,sine,-31,0.1,WCBLE-median,0.061182726647223164,5
1876,sine,-31,0.1,WCBLE-median,-0.3712863261988021,6
1877,sine,-31,0.1,WCBLE-median,0.8212226318597841,7
1878,sine,-31,0.1,WCBLE-median,-0.11213015013361452,8
1879,sine,-31,0.1,WCBLE-median,-0.07700455354993722,9
1880,sine,-31,0.2,CBLE-median,0.03862071868266079,0
1881,sine,-31,0.2,CBLE-median,-0.26326792205451355,1
1882,sine,-31,0.2,CBLE-median,0.0021131691936766353,2
1883,sine,-31,0.2,CBLE-median,0.1483135353690686,3
1884,sine,-31,0.2,CBLE-median,0.3975158753346003,4
1885,sine,-31,0.2,CBLE-median,0.5280427941579717,5
1886,sine,-31,0.2,CBLE-median,-0.7510833945076593,6
1887,sine,-31,0.2,CBLE-median,-0.07648533702315831,7
1888,sine,-31,0.2,CBLE-median,0.371172849901492,8
1889,sine,-31,0.2,CBLE-median,0.1609093157136835,9
1890,sine,-31,0.2,WCBLE-median,0.4885527288957027,0
1891,sine,-31,0.2,WCBLE-median,-0.25707248134038585,1
1892,sine,-31,0.2,WCBLE-median,-0.2124693099536867,2
1893,sine,-31,0.2,WCBLE-median,-0.3449431942341838,3
1894,sine,-31,0.2,WCBLE-median,0.23811381216251287,4
1895,sine,-31,0.2,WCBLE-median,-0.14354005281254653,5
1896,sine,-31,0.2,WCBLE-median,-0.2137658086583289,6
1897,sine,-31,0.2,WCBLE-median,0.3565792696487974,7
1898,sine,-31,0.2,WCBLE-median,-0.055416584305264055,8
1899,sine,-31,0.2,WCBLE-median,0.39492057658108126,9
1900,sine,-31,0.3,CBLE-median,0.21871826449127313,0
1901,sine,-31,0.3,CBLE-median,-0.5281647260586353,1
1902,sine,-31,0.3,CBLE-median,0.5616566112435056,2
1903,sine,-31,0.3,CBLE-median,-0.244221286921035,3
1904,sine,-31,0.3,CBLE-median,-0.08033026732966059,4
1905,sine,-31,0.3,CBLE-median,0.462547599068657,5
1906,sine,-31,0.3,CBLE-median,-0.6813202470696318,6
1907,sine,-31,0.3,CBLE-median,-0.17204349706205582,7
1908,sine,-31,0.3,CBLE-median,0.43530758071026693,8
1909,sine,-31,0.3,CBLE-median,-0.06558955964756098,9
1910,sine,-31,0.3,WCBLE-median,0.4583224839097864,0
1911,sine,-31,0.3,WCBLE-median,-0.11104096158609472,1
1912,sine,-31,0.3,WCBLE-median,0.28297755176488765,2
1913,sine,-31,0.3,WCBLE-median,0.12945897318559696,3
1914,sine,-31,0.3,WCBLE-median,0.08238276600985123,4
1915,sine,-31,0.3,WCBLE-median,-0.4805563386470116,5
1916,sine,-31,0.3,WCBLE-median,-0.16711210994992343,6
1917,sine,-31,0.3,WCBLE-median,0.550938345566092,7
1918,sine,-31,0.3,WCBLE-median,-0.2966316273850594,8
1919,sine,-31,0.3,WCBLE-median,-0.0595267245343451,9
