,index,roc_auc,model,fold,subject,session,train_cond,test_cond
0,0,0.8432900432900433,Riemann,0,A09,1,G,G
1,0,0.7520833333333332,Riemann,0,A09,1,G,S
2,0,0.7835497835497836,Riemann,0,A09,1,G,mix
3,0,0.8133223684210527,Riemann,1,A09,1,G,G
4,0,0.7565725413826679,Riemann,1,A09,1,G,S
5,0,0.8101960784313725,Riemann,1,A09,1,G,mix
6,0,0.734375,Riemann,2,A09,1,G,G
7,0,0.7552941176470588,Riemann,2,A09,1,G,S
8,0,0.7152014652014652,Riemann,2,A09,1,G,mix
9,0,0.8245614035087719,Riemann,3,A09,1,G,G
10,0,0.7674571805006588,Riemann,3,A09,1,G,S
11,0,0.8895463510848126,Riemann,3,A09,1,G,mix
12,0,0.9271929824561403,Riemann,4,A09,1,G,G
13,0,0.8604938271604938,Riemann,4,A09,1,G,S
14,0,0.8649789029535865,Riemann,4,A09,1,G,mix
15,0,0.7429824561403509,Riemann,5,A09,1,G,G
16,0,0.6186046511627907,Riemann,5,A09,1,G,S
17,0,0.7008333333333333,Riemann,5,A09,1,G,mix
18,0,0.5395833333333333,Riemann,0,A09,1,S,G
19,0,0.8883116883116884,Riemann,0,A09,1,S,S
20,0,0.7697456492637216,Riemann,0,A09,1,S,mix
21,0,0.7227833894500562,Riemann,1,A09,1,S,G
22,0,0.9073593073593074,Riemann,1,A09,1,S,S
23,0,0.7791666666666667,Riemann,1,A09,1,S,mix
24,0,0.6145833333333334,Riemann,2,A09,1,S,G
25,0,0.9186147186147187,Riemann,2,A09,1,S,S
26,0,0.8395833333333333,Riemann,2,A09,1,S,mix
27,0,0.7460606060606061,Riemann,3,A09,1,S,G
28,0,0.7170686456400742,Riemann,3,A09,1,S,S
29,0,0.806508875739645,Riemann,3,A09,1,S,mix
30,0,0.8048245614035088,Riemann,4,A09,1,S,G
31,0,0.9369202226345084,Riemann,4,A09,1,S,S
32,0,0.8122362869198313,Riemann,4,A09,1,S,mix
33,0,0.6587771203155818,Riemann,5,A09,1,S,G
34,0,0.8432282003710576,Riemann,5,A09,1,S,S
35,0,0.8191666666666666,Riemann,5,A09,1,S,mix
36,0,0.7913419913419915,Riemann,0,A09,1,mix,G
37,0,0.8832236842105263,Riemann,0,A09,1,mix,S
38,0,0.7264069264069264,Riemann,0,A09,1,mix,mix
39,0,0.7432432432432432,Riemann,1,A09,1,mix,G
40,0,0.8875,Riemann,1,A09,1,mix,S
41,0,0.7290043290043291,Riemann,1,A09,1,mix,mix
42,0,0.836996336996337,Riemann,2,A09,1,mix,G
43,0,0.8607594936708861,Riemann,2,A09,1,mix,S
44,0,0.8320346320346321,Riemann,2,A09,1,mix,mix
45,0,0.8385899814471243,Riemann,3,A09,1,mix,G
46,0,0.8698830409356726,Riemann,3,A09,1,mix,S
47,0,0.9294990723562152,Riemann,3,A09,1,mix,mix
48,0,0.7708333333333333,Riemann,4,A09,1,mix,G
49,0,0.825,Riemann,4,A09,1,mix,S
50,0,0.8636363636363636,Riemann,4,A09,1,mix,mix
51,0,0.7517543859649123,Riemann,5,A09,1,mix,G
52,0,0.9681818181818181,Riemann,5,A09,1,mix,S
53,0,0.7801484230055659,Riemann,5,A09,1,mix,mix
54,0,0.8515625,Riemann,0,A09,2,G,G
55,0,0.7233796296296297,Riemann,0,A09,2,G,S
56,0,0.759581881533101,Riemann,0,A09,2,G,mix
57,0,0.81328125,Riemann,1,A09,2,G,G
58,0,0.8421875000000001,Riemann,1,A09,2,G,S
59,0,0.809116809116809,Riemann,1,A09,2,G,mix
60,0,0.91328125,Riemann,2,A09,2,G,G
61,0,0.7080213903743315,Riemann,2,A09,2,G,S
62,0,0.7489711934156379,Riemann,2,A09,2,G,mix
63,0,0.87109375,Riemann,3,A09,2,G,G
64,0,0.7621399176954733,Riemann,3,A09,2,G,S
65,0,0.8105263157894737,Riemann,3,A09,2,G,mix
66,0,0.8390625,Riemann,4,A09,2,G,G
67,0,0.8164967562557923,Riemann,4,A09,2,G,S
68,0,0.85546875,Riemann,4,A09,2,G,mix
69,0,0.8267405063291139,Riemann,5,A09,2,G,G
70,0,0.7398190045248869,Riemann,5,A09,2,G,S
71,0,0.8424015009380863,Riemann,5,A09,2,G,mix
72,0,0.7511627906976744,Riemann,0,A09,2,S,G
73,0,0.9859375,Riemann,0,A09,2,S,S
74,0,0.9080459770114943,Riemann,0,A09,2,S,mix
75,0,0.7867187499999999,Riemann,1,A09,2,S,G
76,0,0.93359375,Riemann,1,A09,2,S,S
77,0,0.8397435897435896,Riemann,1,A09,2,S,mix
78,0,0.6976917349218168,Riemann,2,A09,2,S,G
79,0,0.95234375,Riemann,2,A09,2,S,S
80,0,0.8898395721925134,Riemann,2,A09,2,S,mix
81,0,0.7498412698412699,Riemann,3,A09,2,S,G
82,0,0.96015625,Riemann,3,A09,2,S,S
83,0,0.8998771498771498,Riemann,3,A09,2,S,mix
84,0,0.7088607594936709,Riemann,4,A09,2,S,G
85,0,0.94609375,Riemann,4,A09,2,S,S
86,0,0.9381578947368421,Riemann,4,A09,2,S,mix
87,0,0.665,Riemann,5,A09,2,S,G
88,0,0.9636075949367089,Riemann,5,A09,2,S,S
89,0,0.8512658227848101,Riemann,5,A09,2,S,mix
90,0,0.91875,Riemann,0,A09,2,mix,G
91,0,0.9486062717770035,Riemann,0,A09,2,mix,S
92,0,0.8546875,Riemann,0,A09,2,mix,mix
93,0,0.7177464788732395,Riemann,1,A09,2,mix,G
94,0,0.9769173492181682,Riemann,1,A09,2,mix,S
95,0,0.81484375,Riemann,1,A09,2,mix,mix
96,0,0.9262032085561498,Riemann,2,A09,2,mix,G
97,0,0.9276315789473684,Riemann,2,A09,2,mix,S
98,0,0.915625,Riemann,2,A09,2,mix,mix
99,0,0.76953125,Riemann,3,A09,2,mix,G
100,0,0.9724497393894267,Riemann,3,A09,2,mix,S
101,0,0.87890625,Riemann,3,A09,2,mix,mix
102,0,0.8386831275720166,Riemann,4,A09,2,mix,G
103,0,0.9703703703703704,Riemann,4,A09,2,mix,S
104,0,0.8609374999999999,Riemann,4,A09,2,mix,mix
105,0,0.7701688555347093,Riemann,5,A09,2,mix,G
106,0,0.9643527204502814,Riemann,5,A09,2,mix,S
107,0,0.875,Riemann,5,A09,2,mix,mix
108,0,0.79453125,Riemann,0,A09,3,G,G
109,0,0.698595146871009,Riemann,0,A09,3,G,S
110,0,0.8477366255144033,Riemann,0,A09,3,G,mix
111,0,0.79609375,Riemann,1,A09,3,G,G
112,0,0.7375256322624744,Riemann,1,A09,3,G,S
113,0,0.7429687500000001,Riemann,1,A09,3,G,mix
114,0,0.9,Riemann,2,A09,3,G,G
115,0,0.7789062499999999,Riemann,2,A09,3,G,S
116,0,0.9213943950786057,Riemann,2,A09,3,G,mix
117,0,0.85546875,Riemann,3,A09,3,G,G
118,0,0.6584766584766585,Riemann,3,A09,3,G,S
119,0,0.8285449490268768,Riemann,3,A09,3,G,mix
120,0,0.93046875,Riemann,4,A09,3,G,G
121,0,0.897126969416126,Riemann,4,A09,3,G,S
122,0,0.81953125,Riemann,4,A09,3,G,mix
123,0,0.8623417721518988,Riemann,5,A09,3,G,G
124,0,0.7111613876319758,Riemann,5,A09,3,G,S
125,0,0.8363499245852186,Riemann,5,A09,3,G,mix
126,0,0.720029784065525,Riemann,0,A09,3,S,G
127,0,0.91953125,Riemann,0,A09,3,S,S
128,0,0.8192513368983958,Riemann,0,A09,3,S,mix
129,0,0.7430232558139536,Riemann,1,A09,3,S,G
130,0,0.96328125,Riemann,1,A09,3,S,S
131,0,0.86015625,Riemann,1,A09,3,S,mix
132,0,0.7408786299329858,Riemann,2,A09,3,S,G
133,0,0.9210937499999999,Riemann,2,A09,3,S,S
134,0,0.8934198331788693,Riemann,2,A09,3,S,mix
135,0,0.6746411483253588,Riemann,3,A09,3,S,G
136,0,0.959375,Riemann,3,A09,3,S,S
137,0,0.924812030075188,Riemann,3,A09,3,S,mix
138,0,0.7306903622693096,Riemann,4,A09,3,S,G
139,0,0.90703125,Riemann,4,A09,3,S,S
140,0,0.8839031339031339,Riemann,4,A09,3,S,mix
141,0,0.6710758377425045,Riemann,5,A09,3,S,G
142,0,0.9098101265822784,Riemann,5,A09,3,S,S
143,0,0.8954293628808864,Riemann,5,A09,3,S,mix
144,0,0.7766195085629188,Riemann,0,A09,3,mix,G
145,0,0.9444444444444444,Riemann,0,A09,3,mix,S
146,0,0.8890625,Riemann,0,A09,3,mix,mix
147,0,0.8823529411764706,Riemann,1,A09,3,mix,G
148,0,0.9675625579240037,Riemann,1,A09,3,mix,S
149,0,0.91640625,Riemann,1,A09,3,mix,mix
150,0,0.688034188034188,Riemann,2,A09,3,mix,G
151,0,0.9564459930313589,Riemann,2,A09,3,mix,S
152,0,0.82578125,Riemann,2,A09,3,mix,mix
153,0,0.8473566641846613,Riemann,3,A09,3,mix,G
154,0,0.9351562500000001,Riemann,3,A09,3,mix,S
155,0,0.85,Riemann,3,A09,3,mix,mix
156,0,0.8271604938271605,Riemann,4,A09,3,mix,G
157,0,0.8555472822040209,Riemann,4,A09,3,mix,S
158,0,0.91640625,Riemann,4,A09,3,mix,mix
159,0,0.8765060240963856,Riemann,5,A09,3,mix,G
160,0,0.9797979797979799,Riemann,5,A09,3,mix,S
161,0,0.9264240506329113,Riemann,5,A09,3,mix,mix
162,0,0.734375,Riemann,0,A08,1,G,G
163,0,0.55078125,Riemann,0,A08,1,G,S
164,0,0.648559670781893,Riemann,0,A08,1,G,mix
165,0,0.7648437499999999,Riemann,1,A08,1,G,G
166,0,0.59375,Riemann,1,A08,1,G,S
167,0,0.709375,Riemann,1,A08,1,G,mix
168,0,0.7796875,Riemann,2,A08,1,G,G
169,0,0.6617187499999999,Riemann,2,A08,1,G,S
170,0,0.7006701414743113,Riemann,2,A08,1,G,mix
171,0,0.74375,Riemann,3,A08,1,G,G
172,0,0.603125,Riemann,3,A08,1,G,S
173,0,0.6875,Riemann,3,A08,1,G,mix
174,0,0.75859375,Riemann,4,A08,1,G,G
175,0,0.60703125,Riemann,4,A08,1,G,S
176,0,0.64921875,Riemann,4,A08,1,G,mix
177,0,0.815625,Riemann,5,A08,1,G,G
178,0,0.7171875,Riemann,5,A08,1,G,S
179,0,0.7222635889798958,Riemann,5,A08,1,G,mix
180,0,0.52578125,Riemann,0,A08,1,S,G
181,0,0.7804687499999999,Riemann,0,A08,1,S,S
182,0,0.6773752563226247,Riemann,0,A08,1,S,mix
183,0,0.52734375,Riemann,1,A08,1,S,G
184,0,0.8812500000000001,Riemann,1,A08,1,S,S
185,0,0.811522633744856,Riemann,1,A08,1,S,mix
186,0,0.6671875,Riemann,2,A08,1,S,G
187,0,0.76171875,Riemann,2,A08,1,S,S
188,0,0.7810699588477367,Riemann,2,A08,1,S,mix
189,0,0.6734375,Riemann,3,A08,1,S,G
190,0,0.86796875,Riemann,3,A08,1,S,S
191,0,0.8562653562653564,Riemann,3,A08,1,S,mix
192,0,0.7039062500000001,Riemann,4,A08,1,S,G
193,0,0.8343750000000001,Riemann,4,A08,1,S,S
194,0,0.7901234567901235,Riemann,4,A08,1,S,mix
195,0,0.6789062499999999,Riemann,5,A08,1,S,G
196,0,0.80234375,Riemann,5,A08,1,S,S
197,0,0.8181818181818181,Riemann,5,A08,1,S,mix
198,0,0.7350427350427351,Riemann,0,A08,1,mix,G
199,0,0.8981481481481481,Riemann,0,A08,1,mix,S
200,0,0.66640625,Riemann,0,A08,1,mix,mix
201,0,0.5070737155621743,Riemann,1,A08,1,mix,G
202,0,0.8488458674609085,Riemann,1,A08,1,mix,S
203,0,0.7000000000000001,Riemann,1,A08,1,mix,mix
204,0,0.6493827160493828,Riemann,2,A08,1,mix,G
205,0,0.8567901234567902,Riemann,2,A08,1,mix,S
206,0,0.6140625,Riemann,2,A08,1,mix,mix
207,0,0.7473867595818816,Riemann,3,A08,1,mix,G
208,0,0.9921602787456446,Riemann,3,A08,1,mix,S
209,0,0.7679687500000001,Riemann,3,A08,1,mix,mix
210,0,0.7527922561429635,Riemann,4,A08,1,mix,G
211,0,0.8198064035740878,Riemann,4,A08,1,mix,S
212,0,0.7171875,Riemann,4,A08,1,mix,mix
213,0,0.6823045267489712,Riemann,5,A08,1,mix,G
214,0,0.8279835390946502,Riemann,5,A08,1,mix,S
215,0,0.8369322412509307,Riemann,5,A08,1,mix,mix
216,0,0.7125,Riemann,0,A08,2,G,G
217,0,0.725071225071225,Riemann,0,A08,2,G,S
218,0,0.7171875,Riemann,0,A08,2,G,mix
219,0,0.75390625,Riemann,1,A08,2,G,G
220,0,0.6663763066202091,Riemann,1,A08,2,G,S
221,0,0.8433734939759036,Riemann,1,A08,2,G,mix
222,0,0.7484375,Riemann,2,A08,2,G,G
223,0,0.6703125000000001,Riemann,2,A08,2,G,S
224,0,0.6766381766381766,Riemann,2,A08,2,G,mix
225,0,0.7609375,Riemann,3,A08,2,G,G
226,0,0.6054006968641115,Riemann,3,A08,2,G,S
227,0,0.6901315789473684,Riemann,3,A08,2,G,mix
228,0,0.6828124999999999,Riemann,4,A08,2,G,G
229,0,0.696875,Riemann,4,A08,2,G,S
230,0,0.7569686411149826,Riemann,4,A08,2,G,mix
231,0,0.810126582278481,Riemann,5,A08,2,G,G
232,0,0.6363636363636364,Riemann,5,A08,2,G,S
233,0,0.84,Riemann,5,A08,2,G,mix
234,0,0.5993031358885017,Riemann,0,A08,2,S,G
235,0,0.80078125,Riemann,0,A08,2,S,S
236,0,0.8277511961722488,Riemann,0,A08,2,S,mix
237,0,0.6341463414634145,Riemann,1,A08,2,S,G
238,0,0.87265625,Riemann,1,A08,2,S,S
239,0,0.8458188153310104,Riemann,1,A08,2,S,mix
240,0,0.5374485596707819,Riemann,2,A08,2,S,G
241,0,0.840625,Riemann,2,A08,2,S,S
242,0,0.8609053497942388,Riemann,2,A08,2,S,mix
243,0,0.7293233082706766,Riemann,3,A08,2,S,G
244,0,0.8117187499999999,Riemann,3,A08,2,S,S
245,0,0.8839506172839506,Riemann,3,A08,2,S,mix
246,0,0.7432808155699722,Riemann,4,A08,2,S,G
247,0,0.91328125,Riemann,4,A08,2,S,S
248,0,0.845867460908414,Riemann,4,A08,2,S,mix
249,0,0.6422136422136422,Riemann,5,A08,2,S,G
250,0,0.8607594936708861,Riemann,5,A08,2,S,S
251,0,0.8227848101265823,Riemann,5,A08,2,S,mix
252,0,0.849624060150376,Riemann,0,A08,2,mix,G
253,0,0.9024216524216524,Riemann,0,A08,2,mix,S
254,0,0.846875,Riemann,0,A08,2,mix,mix
255,0,0.7073170731707317,Riemann,1,A08,2,mix,G
256,0,0.9195830230826507,Riemann,1,A08,2,mix,S
257,0,0.77421875,Riemann,1,A08,2,mix,mix
258,0,0.7848432055749129,Riemann,2,A08,2,mix,G
259,0,0.8790123456790123,Riemann,2,A08,2,mix,S
260,0,0.8976562499999999,Riemann,2,A08,2,mix,mix
261,0,0.7293447293447293,Riemann,3,A08,2,mix,G
262,0,0.9085937500000001,Riemann,3,A08,2,mix,S
263,0,0.7640625,Riemann,3,A08,2,mix,mix
264,0,0.7564102564102564,Riemann,4,A08,2,mix,G
265,0,0.8924501424501424,Riemann,4,A08,2,mix,S
266,0,0.8875,Riemann,4,A08,2,mix,mix
267,0,0.799249530956848,Riemann,5,A08,2,mix,G
268,0,0.9236947791164658,Riemann,5,A08,2,mix,S
269,0,0.7610759493670886,Riemann,5,A08,2,mix,mix
270,0,0.7753164556962026,Riemann,0,A08,3,G,G
271,0,0.6507936507936507,Riemann,0,A08,3,G,S
272,0,0.72,Riemann,0,A08,3,G,mix
273,0,0.8243670886075949,Riemann,1,A08,3,G,G
274,0,0.7278393351800554,Riemann,1,A08,3,G,S
275,0,0.7994227994227994,Riemann,1,A08,3,G,mix
276,0,0.6329113924050633,Riemann,2,A08,3,G,G
277,0,0.5815295815295816,Riemann,2,A08,3,G,S
278,0,0.6084656084656084,Riemann,2,A08,3,G,mix
279,0,0.7056962025316456,Riemann,3,A08,3,G,G
280,0,0.7363315696649031,Riemann,3,A08,3,G,S
281,0,0.6799999999999999,Riemann,3,A08,3,G,mix
282,0,0.7772151898734176,Riemann,4,A08,3,G,G
283,0,0.6626602564102565,Riemann,4,A08,3,G,S
284,0,0.7037974683544305,Riemann,4,A08,3,G,mix
285,0,0.764423076923077,Riemann,5,A08,3,G,G
286,0,0.4660714285714286,Riemann,5,A08,3,G,S
287,0,0.7077020202020202,Riemann,5,A08,3,G,mix
288,0,0.5996835443037974,Riemann,0,A08,3,S,G
289,0,0.7151898734177216,Riemann,0,A08,3,S,S
290,0,0.8441455696202531,Riemann,0,A08,3,S,mix
291,0,0.6627423822714682,Riemann,1,A08,3,S,G
292,0,0.8916139240506329,Riemann,1,A08,3,S,S
293,0,0.7546897546897546,Riemann,1,A08,3,S,mix
294,0,0.6108333333333333,Riemann,2,A08,3,S,G
295,0,0.7990506329113924,Riemann,2,A08,3,S,S
296,0,0.8665223665223666,Riemann,2,A08,3,S,mix
297,0,0.7327586206896551,Riemann,3,A08,3,S,G
298,0,0.747626582278481,Riemann,3,A08,3,S,S
299,0,0.9183333333333333,Riemann,3,A08,3,S,mix
300,0,0.6059941520467836,Riemann,4,A08,3,S,G
301,0,0.8556962025316456,Riemann,4,A08,3,S,S
302,0,0.9012345679012346,Riemann,4,A08,3,S,mix
303,0,0.6175438596491227,Riemann,5,A08,3,S,G
304,0,0.8229166666666667,Riemann,5,A08,3,S,S
305,0,0.8089285714285714,Riemann,5,A08,3,S,mix
306,0,0.7590361445783133,Riemann,0,A08,3,mix,G
307,0,0.8560126582278481,Riemann,0,A08,3,mix,S
308,0,0.7001582278481012,Riemann,0,A08,3,mix,mix
309,0,0.715442092154421,Riemann,1,A08,3,mix,G
310,0,0.9041666666666667,Riemann,1,A08,3,mix,S
311,0,0.7041139240506329,Riemann,1,A08,3,mix,mix
312,0,0.681657848324515,Riemann,2,A08,3,mix,G
313,0,0.9188311688311688,Riemann,2,A08,3,mix,S
314,0,0.8204113924050632,Riemann,2,A08,3,mix,mix
315,0,0.6641651031894935,Riemann,3,A08,3,mix,G
316,0,0.8587257617728532,Riemann,3,A08,3,mix,S
317,0,0.7349683544303798,Riemann,3,A08,3,mix,mix
318,0,0.6506410256410257,Riemann,4,A08,3,mix,G
319,0,0.9122807017543859,Riemann,4,A08,3,mix,S
320,0,0.6,Riemann,4,A08,3,mix,mix
321,0,0.652046783625731,Riemann,5,A08,3,mix,G
322,0,0.8950320512820513,Riemann,5,A08,3,mix,S
323,0,0.6953586497890296,Riemann,5,A08,3,mix,mix
324,0,0.7984375,Riemann,0,A01,1,G,G
325,0,0.60625,Riemann,0,A01,1,G,S
326,0,0.670064874884152,Riemann,0,A01,1,G,mix
327,0,0.7421875,Riemann,1,A01,1,G,G
328,0,0.55546875,Riemann,1,A01,1,G,S
329,0,0.7037037037037037,Riemann,1,A01,1,G,mix
330,0,0.7265625,Riemann,2,A01,1,G,G
331,0,0.6273437500000001,Riemann,2,A01,1,G,S
332,0,0.702088452088452,Riemann,2,A01,1,G,mix
333,0,0.74921875,Riemann,3,A01,1,G,G
334,0,0.6882812500000001,Riemann,3,A01,1,G,S
335,0,0.786008230452675,Riemann,3,A01,1,G,mix
336,0,0.809375,Riemann,4,A01,1,G,G
337,0,0.68671875,Riemann,4,A01,1,G,S
338,0,0.6707317073170731,Riemann,4,A01,1,G,mix
339,0,0.8046875,Riemann,5,A01,1,G,G
340,0,0.55,Riemann,5,A01,1,G,S
341,0,0.7443019943019944,Riemann,5,A01,1,G,mix
342,0,0.61484375,Riemann,0,A01,1,S,G
343,0,0.9328125,Riemann,0,A01,1,S,S
344,0,0.8378127896200185,Riemann,0,A01,1,S,mix
345,0,0.54375,Riemann,1,A01,1,S,G
346,0,0.84140625,Riemann,1,A01,1,S,S
347,0,0.8147641831852359,Riemann,1,A01,1,S,mix
348,0,0.5875,Riemann,2,A01,1,S,G
349,0,0.90703125,Riemann,2,A01,1,S,S
350,0,0.8656163113994438,Riemann,2,A01,1,S,mix
351,0,0.59296875,Riemann,3,A01,1,S,G
352,0,0.8421875000000001,Riemann,3,A01,1,S,S
353,0,0.74296875,Riemann,3,A01,1,S,mix
354,0,0.69140625,Riemann,4,A01,1,S,G
355,0,0.865625,Riemann,4,A01,1,S,S
356,0,0.8940533151059467,Riemann,4,A01,1,S,mix
357,0,0.5453125,Riemann,5,A01,1,S,G
358,0,0.834375,Riemann,5,A01,1,S,S
359,0,0.6954579300074459,Riemann,5,A01,1,S,mix
360,0,0.76875,Riemann,0,A01,1,mix,G
361,0,0.77421875,Riemann,0,A01,1,mix,S
362,0,0.77265625,Riemann,0,A01,1,mix,mix
363,0,0.7320312500000001,Riemann,1,A01,1,mix,G
364,0,0.93359375,Riemann,1,A01,1,mix,S
365,0,0.8507812499999999,Riemann,1,A01,1,mix,mix
366,0,0.7951807228915663,Riemann,2,A01,1,mix,G
367,0,0.8424467099165894,Riemann,2,A01,1,mix,S
368,0,0.8976562499999999,Riemann,2,A01,1,mix,mix
369,0,0.8065843621399177,Riemann,3,A01,1,mix,G
370,0,0.9662551440329219,Riemann,3,A01,1,mix,S
371,0,0.87578125,Riemann,3,A01,1,mix,mix
372,0,0.7517460317460317,Riemann,4,A01,1,mix,G
373,0,0.845079365079365,Riemann,4,A01,1,mix,S
374,0,0.7609374999999999,Riemann,4,A01,1,mix,mix
375,0,0.6172839506172839,Riemann,5,A01,1,mix,G
376,0,0.9555555555555556,Riemann,5,A01,1,mix,S
377,0,0.7096053611317945,Riemann,5,A01,1,mix,mix
378,0,0.78515625,Riemann,0,A01,2,G,G
379,0,0.8031250000000001,Riemann,0,A01,2,G,S
380,0,0.7662337662337663,Riemann,0,A01,2,G,mix
381,0,0.7015625,Riemann,1,A01,2,G,G
382,0,0.6015625,Riemann,1,A01,2,G,S
383,0,0.6950880444856349,Riemann,1,A01,2,G,mix
384,0,0.77578125,Riemann,2,A01,2,G,G
385,0,0.890625,Riemann,2,A01,2,G,S
386,0,0.7835390946502058,Riemann,2,A01,2,G,mix
387,0,0.7609375,Riemann,3,A01,2,G,G
388,0,0.7468750000000001,Riemann,3,A01,2,G,S
389,0,0.8149732620320855,Riemann,3,A01,2,G,mix
390,0,0.7250000000000001,Riemann,4,A01,2,G,G
391,0,0.7984374999999999,Riemann,4,A01,2,G,S
392,0,0.76994301994302,Riemann,4,A01,2,G,mix
393,0,0.7203125,Riemann,5,A01,2,G,G
394,0,0.87734375,Riemann,5,A01,2,G,S
395,0,0.7342105263157894,Riemann,5,A01,2,G,mix
396,0,0.75703125,Riemann,0,A01,2,S,G
397,0,0.95078125,Riemann,0,A01,2,S,S
398,0,0.9448994787788533,Riemann,0,A01,2,S,mix
399,0,0.7359374999999999,Riemann,1,A01,2,S,G
400,0,0.9515625,Riemann,1,A01,2,S,S
401,0,0.8762816131237183,Riemann,1,A01,2,S,mix
402,0,0.6257812500000001,Riemann,2,A01,2,S,G
403,0,0.9187500000000001,Riemann,2,A01,2,S,S
404,0,0.80078125,Riemann,2,A01,2,S,mix
405,0,0.83515625,Riemann,3,A01,2,S,G
406,0,0.94921875,Riemann,3,A01,2,S,S
407,0,0.9749768303985172,Riemann,3,A01,2,S,mix
408,0,0.659375,Riemann,4,A01,2,S,G
409,0,0.9351562499999999,Riemann,4,A01,2,S,S
410,0,0.8867521367521368,Riemann,4,A01,2,S,mix
411,0,0.77578125,Riemann,5,A01,2,S,G
412,0,0.9609375000000001,Riemann,5,A01,2,S,S
413,0,0.9063948100092679,Riemann,5,A01,2,S,mix
414,0,0.8234375,Riemann,0,A01,2,mix,G
415,0,0.97421875,Riemann,0,A01,2,mix,S
416,0,0.8812500000000001,Riemann,0,A01,2,mix,mix
417,0,0.7207743857036486,Riemann,1,A01,2,mix,G
418,0,0.9560685033507074,Riemann,1,A01,2,mix,S
419,0,0.7859375,Riemann,1,A01,2,mix,mix
420,0,0.702991452991453,Riemann,2,A01,2,mix,G
421,0,0.933048433048433,Riemann,2,A01,2,mix,S
422,0,0.8156249999999999,Riemann,2,A01,2,mix,mix
423,0,0.8390625,Riemann,3,A01,2,mix,G
424,0,0.97421875,Riemann,3,A01,2,mix,S
425,0,0.8890625,Riemann,3,A01,2,mix,mix
426,0,0.7229946524064171,Riemann,4,A01,2,mix,G
427,0,0.9550802139037433,Riemann,4,A01,2,mix,S
428,0,0.80703125,Riemann,4,A01,2,mix,mix
429,0,0.618945868945869,Riemann,5,A01,2,mix,G
430,0,0.9173789173789174,Riemann,5,A01,2,mix,S
431,0,0.809375,Riemann,5,A01,2,mix,mix
432,0,0.7703125,Riemann,0,A01,3,G,G
433,0,0.7375,Riemann,0,A01,3,G,S
434,0,0.7022792022792023,Riemann,0,A01,3,G,mix
435,0,0.715625,Riemann,1,A01,3,G,G
436,0,0.640625,Riemann,1,A01,3,G,S
437,0,0.5941921072226358,Riemann,1,A01,3,G,mix
438,0,0.78828125,Riemann,2,A01,3,G,G
439,0,0.74765625,Riemann,2,A01,3,G,S
440,0,0.6454703832752613,Riemann,2,A01,3,G,mix
441,0,0.64765625,Riemann,3,A01,3,G,G
442,0,0.5015625,Riemann,3,A01,3,G,S
443,0,0.6160968660968662,Riemann,3,A01,3,G,mix
444,0,0.8070312500000001,Riemann,4,A01,3,G,G
445,0,0.6875,Riemann,4,A01,3,G,S
446,0,0.83671875,Riemann,4,A01,3,G,mix
447,0,0.7664062500000001,Riemann,5,A01,3,G,G
448,0,0.52890625,Riemann,5,A01,3,G,S
449,0,0.6487488415199258,Riemann,5,A01,3,G,mix
450,0,0.71484375,Riemann,0,A01,3,S,G
451,0,0.8515625,Riemann,0,A01,3,S,S
452,0,0.8545296167247387,Riemann,0,A01,3,S,mix
453,0,0.675,Riemann,1,A01,3,S,G
454,0,0.8078125,Riemann,1,A01,3,S,S
455,0,0.8451228592702904,Riemann,1,A01,3,S,mix
456,0,0.6507812499999999,Riemann,2,A01,3,S,G
457,0,0.8703124999999999,Riemann,2,A01,3,S,S
458,0,0.9238095238095239,Riemann,2,A01,3,S,mix
459,0,0.5859375,Riemann,3,A01,3,S,G
460,0,0.890625,Riemann,3,A01,3,S,S
461,0,0.7228915662650603,Riemann,3,A01,3,S,mix
462,0,0.56328125,Riemann,4,A01,3,S,G
463,0,0.9289062499999999,Riemann,4,A01,3,S,S
464,0,0.8164967562557923,Riemann,4,A01,3,S,mix
465,0,0.5859375,Riemann,5,A01,3,S,G
466,0,0.8328125000000001,Riemann,5,A01,3,S,S
467,0,0.8062678062678064,Riemann,5,A01,3,S,mix
468,0,0.7081881533101045,Riemann,0,A01,3,mix,G
469,0,0.9398954703832754,Riemann,0,A01,3,mix,S
470,0,0.74609375,Riemann,0,A01,3,mix,mix
471,0,0.5974025974025974,Riemann,1,A01,3,mix,G
472,0,0.8660287081339713,Riemann,1,A01,3,mix,S
473,0,0.80078125,Riemann,1,A01,3,mix,mix
474,0,0.6695156695156695,Riemann,2,A01,3,mix,G
475,0,0.9309116809116809,Riemann,2,A01,3,mix,S
476,0,0.6765625,Riemann,2,A01,3,mix,mix
477,0,0.632404181184669,Riemann,3,A01,3,mix,G
478,0,0.9581881533101045,Riemann,3,A01,3,mix,S
479,0,0.6742187500000001,Riemann,3,A01,3,mix,mix
480,0,0.582716049382716,Riemann,4,A01,3,mix,G
481,0,0.9234567901234568,Riemann,4,A01,3,mix,S
482,0,0.6929687499999999,Riemann,4,A01,3,mix,mix
483,0,0.6640625,Riemann,5,A01,3,mix,G
484,0,0.84765625,Riemann,5,A01,3,mix,S
485,0,0.8,Riemann,5,A01,3,mix,mix
486,0,0.8538461538461538,Riemann,0,A10,1,G,G
487,0,0.5451923076923078,Riemann,0,A10,1,G,S
488,0,0.6185064935064934,Riemann,0,A10,1,G,mix
489,0,0.805128205128205,Riemann,1,A10,1,G,G
490,0,0.5074074074074074,Riemann,1,A10,1,G,S
491,0,0.6431888544891642,Riemann,1,A10,1,G,mix
492,0,0.8641025641025641,Riemann,2,A10,1,G,G
493,0,0.4836538461538462,Riemann,2,A10,1,G,S
494,0,0.8359788359788359,Riemann,2,A10,1,G,mix
495,0,0.9367521367521368,Riemann,3,A10,1,G,G
496,0,0.4272445820433436,Riemann,3,A10,1,G,S
497,0,0.883363471971067,Riemann,3,A10,1,G,mix
498,0,0.8271103896103896,Riemann,4,A10,1,G,G
499,0,0.6229656419529838,Riemann,4,A10,1,G,S
500,0,0.6957671957671957,Riemann,4,A10,1,G,mix
501,0,0.9025974025974026,Riemann,5,A10,1,G,G
502,0,0.6570370370370371,Riemann,5,A10,1,G,S
503,0,0.8511111111111112,Riemann,5,A10,1,G,mix
504,0,0.5668724279835391,Riemann,0,A10,1,S,G
505,0,0.9811965811965813,Riemann,0,A10,1,S,S
506,0,0.7990384615384616,Riemann,0,A10,1,S,mix
507,0,0.5743034055727555,Riemann,1,A10,1,S,G
508,0,0.9905982905982906,Riemann,1,A10,1,S,S
509,0,0.724025974025974,Riemann,1,A10,1,S,mix
510,0,0.4930340557275542,Riemann,2,A10,1,S,G
511,0,0.9948717948717949,Riemann,2,A10,1,S,S
512,0,0.8630030959752322,Riemann,2,A10,1,S,mix
513,0,0.6220614828209765,Riemann,3,A10,1,S,G
514,0,0.9642857142857142,Riemann,3,A10,1,S,S
515,0,0.7278481012658229,Riemann,3,A10,1,S,mix
516,0,0.6187766714082504,Riemann,4,A10,1,S,G
517,0,0.9837662337662337,Riemann,4,A10,1,S,S
518,0,0.8284250960307299,Riemann,4,A10,1,S,mix
519,0,0.4384615384615384,Riemann,5,A10,1,S,G
520,0,0.9358766233766235,Riemann,5,A10,1,S,S
521,0,0.8250000000000001,Riemann,5,A10,1,S,mix
522,0,0.7253012048192771,Riemann,0,A10,1,mix,G
523,0,0.957871396895787,Riemann,0,A10,1,mix,S
524,0,0.9128205128205128,Riemann,0,A10,1,mix,mix
525,0,0.8374613003095975,Riemann,1,A10,1,mix,G
526,0,1.0,Riemann,1,A10,1,mix,S
527,0,0.8936688311688312,Riemann,1,A10,1,mix,mix
528,0,0.8351393188854489,Riemann,2,A10,1,mix,G
529,0,0.9814814814814815,Riemann,2,A10,1,mix,S
530,0,0.8928571428571428,Riemann,2,A10,1,mix,mix
531,0,0.7570370370370371,Riemann,3,A10,1,mix,G
532,0,0.9552795031055901,Riemann,3,A10,1,mix,S
533,0,0.9204545454545454,Riemann,3,A10,1,mix,mix
534,0,0.7581196581196581,Riemann,4,A10,1,mix,G
535,0,0.9104938271604939,Riemann,4,A10,1,mix,S
536,0,0.799512987012987,Riemann,4,A10,1,mix,mix
537,0,0.6923076923076924,Riemann,5,A10,1,mix,G
538,0,0.9722222222222223,Riemann,5,A10,1,mix,S
539,0,0.7751623376623377,Riemann,5,A10,1,mix,mix
540,0,0.8043290043290043,Riemann,0,A10,2,G,G
541,0,0.4568452380952381,Riemann,0,A10,2,G,S
542,0,0.68993993993994,Riemann,0,A10,2,G,mix
543,0,0.8268398268398269,Riemann,1,A10,2,G,G
544,0,0.5885885885885886,Riemann,1,A10,2,G,S
545,0,0.7765567765567766,Riemann,1,A10,2,G,mix
546,0,0.9445887445887446,Riemann,2,A10,2,G,G
547,0,0.4490131578947369,Riemann,2,A10,2,G,S
548,0,0.560032894736842,Riemann,2,A10,2,G,mix
549,0,0.7238095238095238,Riemann,3,A10,2,G,G
550,0,0.5578078078078078,Riemann,3,A10,2,G,S
551,0,0.8104395604395604,Riemann,3,A10,2,G,mix
552,0,0.7847866419294991,Riemann,4,A10,2,G,G
553,0,0.26704545454545453,Riemann,4,A10,2,G,S
554,0,0.6350210970464134,Riemann,4,A10,2,G,mix
555,0,0.8200371057513914,Riemann,5,A10,2,G,G
556,0,0.38473767885532595,Riemann,5,A10,2,G,S
557,0,0.5305907172995781,Riemann,5,A10,2,G,mix
558,0,0.3930735930735931,Riemann,0,A10,2,S,G
559,0,0.9670995670995671,Riemann,0,A10,2,S,S
560,0,0.6655443322109988,Riemann,0,A10,2,S,mix
561,0,0.5465032444124008,Riemann,1,A10,2,S,G
562,0,0.9064935064935065,Riemann,1,A10,2,S,S
563,0,0.8047058823529412,Riemann,1,A10,2,S,mix
564,0,0.3623529411764706,Riemann,2,A10,2,S,G
565,0,0.9688311688311688,Riemann,2,A10,2,S,S
566,0,0.7655677655677656,Riemann,2,A10,2,S,mix
567,0,0.3939393939393939,Riemann,3,A10,2,S,G
568,0,1.0,Riemann,3,A10,2,S,S
569,0,0.7362637362637363,Riemann,3,A10,2,S,mix
570,0,0.5352272727272727,Riemann,4,A10,2,S,G
571,0,0.9897959183673469,Riemann,4,A10,2,S,S
572,0,0.8483333333333334,Riemann,4,A10,2,S,mix
573,0,0.4815789473684211,Riemann,5,A10,2,S,G
574,0,0.9369202226345084,Riemann,5,A10,2,S,S
575,0,0.6781076066790352,Riemann,5,A10,2,S,mix
576,0,0.722077922077922,Riemann,0,A10,2,mix,G
577,0,0.9161184210526316,Riemann,0,A10,2,mix,S
578,0,0.8873626373626373,Riemann,0,A10,2,mix,mix
579,0,0.7394894894894896,Riemann,1,A10,2,mix,G
580,0,0.9481981981981982,Riemann,1,A10,2,mix,S
581,0,0.7307692307692307,Riemann,1,A10,2,mix,mix
582,0,0.7670995670995671,Riemann,2,A10,2,mix,G
583,0,0.9102564102564104,Riemann,2,A10,2,mix,S
584,0,0.8164502164502165,Riemann,2,A10,2,mix,mix
585,0,0.6726726726726727,Riemann,3,A10,2,mix,G
586,0,0.9776046738072055,Riemann,3,A10,2,mix,S
587,0,0.7116883116883117,Riemann,3,A10,2,mix,mix
588,0,0.7295454545454546,Riemann,4,A10,2,mix,G
589,0,0.9920454545454546,Riemann,4,A10,2,mix,S
590,0,0.8654916512059369,Riemann,4,A10,2,mix,mix
591,0,0.8250000000000001,Riemann,5,A10,2,mix,G
592,0,0.8966666666666667,Riemann,5,A10,2,mix,S
593,0,0.8617810760667903,Riemann,5,A10,2,mix,mix
594,0,0.9352380952380952,Riemann,0,A10,3,G,G
595,0,0.3354978354978355,Riemann,0,A10,3,G,S
596,0,0.667004048582996,Riemann,0,A10,3,G,mix
597,0,0.9180952380952382,Riemann,1,A10,3,G,G
598,0,0.598458904109589,Riemann,1,A10,3,G,S
599,0,0.5334967320261438,Riemann,1,A10,3,G,mix
600,0,0.8612612612612612,Riemann,2,A10,3,G,G
601,0,0.2593984962406015,Riemann,2,A10,3,G,S
602,0,0.6761904761904762,Riemann,2,A10,3,G,mix
603,0,0.8945945945945946,Riemann,3,A10,3,G,G
604,0,0.5853658536585366,Riemann,3,A10,3,G,S
605,0,0.7267206477732793,Riemann,3,A10,3,G,mix
606,0,0.836036036036036,Riemann,4,A10,3,G,G
607,0,0.33809523809523806,Riemann,4,A10,3,G,S
608,0,0.7361111111111112,Riemann,4,A10,3,G,mix
609,0,0.8774131274131274,Riemann,5,A10,3,G,G
610,0,0.5198412698412699,Riemann,5,A10,3,G,S
611,0,0.7205479452054795,Riemann,5,A10,3,G,mix
612,0,0.517156862745098,Riemann,0,A10,3,S,G
613,0,0.9838095238095238,Riemann,0,A10,3,S,S
614,0,0.7469635627530365,Riemann,0,A10,3,S,mix
615,0,0.5265822784810127,Riemann,1,A10,3,S,G
616,0,0.9828571428571429,Riemann,1,A10,3,S,S
617,0,0.758095238095238,Riemann,1,A10,3,S,mix
618,0,0.49019607843137253,Riemann,2,A10,3,S,G
619,0,0.9180952380952381,Riemann,2,A10,3,S,S
620,0,0.8441780821917808,Riemann,2,A10,3,S,mix
621,0,0.44234234234234227,Riemann,3,A10,3,S,G
622,0,0.9936936936936938,Riemann,3,A10,3,S,S
623,0,0.8251633986928105,Riemann,3,A10,3,S,mix
624,0,0.41609589041095885,Riemann,4,A10,3,S,G
625,0,0.9846846846846847,Riemann,4,A10,3,S,S
626,0,0.7711711711711713,Riemann,4,A10,3,S,mix
627,0,0.45723684210526316,Riemann,5,A10,3,S,G
628,0,0.971042471042471,Riemann,5,A10,3,S,S
629,0,0.6293436293436293,Riemann,5,A10,3,S,mix
630,0,0.7824675324675325,Riemann,0,A10,3,mix,G
631,0,0.9453781512605043,Riemann,0,A10,3,mix,S
632,0,0.8081081081081082,Riemann,0,A10,3,mix,mix
633,0,0.7233082706766917,Riemann,1,A10,3,mix,G
634,0,0.9145021645021645,Riemann,1,A10,3,mix,S
635,0,0.8288288288288288,Riemann,1,A10,3,mix,mix
636,0,0.7942857142857143,Riemann,2,A10,3,mix,G
637,0,0.981081081081081,Riemann,2,A10,3,mix,S
638,0,0.8333333333333334,Riemann,2,A10,3,mix,mix
639,0,0.7676190476190476,Riemann,3,A10,3,mix,G
640,0,0.993006993006993,Riemann,3,A10,3,mix,S
641,0,0.7891891891891891,Riemann,3,A10,3,mix,mix
642,0,0.7072072072072072,Riemann,4,A10,3,mix,G
643,0,0.9523809523809524,Riemann,4,A10,3,mix,S
644,0,0.8450450450450451,Riemann,4,A10,3,mix,mix
645,0,0.8328205128205128,Riemann,5,A10,3,mix,G
646,0,0.96986301369863,Riemann,5,A10,3,mix,S
647,0,0.8957528957528957,Riemann,5,A10,3,mix,mix
648,0,0.809375,Riemann,0,A02,1,G,G
649,0,0.66796875,Riemann,0,A02,1,G,S
650,0,0.6933797909407665,Riemann,0,A02,1,G,mix
651,0,0.9242187500000001,Riemann,1,A02,1,G,G
652,0,0.5882812499999999,Riemann,1,A02,1,G,S
653,0,0.753125,Riemann,1,A02,1,G,mix
654,0,0.81015625,Riemann,2,A02,1,G,G
655,0,0.5796874999999999,Riemann,2,A02,1,G,S
656,0,0.7506172839506173,Riemann,2,A02,1,G,mix
657,0,0.8156249999999999,Riemann,3,A02,1,G,G
658,0,0.73828125,Riemann,3,A02,1,G,S
659,0,0.679835390946502,Riemann,3,A02,1,G,mix
660,0,0.7796875,Riemann,4,A02,1,G,G
661,0,0.41718749999999993,Riemann,4,A02,1,G,S
662,0,0.7064459930313589,Riemann,4,A02,1,G,mix
663,0,0.8656250000000001,Riemann,5,A02,1,G,G
664,0,0.67890625,Riemann,5,A02,1,G,S
665,0,0.7879690291840381,Riemann,5,A02,1,G,mix
666,0,0.5249999999999999,Riemann,0,A02,1,S,G
667,0,0.953125,Riemann,0,A02,1,S,S
668,0,0.7442075996292864,Riemann,0,A02,1,S,mix
669,0,0.60625,Riemann,1,A02,1,S,G
670,0,0.978125,Riemann,1,A02,1,S,S
671,0,0.7407407407407408,Riemann,1,A02,1,S,mix
672,0,0.709375,Riemann,2,A02,1,S,G
673,0,0.953125,Riemann,2,A02,1,S,S
674,0,0.8975580702799285,Riemann,2,A02,1,S,mix
675,0,0.71171875,Riemann,3,A02,1,S,G
676,0,0.990625,Riemann,3,A02,1,S,S
677,0,0.8675213675213675,Riemann,3,A02,1,S,mix
678,0,0.61015625,Riemann,4,A02,1,S,G
679,0,0.8999999999999999,Riemann,4,A02,1,S,S
680,0,0.7364110201042442,Riemann,4,A02,1,S,mix
681,0,0.4828125,Riemann,5,A02,1,S,G
682,0,0.9265625,Riemann,5,A02,1,S,S
683,0,0.6171122994652406,Riemann,5,A02,1,S,mix
684,0,0.7709059233449477,Riemann,0,A02,1,mix,G
685,0,0.8954703832752613,Riemann,0,A02,1,mix,S
686,0,0.78359375,Riemann,0,A02,1,mix,mix
687,0,0.7311988086373791,Riemann,1,A02,1,mix,G
688,0,0.9985107967237529,Riemann,1,A02,1,mix,S
689,0,0.71875,Riemann,1,A02,1,mix,mix
690,0,0.7279562542720437,Riemann,2,A02,1,mix,G
691,0,0.8844839371155161,Riemann,2,A02,1,mix,S
692,0,0.8375,Riemann,2,A02,1,mix,mix
693,0,0.7164473684210526,Riemann,3,A02,1,mix,G
694,0,0.9782894736842105,Riemann,3,A02,1,mix,S
695,0,0.8406250000000001,Riemann,3,A02,1,mix,mix
696,0,0.7909407665505226,Riemann,4,A02,1,mix,G
697,0,0.9538327526132404,Riemann,4,A02,1,mix,S
698,0,0.8234375,Riemann,4,A02,1,mix,mix
699,0,0.7678571428571428,Riemann,5,A02,1,mix,G
700,0,0.9226190476190476,Riemann,5,A02,1,mix,S
701,0,0.7967237527922563,Riemann,5,A02,1,mix,mix
702,0,0.89140625,Riemann,0,A02,2,G,G
703,0,0.6124999999999999,Riemann,0,A02,2,G,S
704,0,0.8347578347578347,Riemann,0,A02,2,G,mix
705,0,0.78203125,Riemann,1,A02,2,G,G
706,0,0.8015625,Riemann,1,A02,2,G,S
707,0,0.7554687499999999,Riemann,1,A02,2,G,mix
708,0,0.796875,Riemann,2,A02,2,G,G
709,0,0.77578125,Riemann,2,A02,2,G,S
710,0,0.9036144578313253,Riemann,2,A02,2,G,mix
711,0,0.86484375,Riemann,3,A02,2,G,G
712,0,0.571875,Riemann,3,A02,2,G,S
713,0,0.8427983539094649,Riemann,3,A02,2,G,mix
714,0,0.7867187499999999,Riemann,4,A02,2,G,G
715,0,0.85234375,Riemann,4,A02,2,G,S
716,0,0.8823045267489712,Riemann,4,A02,2,G,mix
717,0,0.8609375,Riemann,5,A02,2,G,G
718,0,0.77109375,Riemann,5,A02,2,G,S
719,0,0.8769651401230348,Riemann,5,A02,2,G,mix
720,0,0.7562499999999999,Riemann,0,A02,2,S,G
721,0,0.99296875,Riemann,0,A02,2,S,S
722,0,0.9125,Riemann,0,A02,2,S,mix
723,0,0.7234375000000001,Riemann,1,A02,2,S,G
724,0,0.95703125,Riemann,1,A02,2,S,S
725,0,0.8510796723752793,Riemann,1,A02,2,S,mix
726,0,0.78828125,Riemann,2,A02,2,S,G
727,0,0.9898437499999999,Riemann,2,A02,2,S,S
728,0,0.9032894736842105,Riemann,2,A02,2,S,mix
729,0,0.6609375000000001,Riemann,3,A02,2,S,G
730,0,0.975,Riemann,3,A02,2,S,S
731,0,0.8693379790940766,Riemann,3,A02,2,S,mix
732,0,0.7039062500000001,Riemann,4,A02,2,S,G
733,0,0.96875,Riemann,4,A02,2,S,S
734,0,0.8032085561497326,Riemann,4,A02,2,S,mix
735,0,0.675,Riemann,5,A02,2,S,G
736,0,0.95625,Riemann,5,A02,2,S,S
737,0,0.8568376068376069,Riemann,5,A02,2,S,mix
738,0,0.8640625000000001,Riemann,0,A02,2,mix,G
739,0,0.9578125,Riemann,0,A02,2,mix,S
740,0,0.8507812499999999,Riemann,0,A02,2,mix,mix
741,0,0.7473867595818815,Riemann,1,A02,2,mix,G
742,0,0.9668989547038327,Riemann,1,A02,2,mix,S
743,0,0.8976562499999999,Riemann,1,A02,2,mix,mix
744,0,0.784375,Riemann,2,A02,2,mix,G
745,0,0.93359375,Riemann,2,A02,2,mix,S
746,0,0.90625,Riemann,2,A02,2,mix,mix
747,0,0.8571428571428572,Riemann,3,A02,2,mix,G
748,0,0.9682539682539681,Riemann,3,A02,2,mix,S
749,0,0.86171875,Riemann,3,A02,2,mix,mix
750,0,0.798780487804878,Riemann,4,A02,2,mix,G
751,0,0.9686411149825784,Riemann,4,A02,2,mix,S
752,0,0.87578125,Riemann,4,A02,2,mix,mix
753,0,0.8090534979423869,Riemann,5,A02,2,mix,G
754,0,0.974485596707819,Riemann,5,A02,2,mix,S
755,0,0.8640625,Riemann,5,A02,2,mix,mix
756,0,0.81796875,Riemann,0,A02,3,G,G
757,0,0.7296874999999999,Riemann,0,A02,3,G,S
758,0,0.8093819806403574,Riemann,0,A02,3,G,mix
759,0,0.6859375,Riemann,1,A02,3,G,G
760,0,0.6953125,Riemann,1,A02,3,G,S
761,0,0.639572192513369,Riemann,1,A02,3,G,mix
762,0,0.8,Riemann,2,A02,3,G,G
763,0,0.6242187499999999,Riemann,2,A02,3,G,S
764,0,0.7301587301587301,Riemann,2,A02,3,G,mix
765,0,0.70390625,Riemann,3,A02,3,G,G
766,0,0.659375,Riemann,3,A02,3,G,S
767,0,0.740625,Riemann,3,A02,3,G,mix
768,0,0.721875,Riemann,4,A02,3,G,G
769,0,0.5984375,Riemann,4,A02,3,G,S
770,0,0.726598702502317,Riemann,4,A02,3,G,mix
771,0,0.83203125,Riemann,5,A02,3,G,G
772,0,0.65625,Riemann,5,A02,3,G,S
773,0,0.7001424501424502,Riemann,5,A02,3,G,mix
774,0,0.6953125,Riemann,0,A02,3,S,G
775,0,0.95859375,Riemann,0,A02,3,S,S
776,0,0.8708133971291865,Riemann,0,A02,3,S,mix
777,0,0.6921875,Riemann,1,A02,3,S,G
778,0,0.940625,Riemann,1,A02,3,S,S
779,0,0.8362139917695472,Riemann,1,A02,3,S,mix
780,0,0.6351562500000001,Riemann,2,A02,3,S,G
781,0,0.9828125,Riemann,2,A02,3,S,S
782,0,0.8301393728222995,Riemann,2,A02,3,S,mix
783,0,0.6515625,Riemann,3,A02,3,S,G
784,0,0.9359375,Riemann,3,A02,3,S,S
785,0,0.8189300411522634,Riemann,3,A02,3,S,mix
786,0,0.54453125,Riemann,4,A02,3,S,G
787,0,0.87265625,Riemann,4,A02,3,S,S
788,0,0.8362369337979094,Riemann,4,A02,3,S,mix
789,0,0.54140625,Riemann,5,A02,3,S,G
790,0,0.9562499999999999,Riemann,5,A02,3,S,S
791,0,0.8263841421736158,Riemann,5,A02,3,S,mix
792,0,0.7578397212543555,Riemann,0,A02,3,mix,G
793,0,0.9764808362369338,Riemann,0,A02,3,mix,S
794,0,0.86875,Riemann,0,A02,3,mix,mix
795,0,0.6930963773069035,Riemann,1,A02,3,mix,G
796,0,0.8735475051264525,Riemann,1,A02,3,mix,S
797,0,0.8773437500000001,Riemann,1,A02,3,mix,mix
798,0,0.8226495726495726,Riemann,2,A02,3,mix,G
799,0,0.9494301994301995,Riemann,2,A02,3,mix,S
800,0,0.87421875,Riemann,2,A02,3,mix,mix
801,0,0.7058823529411765,Riemann,3,A02,3,mix,G
802,0,0.9625668449197861,Riemann,3,A02,3,mix,S
803,0,0.8843749999999999,Riemann,3,A02,3,mix,mix
804,0,0.6798212956068502,Riemann,4,A02,3,mix,G
805,0,0.9113924050632911,Riemann,4,A02,3,mix,S
806,0,0.67578125,Riemann,4,A02,3,mix,mix
807,0,0.6612062546537603,Riemann,5,A02,3,mix,G
808,0,0.9560685033507074,Riemann,5,A02,3,mix,S
809,0,0.8140625,Riemann,5,A02,3,mix,mix
810,0,0.6042194092827003,Riemann,0,A05,1,G,G
811,0,0.6464135021097046,Riemann,0,A05,1,G,S
812,0,0.6767932489451477,Riemann,0,A05,1,G,mix
813,0,0.7274261603375527,Riemann,1,A05,1,G,G
814,0,0.6217948717948718,Riemann,1,A05,1,G,S
815,0,0.6364912280701754,Riemann,1,A05,1,G,mix
816,0,0.670673076923077,Riemann,2,A05,1,G,G
817,0,0.6546474358974359,Riemann,2,A05,1,G,S
818,0,0.7071729957805908,Riemann,2,A05,1,G,mix
819,0,0.8084935897435898,Riemann,3,A05,1,G,G
820,0,0.6608097784568373,Riemann,3,A05,1,G,S
821,0,0.7317073170731707,Riemann,3,A05,1,G,mix
822,0,0.7115384615384615,Riemann,4,A05,1,G,G
823,0,0.6001602564102564,Riemann,4,A05,1,G,S
824,0,0.7785714285714286,Riemann,4,A05,1,G,mix
825,0,0.7219551282051282,Riemann,5,A05,1,G,G
826,0,0.6453252032520325,Riemann,5,A05,1,G,S
827,0,0.7950877192982456,Riemann,5,A05,1,G,mix
828,0,0.6000000000000001,Riemann,0,A05,1,S,G
829,0,0.9662447257383966,Riemann,0,A05,1,S,S
830,0,0.8189457601222306,Riemann,0,A05,1,S,mix
831,0,0.5577485380116959,Riemann,1,A05,1,S,G
832,0,0.9459915611814347,Riemann,1,A05,1,S,S
833,0,0.8445512820512819,Riemann,1,A05,1,S,mix
834,0,0.5016429353778752,Riemann,2,A05,1,S,G
835,0,0.9679324894514768,Riemann,2,A05,1,S,S
836,0,0.8033625730994152,Riemann,2,A05,1,S,mix
837,0,0.5805907172995781,Riemann,3,A05,1,S,G
838,0,0.9451476793248945,Riemann,3,A05,1,S,S
839,0,0.7799707602339181,Riemann,3,A05,1,S,mix
840,0,0.560672514619883,Riemann,4,A05,1,S,G
841,0,0.9791666666666666,Riemann,4,A05,1,S,S
842,0,0.6630952380952381,Riemann,4,A05,1,S,mix
843,0,0.6524064171122994,Riemann,5,A05,1,S,G
844,0,0.905448717948718,Riemann,5,A05,1,S,S
845,0,0.7831223628691983,Riemann,5,A05,1,S,mix
846,0,0.5994152046783626,Riemann,0,A05,1,mix,G
847,0,0.8750000000000001,Riemann,0,A05,1,mix,S
848,0,0.8531645569620253,Riemann,0,A05,1,mix,mix
849,0,0.676829268292683,Riemann,1,A05,1,mix,G
850,0,0.9286858974358974,Riemann,1,A05,1,mix,S
851,0,0.7729957805907173,Riemann,1,A05,1,mix,mix
852,0,0.5723684210526316,Riemann,2,A05,1,mix,G
853,0,0.9269005847953216,Riemann,2,A05,1,mix,S
854,0,0.7636217948717949,Riemann,2,A05,1,mix,mix
855,0,0.6413502109704642,Riemann,3,A05,1,mix,G
856,0,0.9802847754654983,Riemann,3,A05,1,mix,S
857,0,0.7780448717948718,Riemann,3,A05,1,mix,mix
858,0,0.740084388185654,Riemann,4,A05,1,mix,G
859,0,0.9883928571428572,Riemann,4,A05,1,mix,S
860,0,0.811698717948718,Riemann,4,A05,1,mix,mix
861,0,0.8173076923076923,Riemann,5,A05,1,mix,G
862,0,0.9396485867074102,Riemann,5,A05,1,mix,S
863,0,0.8733974358974359,Riemann,5,A05,1,mix,mix
864,0,0.6176948051948052,Riemann,0,A05,2,G,G
865,0,0.6707818930041152,Riemann,0,A05,2,G,S
866,0,0.5960170697012802,Riemann,0,A05,2,G,mix
867,0,0.7849025974025974,Riemann,1,A05,2,G,G
868,0,0.6034246575342465,Riemann,1,A05,2,G,S
869,0,0.6392592592592593,Riemann,1,A05,2,G,mix
870,0,0.631578947368421,Riemann,2,A05,2,G,G
871,0,0.535686274509804,Riemann,2,A05,2,G,S
872,0,0.5634118967452301,Riemann,2,A05,2,G,mix
873,0,0.7454545454545455,Riemann,3,A05,2,G,G
874,0,0.551219512195122,Riemann,3,A05,2,G,S
875,0,0.6875,Riemann,3,A05,2,G,mix
876,0,0.6216450216450217,Riemann,4,A05,2,G,G
877,0,0.6138888888888889,Riemann,4,A05,2,G,S
878,0,0.7475328947368421,Riemann,4,A05,2,G,mix
879,0,0.7333333333333334,Riemann,5,A05,2,G,G
880,0,0.701219512195122,Riemann,5,A05,2,G,S
881,0,0.6831501831501832,Riemann,5,A05,2,G,mix
882,0,0.49999999999999994,Riemann,0,A05,2,S,G
883,0,0.9606837606837607,Riemann,0,A05,2,S,S
884,0,0.7471153846153846,Riemann,0,A05,2,S,mix
885,0,0.4641025641025641,Riemann,1,A05,2,S,G
886,0,0.9470085470085471,Riemann,1,A05,2,S,S
887,0,0.6645569620253164,Riemann,1,A05,2,S,mix
888,0,0.584313725490196,Riemann,2,A05,2,S,G
889,0,0.9471861471861471,Riemann,2,A05,2,S,S
890,0,0.7087912087912088,Riemann,2,A05,2,S,mix
891,0,0.6208791208791209,Riemann,3,A05,2,S,G
892,0,0.9515151515151515,Riemann,3,A05,2,S,S
893,0,0.8955592105263159,Riemann,3,A05,2,S,mix
894,0,0.5653923541247485,Riemann,4,A05,2,S,G
895,0,0.9264069264069265,Riemann,4,A05,2,S,S
896,0,0.8134845620667925,Riemann,4,A05,2,S,mix
897,0,0.6272893772893773,Riemann,5,A05,2,S,G
898,0,0.9258241758241759,Riemann,5,A05,2,S,S
899,0,0.8292682926829269,Riemann,5,A05,2,S,mix
900,0,0.4753086419753087,Riemann,0,A05,2,mix,G
901,0,0.9708994708994708,Riemann,0,A05,2,mix,S
902,0,0.7384615384615385,Riemann,0,A05,2,mix,mix
903,0,0.6482820976491863,Riemann,1,A05,2,mix,G
904,0,0.9650205761316872,Riemann,1,A05,2,mix,S
905,0,0.7777777777777778,Riemann,1,A05,2,mix,mix
906,0,0.6959459459459459,Riemann,2,A05,2,mix,G
907,0,0.8682926829268294,Riemann,2,A05,2,mix,S
908,0,0.703896103896104,Riemann,2,A05,2,mix,mix
909,0,0.6951951951951951,Riemann,3,A05,2,mix,G
910,0,0.9169407894736843,Riemann,3,A05,2,mix,S
911,0,0.8216450216450216,Riemann,3,A05,2,mix,mix
912,0,0.6679649464459592,Riemann,4,A05,2,mix,G
913,0,0.9409090909090909,Riemann,4,A05,2,mix,S
914,0,0.7783549783549784,Riemann,4,A05,2,mix,mix
915,0,0.6644144144144144,Riemann,5,A05,2,mix,G
916,0,0.9701388888888889,Riemann,5,A05,2,mix,S
917,0,0.7818181818181819,Riemann,5,A05,2,mix,mix
918,0,0.6658333333333334,Riemann,0,A05,3,G,G
919,0,0.6656626506024096,Riemann,0,A05,3,G,S
920,0,0.6385281385281385,Riemann,0,A05,3,G,mix
921,0,0.7871835443037974,Riemann,1,A05,3,G,G
922,0,0.520923520923521,Riemann,1,A05,3,G,S
923,0,0.6659125188536953,Riemann,1,A05,3,G,mix
924,0,0.7112341772151898,Riemann,2,A05,3,G,G
925,0,0.6569664902998237,Riemann,2,A05,3,G,S
926,0,0.5610859728506787,Riemann,2,A05,3,G,mix
927,0,0.6186708860759493,Riemann,3,A05,3,G,G
928,0,0.6282051282051283,Riemann,3,A05,3,G,S
929,0,0.6339999999999999,Riemann,3,A05,3,G,mix
930,0,0.6337025316455697,Riemann,4,A05,3,G,G
931,0,0.5294117647058824,Riemann,4,A05,3,G,S
932,0,0.7286392405063291,Riemann,4,A05,3,G,mix
933,0,0.7444620253164558,Riemann,5,A05,3,G,G
934,0,0.6365007541478129,Riemann,5,A05,3,G,S
935,0,0.7508333333333332,Riemann,5,A05,3,G,mix
936,0,0.5735930735930735,Riemann,0,A05,3,S,G
937,0,0.9591666666666666,Riemann,0,A05,3,S,S
938,0,0.8593073593073592,Riemann,0,A05,3,S,mix
939,0,0.6181657848324515,Riemann,1,A05,3,S,G
940,0,0.9636075949367089,Riemann,1,A05,3,S,S
941,0,0.9516666666666667,Riemann,1,A05,3,S,mix
942,0,0.5108571428571429,Riemann,2,A05,3,S,G
943,0,0.925632911392405,Riemann,2,A05,3,S,S
944,0,0.7873333333333333,Riemann,2,A05,3,S,mix
945,0,0.47231012658227844,Riemann,3,A05,3,S,G
946,0,0.8789556962025317,Riemann,3,A05,3,S,S
947,0,0.7814258911819887,Riemann,3,A05,3,S,mix
948,0,0.645021645021645,Riemann,4,A05,3,S,G
949,0,0.9414556962025317,Riemann,4,A05,3,S,S
950,0,0.8708333333333333,Riemann,4,A05,3,S,mix
951,0,0.6547619047619047,Riemann,5,A05,3,S,G
952,0,0.9683544303797469,Riemann,5,A05,3,S,S
953,0,0.8833333333333334,Riemann,5,A05,3,S,mix
954,0,0.5623268698060941,Riemann,0,A05,3,mix,G
955,0,0.9491666666666667,Riemann,0,A05,3,mix,S
956,0,0.810126582278481,Riemann,0,A05,3,mix,mix
957,0,0.6666666666666667,Riemann,1,A05,3,mix,G
958,0,0.9415584415584415,Riemann,1,A05,3,mix,S
959,0,0.810126582278481,Riemann,1,A05,3,mix,mix
960,0,0.654320987654321,Riemann,2,A05,3,mix,G
961,0,0.9013333333333333,Riemann,2,A05,3,mix,S
962,0,0.8006329113924051,Riemann,2,A05,3,mix,mix
963,0,0.7148217636022515,Riemann,3,A05,3,mix,G
964,0,0.9343354430379747,Riemann,3,A05,3,mix,S
965,0,0.8789556962025317,Riemann,3,A05,3,mix,mix
966,0,0.5495169082125604,Riemann,4,A05,3,mix,G
967,0,0.9572784810126582,Riemann,4,A05,3,mix,S
968,0,0.7254746835443039,Riemann,4,A05,3,mix,mix
969,0,0.6287477954144621,Riemann,5,A05,3,mix,G
970,0,0.9743589743589743,Riemann,5,A05,3,mix,S
971,0,0.9042721518987341,Riemann,5,A05,3,mix,mix
972,0,0.70703125,Riemann,0,A06,1,G,G
973,0,0.58046875,Riemann,0,A06,1,G,S
974,0,0.613960113960114,Riemann,0,A06,1,G,mix
975,0,0.5648437500000001,Riemann,1,A06,1,G,G
976,0,0.7632812499999999,Riemann,1,A06,1,G,S
977,0,0.5335937500000001,Riemann,1,A06,1,G,mix
978,0,0.5710937500000001,Riemann,2,A06,1,G,G
979,0,0.8015625,Riemann,2,A06,1,G,S
980,0,0.5300411522633744,Riemann,2,A06,1,G,mix
981,0,0.70546875,Riemann,3,A06,1,G,G
982,0,0.4875,Riemann,3,A06,1,G,S
983,0,0.6342105263157893,Riemann,3,A06,1,G,mix
984,0,0.6796875,Riemann,4,A06,1,G,G
985,0,0.6835937499999999,Riemann,4,A06,1,G,S
986,0,0.65859375,Riemann,4,A06,1,G,mix
987,0,0.75,Riemann,5,A06,1,G,G
988,0,0.6281249999999999,Riemann,5,A06,1,G,S
989,0,0.6468253968253969,Riemann,5,A06,1,G,mix
990,0,0.521875,Riemann,0,A06,1,S,G
991,0,0.8921875,Riemann,0,A06,1,S,S
992,0,0.6135310472659871,Riemann,0,A06,1,S,mix
993,0,0.63515625,Riemann,1,A06,1,S,G
994,0,0.90390625,Riemann,1,A06,1,S,S
995,0,0.7588477366255144,Riemann,1,A06,1,S,mix
996,0,0.53828125,Riemann,2,A06,1,S,G
997,0,0.89765625,Riemann,2,A06,1,S,S
998,0,0.806432400238237,Riemann,2,A06,1,S,mix
999,0,0.64140625,Riemann,3,A06,1,S,G
1000,0,0.83984375,Riemann,3,A06,1,S,S
1001,0,0.8044485634847081,Riemann,3,A06,1,S,mix
1002,0,0.71953125,Riemann,4,A06,1,S,G
1003,0,0.91875,Riemann,4,A06,1,S,S
1004,0,0.8717948717948718,Riemann,4,A06,1,S,mix
1005,0,0.5765625,Riemann,5,A06,1,S,G
1006,0,0.9015625,Riemann,5,A06,1,S,S
1007,0,0.7958847736625514,Riemann,5,A06,1,S,mix
1008,0,0.6331908831908831,Riemann,0,A06,1,mix,G
1009,0,0.9472934472934473,Riemann,0,A06,1,mix,S
1010,0,0.6976562500000001,Riemann,0,A06,1,mix,mix
1011,0,0.61875,Riemann,1,A06,1,mix,G
1012,0,0.9109375,Riemann,1,A06,1,mix,S
1013,0,0.659375,Riemann,1,A06,1,mix,mix
1014,0,0.580789277736411,Riemann,2,A06,1,mix,G
1015,0,0.8793745346239762,Riemann,2,A06,1,mix,S
1016,0,0.6546875,Riemann,2,A06,1,mix,mix
1017,0,0.58828125,Riemann,3,A06,1,mix,G
1018,0,0.990625,Riemann,3,A06,1,mix,S
1019,0,0.7406250000000001,Riemann,3,A06,1,mix,mix
1020,0,0.36607142857142855,Riemann,4,A06,1,mix,G
1021,0,0.9573412698412699,Riemann,4,A06,1,mix,S
1022,0,0.61171875,Riemann,4,A06,1,mix,mix
1023,0,0.6604616530156366,Riemann,5,A06,1,mix,G
1024,0,0.885331347728965,Riemann,5,A06,1,mix,S
1025,0,0.6358897989575577,Riemann,5,A06,1,mix,mix
1026,0,0.59609375,Riemann,0,A06,2,G,G
1027,0,0.69296875,Riemann,0,A06,2,G,S
1028,0,0.7289473684210526,Riemann,0,A06,2,G,mix
1029,0,0.69140625,Riemann,1,A06,2,G,G
1030,0,0.6609375,Riemann,1,A06,2,G,S
1031,0,0.6867469879518071,Riemann,1,A06,2,G,mix
1032,0,0.68984375,Riemann,2,A06,2,G,G
1033,0,0.64609375,Riemann,2,A06,2,G,S
1034,0,0.5827160493827162,Riemann,2,A06,2,G,mix
1035,0,0.67109375,Riemann,3,A06,2,G,G
1036,0,0.54296875,Riemann,3,A06,2,G,S
1037,0,0.6823045267489711,Riemann,3,A06,2,G,mix
1038,0,0.71640625,Riemann,4,A06,2,G,G
1039,0,0.503125,Riemann,4,A06,2,G,S
1040,0,0.7124999999999999,Riemann,4,A06,2,G,mix
1041,0,0.5796874999999999,Riemann,5,A06,2,G,G
1042,0,0.5625,Riemann,5,A06,2,G,S
1043,0,0.5941921072226359,Riemann,5,A06,2,G,mix
1044,0,0.4609375,Riemann,0,A06,2,S,G
1045,0,0.8671875,Riemann,0,A06,2,S,S
1046,0,0.77066269545793,Riemann,0,A06,2,S,mix
1047,0,0.50390625,Riemann,1,A06,2,S,G
1048,0,0.8625,Riemann,1,A06,2,S,S
1049,0,0.7778537252221462,Riemann,1,A06,2,S,mix
1050,0,0.66640625,Riemann,2,A06,2,S,G
1051,0,0.7890625,Riemann,2,A06,2,S,S
1052,0,0.8562918838421444,Riemann,2,A06,2,S,mix
1053,0,0.6203125,Riemann,3,A06,2,S,G
1054,0,0.8703124999999999,Riemann,3,A06,2,S,S
1055,0,0.9156249999999999,Riemann,3,A06,2,S,mix
1056,0,0.5531250000000001,Riemann,4,A06,2,S,G
1057,0,0.840625,Riemann,4,A06,2,S,S
1058,0,0.808362369337979,Riemann,4,A06,2,S,mix
1059,0,0.55390625,Riemann,5,A06,2,S,G
1060,0,0.8742187499999999,Riemann,5,A06,2,S,S
1061,0,0.8331788693234476,Riemann,5,A06,2,S,mix
1062,0,0.6737891737891738,Riemann,0,A06,2,mix,G
1063,0,0.891025641025641,Riemann,0,A06,2,mix,S
1064,0,0.76796875,Riemann,0,A06,2,mix,mix
1065,0,0.578544061302682,Riemann,1,A06,2,mix,G
1066,0,0.8786717752234994,Riemann,1,A06,2,mix,S
1067,0,0.73046875,Riemann,1,A06,2,mix,mix
1068,0,0.5609375000000001,Riemann,2,A06,2,mix,G
1069,0,0.9312499999999999,Riemann,2,A06,2,mix,S
1070,0,0.6937500000000001,Riemann,2,A06,2,mix,mix
1071,0,0.71015625,Riemann,3,A06,2,mix,G
1072,0,0.83046875,Riemann,3,A06,2,mix,S
1073,0,0.80859375,Riemann,3,A06,2,mix,mix
1074,0,0.5543403964456596,Riemann,4,A06,2,mix,G
1075,0,0.936431989063568,Riemann,4,A06,2,mix,S
1076,0,0.7015625000000001,Riemann,4,A06,2,mix,mix
1077,0,0.5797720797720798,Riemann,5,A06,2,mix,G
1078,0,0.8532763532763533,Riemann,5,A06,2,mix,S
1079,0,0.6609375,Riemann,5,A06,2,mix,mix
1080,0,0.5578124999999999,Riemann,0,A06,3,G,G
1081,0,0.68359375,Riemann,0,A06,3,G,S
1082,0,0.5646090534979424,Riemann,0,A06,3,G,mix
1083,0,0.7984375,Riemann,1,A06,3,G,G
1084,0,0.5640624999999999,Riemann,1,A06,3,G,S
1085,0,0.768303985171455,Riemann,1,A06,3,G,mix
1086,0,0.63671875,Riemann,2,A06,3,G,G
1087,0,0.49921875000000004,Riemann,2,A06,3,G,S
1088,0,0.6467236467236468,Riemann,2,A06,3,G,mix
1089,0,0.7125,Riemann,3,A06,3,G,G
1090,0,0.58515625,Riemann,3,A06,3,G,S
1091,0,0.6104824300178678,Riemann,3,A06,3,G,mix
1092,0,0.7203124999999999,Riemann,4,A06,3,G,G
1093,0,0.61640625,Riemann,4,A06,3,G,S
1094,0,0.7918263090676885,Riemann,4,A06,3,G,mix
1095,0,0.7265625,Riemann,5,A06,3,G,G
1096,0,0.63203125,Riemann,5,A06,3,G,S
1097,0,0.6517094017094018,Riemann,5,A06,3,G,mix
1098,0,0.47187499999999993,Riemann,0,A06,3,S,G
1099,0,0.7921874999999999,Riemann,0,A06,3,S,S
1100,0,0.6823361823361823,Riemann,0,A06,3,S,mix
1101,0,0.63671875,Riemann,1,A06,3,S,G
1102,0,0.890625,Riemann,1,A06,3,S,S
1103,0,0.8181818181818182,Riemann,1,A06,3,S,mix
1104,0,0.81484375,Riemann,2,A06,3,S,G
1105,0,0.93203125,Riemann,2,A06,3,S,S
1106,0,0.9017125837676843,Riemann,2,A06,3,S,mix
1107,0,0.5734375,Riemann,3,A06,3,S,G
1108,0,0.95546875,Riemann,3,A06,3,S,S
1109,0,0.7542735042735044,Riemann,3,A06,3,S,mix
1110,0,0.55625,Riemann,4,A06,3,S,G
1111,0,0.8203125,Riemann,4,A06,3,S,S
1112,0,0.7738095238095237,Riemann,4,A06,3,S,mix
1113,0,0.59921875,Riemann,5,A06,3,S,G
1114,0,0.9156249999999999,Riemann,5,A06,3,S,S
1115,0,0.933531746031746,Riemann,5,A06,3,S,mix
1116,0,0.6362139917695474,Riemann,0,A06,3,mix,G
1117,0,0.8781893004115227,Riemann,0,A06,3,mix,S
1118,0,0.72578125,Riemann,0,A06,3,mix,mix
1119,0,0.7099303135888502,Riemann,1,A06,3,mix,G
1120,0,0.9050522648083623,Riemann,1,A06,3,mix,S
1121,0,0.7875,Riemann,1,A06,3,mix,mix
1122,0,0.686411149825784,Riemann,2,A06,3,mix,G
1123,0,0.8963414634146342,Riemann,2,A06,3,mix,S
1124,0,0.753125,Riemann,2,A06,3,mix,mix
1125,0,0.6456223942823109,Riemann,3,A06,3,mix,G
1126,0,0.9374627754615843,Riemann,3,A06,3,mix,S
1127,0,0.65546875,Riemann,3,A06,3,mix,mix
1128,0,0.7554687499999999,Riemann,4,A06,3,mix,G
1129,0,0.903125,Riemann,4,A06,3,mix,S
1130,0,0.728125,Riemann,4,A06,3,mix,mix
1131,0,0.6245644599303136,Riemann,5,A06,3,mix,G
1132,0,0.9486062717770035,Riemann,5,A06,3,mix,S
1133,0,0.671875,Riemann,5,A06,3,mix,mix
1134,0,0.4777777777777778,Riemann,0,A07,1,G,G
1135,0,0.5506329113924051,Riemann,0,A07,1,G,S
1136,0,0.3435897435897436,Riemann,0,A07,1,G,mix
1137,0,0.48295454545454547,Riemann,1,A07,1,G,G
1138,0,0.5976491862567812,Riemann,1,A07,1,G,S
1139,0,0.530741410488246,Riemann,1,A07,1,G,mix
1140,0,0.5367965367965368,Riemann,2,A07,1,G,G
1141,0,0.45148026315789475,Riemann,2,A07,1,G,S
1142,0,0.5463203463203463,Riemann,2,A07,1,G,mix
1143,0,0.5844155844155844,Riemann,3,A07,1,G,G
1144,0,0.6733601070950468,Riemann,3,A07,1,G,S
1145,0,0.4023529411764706,Riemann,3,A07,1,G,mix
1146,0,0.5593073593073594,Riemann,4,A07,1,G,G
1147,0,0.5223692501575299,Riemann,4,A07,1,G,S
1148,0,0.6200657894736842,Riemann,4,A07,1,G,mix
1149,0,0.49783549783549785,Riemann,5,A07,1,G,G
1150,0,0.7142857142857142,Riemann,5,A07,1,G,S
1151,0,0.4587912087912088,Riemann,5,A07,1,G,mix
1152,0,0.5092592592592593,Riemann,0,A07,1,S,G
1153,0,0.8452991452991453,Riemann,0,A07,1,S,S
1154,0,0.6182692307692308,Riemann,0,A07,1,S,mix
1155,0,0.5696296296296296,Riemann,1,A07,1,S,G
1156,0,0.849025974025974,Riemann,1,A07,1,S,S
1157,0,0.8400974025974027,Riemann,1,A07,1,S,mix
1158,0,0.49719416386083054,Riemann,2,A07,1,S,G
1159,0,0.9307359307359307,Riemann,2,A07,1,S,S
1160,0,0.8692640692640693,Riemann,2,A07,1,S,mix
1161,0,0.5457957957957957,Riemann,3,A07,1,S,G
1162,0,0.8008658008658008,Riemann,3,A07,1,S,S
1163,0,0.7322297955209348,Riemann,3,A07,1,S,mix
1164,0,0.46321321321321324,Riemann,4,A07,1,S,G
1165,0,0.9047619047619047,Riemann,4,A07,1,S,S
1166,0,0.6521381578947367,Riemann,4,A07,1,S,mix
1167,0,0.6831501831501832,Riemann,5,A07,1,S,G
1168,0,0.8294372294372294,Riemann,5,A07,1,S,S
1169,0,0.9121621621621622,Riemann,5,A07,1,S,mix
1170,0,0.3521367521367522,Riemann,0,A07,1,mix,G
1171,0,0.9379001280409731,Riemann,0,A07,1,mix,S
1172,0,0.6068376068376068,Riemann,0,A07,1,mix,mix
1173,0,0.541025641025641,Riemann,1,A07,1,mix,G
1174,0,0.791095890410959,Riemann,1,A07,1,mix,S
1175,0,0.5722402597402597,Riemann,1,A07,1,mix,mix
1176,0,0.5209347614410906,Riemann,2,A07,1,mix,G
1177,0,0.8658618376928237,Riemann,2,A07,1,mix,S
1178,0,0.5125541125541127,Riemann,2,A07,1,mix,mix
1179,0,0.5345666991236612,Riemann,3,A07,1,mix,G
1180,0,1.0,Riemann,3,A07,1,mix,S
1181,0,0.5748917748917749,Riemann,3,A07,1,mix,mix
1182,0,0.42970439798125454,Riemann,4,A07,1,mix,G
1183,0,0.8823529411764706,Riemann,4,A07,1,mix,S
1184,0,0.574025974025974,Riemann,4,A07,1,mix,mix
1185,0,0.4136513157894737,Riemann,5,A07,1,mix,G
1186,0,0.9133398247322299,Riemann,5,A07,1,mix,S
1187,0,0.5991341991341992,Riemann,5,A07,1,mix,mix
1188,0,0.6685126582278481,Riemann,0,A07,2,G,G
1189,0,0.5176366843033511,Riemann,0,A07,2,G,S
1190,0,0.7393822393822393,Riemann,0,A07,2,G,mix
1191,0,0.5300632911392404,Riemann,1,A07,2,G,G
1192,0,0.48694779116465864,Riemann,1,A07,2,G,S
1193,0,0.4993333333333333,Riemann,1,A07,2,G,mix
1194,0,0.6518987341772152,Riemann,2,A07,2,G,G
1195,0,0.5,Riemann,2,A07,2,G,S
1196,0,0.6475,Riemann,2,A07,2,G,mix
1197,0,0.549367088607595,Riemann,3,A07,2,G,G
1198,0,0.6546982429335371,Riemann,3,A07,2,G,S
1199,0,0.5783132530120482,Riemann,3,A07,2,G,mix
1200,0,0.5172995780590718,Riemann,4,A07,2,G,G
1201,0,0.6189024390243902,Riemann,4,A07,2,G,S
1202,0,0.5865384615384616,Riemann,4,A07,2,G,mix
1203,0,0.6430379746835444,Riemann,5,A07,2,G,G
1204,0,0.5492424242424243,Riemann,5,A07,2,G,S
1205,0,0.5821428571428572,Riemann,5,A07,2,G,mix
1206,0,0.46640826873385016,Riemann,0,A07,2,S,G
1207,0,0.9549050632911392,Riemann,0,A07,2,S,S
1208,0,0.8283333333333334,Riemann,0,A07,2,S,mix
1209,0,0.48326898326898327,Riemann,1,A07,2,S,G
1210,0,0.8449367088607596,Riemann,1,A07,2,S,S
1211,0,0.8217503217503217,Riemann,1,A07,2,S,mix
1212,0,0.39655172413793105,Riemann,2,A07,2,S,G
1213,0,0.8109177215189873,Riemann,2,A07,2,S,S
1214,0,0.7965367965367965,Riemann,2,A07,2,S,mix
1215,0,0.5446428571428571,Riemann,3,A07,2,S,G
1216,0,0.9704641350210971,Riemann,3,A07,2,S,S
1217,0,0.7241830065359477,Riemann,3,A07,2,S,mix
1218,0,0.7165775401069518,Riemann,4,A07,2,S,G
1219,0,0.9232067510548524,Riemann,4,A07,2,S,S
1220,0,0.8126582278481013,Riemann,4,A07,2,S,mix
1221,0,0.5898809523809523,Riemann,5,A07,2,S,G
1222,0,0.8548523206751055,Riemann,5,A07,2,S,S
1223,0,0.8080808080808081,Riemann,5,A07,2,S,mix
1224,0,0.7579113924050632,Riemann,0,A07,2,mix,G
1225,0,0.9628514056224898,Riemann,0,A07,2,mix,S
1226,0,0.6985759493670886,Riemann,0,A07,2,mix,mix
1227,0,0.5516666666666666,Riemann,1,A07,2,mix,G
1228,0,0.8932980599647267,Riemann,1,A07,2,mix,S
1229,0,0.7056962025316456,Riemann,1,A07,2,mix,mix
1230,0,0.5395569620253164,Riemann,2,A07,2,mix,G
1231,0,0.9170274170274171,Riemann,2,A07,2,mix,S
1232,0,0.5949367088607596,Riemann,2,A07,2,mix,mix
1233,0,0.5324894514767933,Riemann,3,A07,2,mix,G
1234,0,0.8647822765469825,Riemann,3,A07,2,mix,S
1235,0,0.7468354430379748,Riemann,3,A07,2,mix,mix
1236,0,0.6898395721925134,Riemann,4,A07,2,mix,G
1237,0,0.9316455696202531,Riemann,4,A07,2,mix,S
1238,0,0.6953586497890296,Riemann,4,A07,2,mix,mix
1239,0,0.55,Riemann,5,A07,2,mix,G
1240,0,0.8197097020626433,Riemann,5,A07,2,mix,S
1241,0,0.621097046413502,Riemann,5,A07,2,mix,mix
1242,0,0.45299145299145305,Riemann,0,A07,3,G,G
1243,0,0.5317337461300309,Riemann,0,A07,3,G,S
1244,0,0.6306584362139918,Riemann,0,A07,3,G,mix
1245,0,0.3974358974358974,Riemann,1,A07,3,G,G
1246,0,0.6581196581196581,Riemann,1,A07,3,G,S
1247,0,0.5771604938271605,Riemann,1,A07,3,G,mix
1248,0,0.37435897435897436,Riemann,2,A07,3,G,G
1249,0,0.6459627329192547,Riemann,2,A07,3,G,S
1250,0,0.5725462304409672,Riemann,2,A07,3,G,mix
1251,0,0.5251623376623377,Riemann,3,A07,3,G,G
1252,0,0.5154320987654321,Riemann,3,A07,3,G,S
1253,0,0.5961538461538461,Riemann,3,A07,3,G,mix
1254,0,0.5284090909090908,Riemann,4,A07,3,G,G
1255,0,0.5665188470066519,Riemann,4,A07,3,G,S
1256,0,0.4315068493150685,Riemann,4,A07,3,G,mix
1257,0,0.37142857142857144,Riemann,5,A07,3,G,G
1258,0,0.569620253164557,Riemann,5,A07,3,G,S
1259,0,0.4624542124542125,Riemann,5,A07,3,G,mix
1260,0,0.538878842676311,Riemann,0,A07,3,S,G
1261,0,0.7017094017094017,Riemann,0,A07,3,S,S
1262,0,0.7605769230769232,Riemann,0,A07,3,S,mix
1263,0,0.4342105263157895,Riemann,1,A07,3,S,G
1264,0,0.8213675213675213,Riemann,1,A07,3,S,S
1265,0,0.8029629629629629,Riemann,1,A07,3,S,mix
1266,0,0.6365280289330922,Riemann,2,A07,3,S,G
1267,0,0.7324786324786324,Riemann,2,A07,3,S,S
1268,0,0.8599071207430341,Riemann,2,A07,3,S,mix
1269,0,0.7435064935064936,Riemann,3,A07,3,S,G
1270,0,0.7717948717948717,Riemann,3,A07,3,S,S
1271,0,0.847008547008547,Riemann,3,A07,3,S,mix
1272,0,0.4526748971193416,Riemann,4,A07,3,S,G
1273,0,0.7337662337662337,Riemann,4,A07,3,S,S
1274,0,0.7490384615384615,Riemann,4,A07,3,S,mix
1275,0,0.5602018745493872,Riemann,5,A07,3,S,G
1276,0,0.8744588744588745,Riemann,5,A07,3,S,S
1277,0,0.7811355311355311,Riemann,5,A07,3,S,mix
1278,0,0.44358974358974357,Riemann,0,A07,3,mix,G
1279,0,0.7653846153846154,Riemann,0,A07,3,mix,S
1280,0,0.6196581196581196,Riemann,0,A07,3,mix,mix
1281,0,0.4674502712477396,Riemann,1,A07,3,mix,G
1282,0,0.9566003616636528,Riemann,1,A07,3,mix,S
1283,0,0.6598290598290598,Riemann,1,A07,3,mix,mix
1284,0,0.6785714285714285,Riemann,2,A07,3,mix,G
1285,0,0.8423076923076924,Riemann,2,A07,3,mix,S
1286,0,0.7974358974358974,Riemann,2,A07,3,mix,mix
1287,0,0.5576298701298702,Riemann,3,A07,3,mix,G
1288,0,0.8192592592592592,Riemann,3,A07,3,mix,S
1289,0,0.6299145299145299,Riemann,3,A07,3,mix,mix
1290,0,0.557037037037037,Riemann,4,A07,3,mix,G
1291,0,0.7694805194805195,Riemann,4,A07,3,mix,S
1292,0,0.6230769230769231,Riemann,4,A07,3,mix,mix
1293,0,0.6465433300876339,Riemann,5,A07,3,mix,G
1294,0,0.855686274509804,Riemann,5,A07,3,mix,S
1295,0,0.7463203463203463,Riemann,5,A07,3,mix,mix
1296,0,0.8253205128205128,Riemann,0,A03,1,G,G
1297,0,0.7527027027027028,Riemann,0,A03,1,G,S
1298,0,0.7397910731244065,Riemann,0,A03,1,G,mix
1299,0,0.8068910256410258,Riemann,1,A03,1,G,G
1300,0,0.5451092117758785,Riemann,1,A03,1,G,S
1301,0,0.7333333333333333,Riemann,1,A03,1,G,mix
1302,0,0.8205128205128206,Riemann,2,A03,1,G,G
1303,0,0.5792181069958848,Riemann,2,A03,1,G,S
1304,0,0.7105769230769231,Riemann,2,A03,1,G,mix
1305,0,0.9615384615384616,Riemann,3,A03,1,G,G
1306,0,0.7397058823529412,Riemann,3,A03,1,G,S
1307,0,0.8244444444444443,Riemann,3,A03,1,G,mix
1308,0,0.9188311688311688,Riemann,4,A03,1,G,G
1309,0,0.6671408250355618,Riemann,4,A03,1,G,S
1310,0,0.7393162393162394,Riemann,4,A03,1,G,mix
1311,0,0.7775974025974026,Riemann,5,A03,1,G,G
1312,0,0.6858465608465608,Riemann,5,A03,1,G,S
1313,0,0.7123287671232877,Riemann,5,A03,1,G,mix
1314,0,0.6919831223628692,Riemann,0,A03,1,S,G
1315,0,0.9070512820512819,Riemann,0,A03,1,S,S
1316,0,0.8329113924050634,Riemann,0,A03,1,S,mix
1317,0,0.6647727272727273,Riemann,1,A03,1,S,G
1318,0,0.7940705128205128,Riemann,1,A03,1,S,S
1319,0,0.8630050505050506,Riemann,1,A03,1,S,mix
1320,0,0.7048364153627312,Riemann,2,A03,1,S,G
1321,0,0.7341880341880341,Riemann,2,A03,1,S,S
1322,0,0.7652916073968705,Riemann,2,A03,1,S,mix
1323,0,0.823051948051948,Riemann,3,A03,1,S,G
1324,0,0.7188034188034189,Riemann,3,A03,1,S,S
1325,0,0.868312757201646,Riemann,3,A03,1,S,mix
1326,0,0.7304526748971194,Riemann,4,A03,1,S,G
1327,0,0.7760683760683761,Riemann,4,A03,1,S,S
1328,0,0.8427350427350427,Riemann,4,A03,1,S,mix
1329,0,0.5734939759036145,Riemann,5,A03,1,S,G
1330,0,0.7784090909090909,Riemann,5,A03,1,S,S
1331,0,0.975609756097561,Riemann,5,A03,1,S,mix
1332,0,0.8036669213139802,Riemann,0,A03,1,mix,G
1333,0,0.8472222222222222,Riemann,0,A03,1,mix,S
1334,0,0.7772435897435898,Riemann,0,A03,1,mix,mix
1335,0,0.7839285714285714,Riemann,1,A03,1,mix,G
1336,0,0.8125,Riemann,1,A03,1,mix,S
1337,0,0.7844551282051282,Riemann,1,A03,1,mix,mix
1338,0,0.7280844155844156,Riemann,2,A03,1,mix,G
1339,0,0.9867724867724867,Riemann,2,A03,1,mix,S
1340,0,0.723931623931624,Riemann,2,A03,1,mix,mix
1341,0,0.6918518518518519,Riemann,3,A03,1,mix,G
1342,0,0.8692307692307693,Riemann,3,A03,1,mix,S
1343,0,0.7623931623931623,Riemann,3,A03,1,mix,mix
1344,0,0.8423076923076923,Riemann,4,A03,1,mix,G
1345,0,0.8173701298701298,Riemann,4,A03,1,mix,S
1346,0,0.7881493506493507,Riemann,4,A03,1,mix,mix
1347,0,0.7767857142857142,Riemann,5,A03,1,mix,G
1348,0,0.8452012383900929,Riemann,5,A03,1,mix,S
1349,0,0.7337662337662337,Riemann,5,A03,1,mix,mix
1350,0,0.8189102564102565,Riemann,0,A03,2,G,G
1351,0,0.6944232238349886,Riemann,0,A03,2,G,S
1352,0,0.9065040650406504,Riemann,0,A03,2,G,mix
1353,0,0.8827004219409282,Riemann,1,A03,2,G,G
1354,0,0.793918918918919,Riemann,1,A03,2,G,S
1355,0,0.8974358974358975,Riemann,1,A03,2,G,mix
1356,0,0.9544303797468354,Riemann,2,A03,2,G,G
1357,0,0.7729957805907173,Riemann,2,A03,2,G,S
1358,0,0.877923976608187,Riemann,2,A03,2,G,mix
1359,0,0.8185654008438819,Riemann,3,A03,2,G,G
1360,0,0.7428571428571429,Riemann,3,A03,2,G,S
1361,0,0.8487394957983193,Riemann,3,A03,2,G,mix
1362,0,0.8170940170940171,Riemann,4,A03,2,G,G
1363,0,0.7848101265822786,Riemann,4,A03,2,G,S
1364,0,0.7445205479452054,Riemann,4,A03,2,G,mix
1365,0,0.8316239316239317,Riemann,5,A03,2,G,G
1366,0,0.737012987012987,Riemann,5,A03,2,G,S
1367,0,0.7664609053497943,Riemann,5,A03,2,G,mix
1368,0,0.7679324894514769,Riemann,0,A03,2,S,G
1369,0,0.9847756410256411,Riemann,0,A03,2,S,S
1370,0,0.9190705128205129,Riemann,0,A03,2,S,mix
1371,0,0.7633928571428571,Riemann,1,A03,2,S,G
1372,0,0.9142628205128205,Riemann,1,A03,2,S,S
1373,0,0.8978902953586498,Riemann,1,A03,2,S,mix
1374,0,0.8449122807017544,Riemann,2,A03,2,S,G
1375,0,0.9029535864978904,Riemann,2,A03,2,S,S
1376,0,0.9221052631578947,Riemann,2,A03,2,S,mix
1377,0,0.5985772357723578,Riemann,3,A03,2,S,G
1378,0,0.9147679324894514,Riemann,3,A03,2,S,S
1379,0,0.9553571428571428,Riemann,3,A03,2,S,mix
1380,0,0.7509615384615385,Riemann,4,A03,2,S,G
1381,0,0.9487179487179488,Riemann,4,A03,2,S,S
1382,0,0.8176470588235294,Riemann,4,A03,2,S,mix
1383,0,0.6651851851851851,Riemann,5,A03,2,S,G
1384,0,0.970940170940171,Riemann,5,A03,2,S,S
1385,0,0.95,Riemann,5,A03,2,S,mix
1386,0,0.8725961538461539,Riemann,0,A03,2,mix,G
1387,0,0.9561403508771931,Riemann,0,A03,2,mix,S
1388,0,0.9326923076923076,Riemann,0,A03,2,mix,mix
1389,0,0.9107142857142857,Riemann,1,A03,2,mix,G
1390,0,0.9667616334283,Riemann,1,A03,2,mix,S
1391,0,0.8854166666666667,Riemann,1,A03,2,mix,mix
1392,0,0.6659649122807018,Riemann,2,A03,2,mix,G
1393,0,0.9660714285714286,Riemann,2,A03,2,mix,S
1394,0,0.8143459915611815,Riemann,2,A03,2,mix,mix
1395,0,0.8438818565400844,Riemann,3,A03,2,mix,G
1396,0,0.9182582123758595,Riemann,3,A03,2,mix,S
1397,0,0.8970464135021098,Riemann,3,A03,2,mix,mix
1398,0,0.8698010849909584,Riemann,4,A03,2,mix,G
1399,0,0.9645232815964524,Riemann,4,A03,2,mix,S
1400,0,0.9461538461538462,Riemann,4,A03,2,mix,mix
1401,0,0.7567307692307692,Riemann,5,A03,2,mix,G
1402,0,0.9841269841269841,Riemann,5,A03,2,mix,S
1403,0,0.8247863247863247,Riemann,5,A03,2,mix,mix
1404,0,0.8962025316455696,Riemann,0,A03,3,G,G
1405,0,0.5592055003819709,Riemann,0,A03,3,G,S
1406,0,0.6776165011459129,Riemann,0,A03,3,G,mix
1407,0,0.8525641025641026,Riemann,1,A03,3,G,G
1408,0,0.5925925925925926,Riemann,1,A03,3,G,S
1409,0,0.6068376068376069,Riemann,1,A03,3,G,mix
1410,0,0.8068910256410257,Riemann,2,A03,3,G,G
1411,0,0.6210970464135022,Riemann,2,A03,3,G,S
1412,0,0.7083333333333334,Riemann,2,A03,3,G,mix
1413,0,0.8743589743589744,Riemann,3,A03,3,G,G
1414,0,0.597037037037037,Riemann,3,A03,3,G,S
1415,0,0.7377777777777778,Riemann,3,A03,3,G,mix
1416,0,0.8393162393162393,Riemann,4,A03,3,G,G
1417,0,0.5202922077922079,Riemann,4,A03,3,G,S
1418,0,0.6730769230769231,Riemann,4,A03,3,G,mix
1419,0,0.841880341880342,Riemann,5,A03,3,G,G
1420,0,0.42043399638336343,Riemann,5,A03,3,G,S
1421,0,0.7489711934156379,Riemann,5,A03,3,G,mix
1422,0,0.5370511841100076,Riemann,0,A03,3,S,G
1423,0,0.9719551282051282,Riemann,0,A03,3,S,S
1424,0,0.7772151898734178,Riemann,0,A03,3,S,mix
1425,0,0.3515881708652793,Riemann,1,A03,3,S,G
1426,0,0.90625,Riemann,1,A03,3,S,S
1427,0,0.8077485380116959,Riemann,1,A03,3,S,mix
1428,0,0.5432692307692308,Riemann,2,A03,3,S,G
1429,0,0.9623397435897436,Riemann,2,A03,3,S,S
1430,0,0.9232142857142858,Riemann,2,A03,3,S,mix
1431,0,0.5596153846153846,Riemann,3,A03,3,S,G
1432,0,0.9572649572649572,Riemann,3,A03,3,S,S
1433,0,0.7727272727272727,Riemann,3,A03,3,S,mix
1434,0,0.5241820768136557,Riemann,4,A03,3,S,G
1435,0,0.9769230769230769,Riemann,4,A03,3,S,S
1436,0,0.7964396284829721,Riemann,4,A03,3,S,mix
1437,0,0.6590909090909091,Riemann,5,A03,3,S,G
1438,0,0.9452991452991453,Riemann,5,A03,3,S,S
1439,0,0.9358766233766234,Riemann,5,A03,3,S,mix
1440,0,0.7511904761904762,Riemann,0,A03,3,mix,G
1441,0,0.9547619047619048,Riemann,0,A03,3,mix,S
1442,0,0.8185654008438819,Riemann,0,A03,3,mix,mix
1443,0,0.7418699186991871,Riemann,1,A03,3,mix,G
1444,0,0.9046474358974359,Riemann,1,A03,3,mix,S
1445,0,0.8219409282700423,Riemann,1,A03,3,mix,mix
1446,0,0.6529680365296804,Riemann,2,A03,3,mix,G
1447,0,0.9557894736842105,Riemann,2,A03,3,mix,S
1448,0,0.8541666666666666,Riemann,2,A03,3,mix,mix
1449,0,0.6777777777777778,Riemann,3,A03,3,mix,G
1450,0,0.9394213381555154,Riemann,3,A03,3,mix,S
1451,0,0.7401709401709402,Riemann,3,A03,3,mix,mix
1452,0,0.8824593128390597,Riemann,4,A03,3,mix,G
1453,0,0.9520123839009288,Riemann,4,A03,3,mix,S
1454,0,0.9008547008547009,Riemann,4,A03,3,mix,mix
1455,0,0.7445820433436532,Riemann,5,A03,3,mix,G
1456,0,0.9287925696594428,Riemann,5,A03,3,mix,S
1457,0,0.7282051282051282,Riemann,5,A03,3,mix,mix
1458,0,0.7825,Riemann,0,A04,1,G,G
1459,0,0.700603318250377,Riemann,0,A04,1,G,S
1460,0,0.71,Riemann,0,A04,1,G,mix
1461,0,0.615506329113924,Riemann,1,A04,1,G,G
1462,0,0.6760461760461761,Riemann,1,A04,1,G,S
1463,0,0.6726998491704375,Riemann,1,A04,1,G,mix
1464,0,0.7998417721518988,Riemann,2,A04,1,G,G
1465,0,0.6749622926093515,Riemann,2,A04,1,G,S
1466,0,0.675,Riemann,2,A04,1,G,mix
1467,0,0.7531645569620253,Riemann,3,A04,1,G,G
1468,0,0.6216666666666667,Riemann,3,A04,1,G,S
1469,0,0.577861163227017,Riemann,3,A04,1,G,mix
1470,0,0.6416139240506329,Riemann,4,A04,1,G,G
1471,0,0.6357466063348416,Riemann,4,A04,1,G,S
1472,0,0.6053391053391053,Riemann,4,A04,1,G,mix
1473,0,0.7064873417721519,Riemann,5,A04,1,G,G
1474,0,0.6363636363636365,Riemann,5,A04,1,G,S
1475,0,0.7308802308802308,Riemann,5,A04,1,G,mix
1476,0,0.713855421686747,Riemann,0,A04,1,S,G
1477,0,0.8875000000000001,Riemann,0,A04,1,S,S
1478,0,0.8818342151675485,Riemann,0,A04,1,S,mix
1479,0,0.4947209653092006,Riemann,1,A04,1,S,G
1480,0,0.9406645569620253,Riemann,1,A04,1,S,S
1481,0,0.7510822510822511,Riemann,1,A04,1,S,mix
1482,0,0.53,Riemann,2,A04,1,S,G
1483,0,0.981012658227848,Riemann,2,A04,1,S,S
1484,0,0.8737373737373737,Riemann,2,A04,1,S,mix
1485,0,0.6341991341991342,Riemann,3,A04,1,S,G
1486,0,0.8947784810126582,Riemann,3,A04,1,S,S
1487,0,0.7974683544303798,Riemann,3,A04,1,S,mix
1488,0,0.5466666666666666,Riemann,4,A04,1,S,G
1489,0,0.8837025316455696,Riemann,4,A04,1,S,S
1490,0,0.834054834054834,Riemann,4,A04,1,S,mix
1491,0,0.7207792207792207,Riemann,5,A04,1,S,G
1492,0,0.8916139240506329,Riemann,5,A04,1,S,S
1493,0,0.8767313019390581,Riemann,5,A04,1,S,mix
1494,0,0.5984555984555984,Riemann,0,A04,1,mix,G
1495,0,0.9513333333333334,Riemann,0,A04,1,mix,S
1496,0,0.7112341772151899,Riemann,0,A04,1,mix,mix
1497,0,0.6471518987341771,Riemann,1,A04,1,mix,G
1498,0,0.9023529411764706,Riemann,1,A04,1,mix,S
1499,0,0.7776898734177216,Riemann,1,A04,1,mix,mix
1500,0,0.6904315196998124,Riemann,2,A04,1,mix,G
1501,0,0.9382911392405063,Riemann,2,A04,1,mix,S
1502,0,0.9050632911392404,Riemann,2,A04,1,mix,mix
1503,0,0.525,Riemann,3,A04,1,mix,G
1504,0,0.9906191369606004,Riemann,3,A04,1,mix,S
1505,0,0.7468354430379747,Riemann,3,A04,1,mix,mix
1506,0,0.7358333333333333,Riemann,4,A04,1,mix,G
1507,0,0.9651898734177216,Riemann,4,A04,1,mix,S
1508,0,0.7587025316455697,Riemann,4,A04,1,mix,mix
1509,0,0.6158333333333332,Riemann,5,A04,1,mix,G
1510,0,0.9746666666666667,Riemann,5,A04,1,mix,S
1511,0,0.6685126582278481,Riemann,5,A04,1,mix,mix
1512,0,0.7632812499999999,Riemann,0,A04,2,G,G
1513,0,0.655921052631579,Riemann,0,A04,2,G,S
1514,0,0.6377306903622693,Riemann,0,A04,2,G,mix
1515,0,0.66640625,Riemann,1,A04,2,G,G
1516,0,0.5930232558139534,Riemann,1,A04,2,G,S
1517,0,0.6663577386468953,Riemann,1,A04,2,G,mix
1518,0,0.7562500000000001,Riemann,2,A04,2,G,G
1519,0,0.68359375,Riemann,2,A04,2,G,S
1520,0,0.6902457185405808,Riemann,2,A04,2,G,mix
1521,0,0.6566455696202532,Riemann,3,A04,2,G,G
1522,0,0.6629746835443038,Riemann,3,A04,2,G,S
1523,0,0.583529411764706,Riemann,3,A04,2,G,mix
1524,0,0.7151898734177216,Riemann,4,A04,2,G,G
1525,0,0.5783333333333334,Riemann,4,A04,2,G,S
1526,0,0.6553333333333333,Riemann,4,A04,2,G,mix
1527,0,0.7241666666666667,Riemann,5,A04,2,G,G
1528,0,0.5346320346320346,Riemann,5,A04,2,G,S
1529,0,0.5537974683544304,Riemann,5,A04,2,G,mix
1530,0,0.5222146274777854,Riemann,0,A04,2,S,G
1531,0,0.85234375,Riemann,0,A04,2,S,S
1532,0,0.7339682539682539,Riemann,0,A04,2,S,mix
1533,0,0.5227103499627699,Riemann,1,A04,2,S,G
1534,0,0.8374999999999999,Riemann,1,A04,2,S,S
1535,0,0.9094076655052264,Riemann,1,A04,2,S,mix
1536,0,0.6070435588507878,Riemann,2,A04,2,S,G
1537,0,0.828125,Riemann,2,A04,2,S,S
1538,0,0.8921810699588477,Riemann,2,A04,2,S,mix
1539,0,0.4726631393298061,Riemann,3,A04,2,S,G
1540,0,0.9327531645569621,Riemann,3,A04,2,S,S
1541,0,0.5890652557319225,Riemann,3,A04,2,S,mix
1542,0,0.7391666666666666,Riemann,4,A04,2,S,G
1543,0,0.8583860759493671,Riemann,4,A04,2,S,S
1544,0,0.9058333333333333,Riemann,4,A04,2,S,mix
1545,0,0.7171945701357466,Riemann,5,A04,2,S,G
1546,0,0.7883333333333333,Riemann,5,A04,2,S,S
1547,0,0.8718354430379748,Riemann,5,A04,2,S,mix
1548,0,0.5638157894736843,Riemann,0,A04,2,mix,G
1549,0,0.8773946360153256,Riemann,0,A04,2,mix,S
1550,0,0.6695312499999999,Riemann,0,A04,2,mix,mix
1551,0,0.6328125,Riemann,1,A04,2,mix,G
1552,0,0.8337209302325582,Riemann,1,A04,2,mix,S
1553,0,0.6867187499999999,Riemann,1,A04,2,mix,mix
1554,0,0.5755297334244702,Riemann,2,A04,2,mix,G
1555,0,0.913192071086808,Riemann,2,A04,2,mix,S
1556,0,0.61796875,Riemann,2,A04,2,mix,mix
1557,0,0.4991181657848325,Riemann,3,A04,2,mix,G
1558,0,0.8937793427230047,Riemann,3,A04,2,mix,S
1559,0,0.5925632911392404,Riemann,3,A04,2,mix,mix
1560,0,0.7310126582278481,Riemann,4,A04,2,mix,G
1561,0,0.9664502164502164,Riemann,4,A04,2,mix,S
1562,0,0.7515822784810127,Riemann,4,A04,2,mix,mix
1563,0,0.691764705882353,Riemann,5,A04,2,mix,G
1564,0,0.8337484433374844,Riemann,5,A04,2,mix,S
1565,0,0.7966666666666667,Riemann,5,A04,2,mix,mix
1566,0,0.8109177215189872,Riemann,0,A04,3,G,G
1567,0,0.6947791164658634,Riemann,0,A04,3,G,S
1568,0,0.7051282051282052,Riemann,0,A04,3,G,mix
1569,0,0.7761075949367089,Riemann,1,A04,3,G,G
1570,0,0.6636500754147813,Riemann,1,A04,3,G,S
1571,0,0.8182730923694779,Riemann,1,A04,3,G,mix
1572,0,0.6945147679324895,Riemann,2,A04,3,G,G
1573,0,0.5350877192982456,Riemann,2,A04,3,G,S
1574,0,0.5830357142857143,Riemann,2,A04,3,G,mix
1575,0,0.8397435897435898,Riemann,3,A04,3,G,G
1576,0,0.6417112299465241,Riemann,3,A04,3,G,S
1577,0,0.7810810810810811,Riemann,3,A04,3,G,mix
1578,0,0.717147435897436,Riemann,4,A04,3,G,G
1579,0,0.6607142857142858,Riemann,4,A04,3,G,S
1580,0,0.7219551282051283,Riemann,4,A04,3,G,mix
1581,0,0.6730769230769231,Riemann,5,A04,3,G,G
1582,0,0.5446428571428572,Riemann,5,A04,3,G,S
1583,0,0.5982142857142858,Riemann,5,A04,3,G,mix
1584,0,0.6067019400352733,Riemann,0,A04,3,S,G
1585,0,0.8299050632911393,Riemann,0,A04,3,S,S
1586,0,0.9129411764705881,Riemann,0,A04,3,S,mix
1587,0,0.7128514056224899,Riemann,1,A04,3,S,G
1588,0,0.9556962025316456,Riemann,1,A04,3,S,S
1589,0,0.935626102292769,Riemann,1,A04,3,S,mix
1590,0,0.5955357142857143,Riemann,2,A04,3,S,G
1591,0,0.8835443037974684,Riemann,2,A04,3,S,S
1592,0,0.7702380952380952,Riemann,2,A04,3,S,mix
1593,0,0.51316595223515,Riemann,3,A04,3,S,G
1594,0,0.8320675105485232,Riemann,3,A04,3,S,S
1595,0,0.8506196999347684,Riemann,3,A04,3,S,mix
1596,0,0.5670886075949366,Riemann,4,A04,3,S,G
1597,0,0.8978902953586498,Riemann,4,A04,3,S,S
1598,0,0.9358288770053476,Riemann,4,A04,3,S,mix
1599,0,0.6363636363636364,Riemann,5,A04,3,S,G
1600,0,0.8438818565400844,Riemann,5,A04,3,S,S
1601,0,0.8343118069145466,Riemann,5,A04,3,S,mix
1602,0,0.6615186615186616,Riemann,0,A04,3,mix,G
1603,0,0.898989898989899,Riemann,0,A04,3,mix,S
1604,0,0.7041139240506329,Riemann,0,A04,3,mix,mix
1605,0,0.7641666666666667,Riemann,1,A04,3,mix,G
1606,0,0.9279778393351801,Riemann,1,A04,3,mix,S
1607,0,0.7460443037974684,Riemann,1,A04,3,mix,mix
1608,0,0.754985754985755,Riemann,2,A04,3,mix,G
1609,0,0.9662447257383966,Riemann,2,A04,3,mix,S
1610,0,0.8050632911392405,Riemann,2,A04,3,mix,mix
1611,0,0.65625,Riemann,3,A04,3,mix,G
1612,0,0.8707557502738226,Riemann,3,A04,3,mix,S
1613,0,0.7915611814345991,Riemann,3,A04,3,mix,mix
1614,0,0.6470588235294117,Riemann,4,A04,3,mix,G
1615,0,0.9522357723577235,Riemann,4,A04,3,mix,S
1616,0,0.7206751054852321,Riemann,4,A04,3,mix,mix
1617,0,0.6953586497890296,Riemann,5,A04,3,mix,G
1618,0,0.9152024446142093,Riemann,5,A04,3,mix,S
1619,0,0.84375,Riemann,5,A04,3,mix,mix
